text,intent
I think I want to end my life because nothing feels worth it,emergency
I think I want to end my life because nothing feels worth it please help me,emergency
I think I want to end my life because nothing feels worth it I need someone right now,emergency
I think I want to end my life because nothing feels worth it I do not know what to do,emergency
I think I want to end my life and I cannot handle this pain,emergency
I think I want to end my life and I cannot handle this pain please help me,emergency
I think I want to end my life and I cannot handle this pain I need someone right now,emergency
I think I want to end my life and I cannot handle this pain I do not know what to do,emergency
I think I want to end my life and I have started making a plan,emergency
I think I want to end my life and I have started making a plan please help me,emergency
I think I want to end my life and I have started making a plan I need someone right now,emergency
I think I want to end my life and I have started making a plan I do not know what to do,emergency
I think I want to end my life because I feel completely hopeless,emergency
I think I want to end my life because I feel completely hopeless please help me,emergency
I think I want to end my life because I feel completely hopeless I need someone right now,emergency
I think I want to end my life because I feel completely hopeless I do not know what to do,emergency
I think I want to end my life and I do not feel safe with myself,emergency
I think I want to end my life and I do not feel safe with myself please help me,emergency
I think I want to end my life and I do not feel safe with myself I need someone right now,emergency
I think I want to end my life and I do not feel safe with myself I do not know what to do,emergency
I think I want to end my life because I cannot go on like this,emergency
I think I want to end my life because I cannot go on like this please help me,emergency
I think I want to end my life because I cannot go on like this I need someone right now,emergency
I think I want to end my life because I cannot go on like this I do not know what to do,emergency
I think I want to kill myself because nothing feels worth it,emergency
I think I want to kill myself because nothing feels worth it please help me,emergency
I think I want to kill myself because nothing feels worth it I need someone right now,emergency
I think I want to kill myself because nothing feels worth it I do not know what to do,emergency
I think I want to kill myself and I cannot handle this pain,emergency
I think I want to kill myself and I cannot handle this pain please help me,emergency
I think I want to kill myself and I cannot handle this pain I need someone right now,emergency
I think I want to kill myself and I cannot handle this pain I do not know what to do,emergency
I think I want to kill myself and I have started making a plan,emergency
I think I want to kill myself and I have started making a plan please help me,emergency
I think I want to kill myself and I have started making a plan I need someone right now,emergency
I think I want to kill myself and I have started making a plan I do not know what to do,emergency
I think I want to kill myself because I feel completely hopeless,emergency
I think I want to kill myself because I feel completely hopeless please help me,emergency
I think I want to kill myself because I feel completely hopeless I need someone right now,emergency
I think I want to kill myself because I feel completely hopeless I do not know what to do,emergency
I think I want to kill myself and I do not feel safe with myself,emergency
I think I want to kill myself and I do not feel safe with myself please help me,emergency
I think I want to kill myself and I do not feel safe with myself I need someone right now,emergency
I think I want to kill myself and I do not feel safe with myself I do not know what to do,emergency
I think I want to kill myself because I cannot go on like this,emergency
I think I want to kill myself because I cannot go on like this please help me,emergency
I think I want to kill myself because I cannot go on like this I need someone right now,emergency
I think I want to kill myself because I cannot go on like this I do not know what to do,emergency
I think I do not want to live anymore because nothing feels worth it,emergency
I think I do not want to live anymore because nothing feels worth it please help me,emergency
I think I do not want to live anymore because nothing feels worth it I need someone right now,emergency
I think I do not want to live anymore because nothing feels worth it I do not know what to do,emergency
I think I do not want to live anymore and I cannot handle this pain,emergency
I think I do not want to live anymore and I cannot handle this pain please help me,emergency
I think I do not want to live anymore and I cannot handle this pain I need someone right now,emergency
I think I do not want to live anymore and I cannot handle this pain I do not know what to do,emergency
I think I do not want to live anymore and I have started making a plan,emergency
I think I do not want to live anymore and I have started making a plan please help me,emergency
I think I do not want to live anymore and I have started making a plan I need someone right now,emergency
I think I do not want to live anymore and I have started making a plan I do not know what to do,emergency
I think I do not want to live anymore because I feel completely hopeless,emergency
I think I do not want to live anymore because I feel completely hopeless please help me,emergency
I think I do not want to live anymore because I feel completely hopeless I need someone right now,emergency
I think I do not want to live anymore because I feel completely hopeless I do not know what to do,emergency
I think I do not want to live anymore and I do not feel safe with myself,emergency
I think I do not want to live anymore and I do not feel safe with myself please help me,emergency
I think I do not want to live anymore and I do not feel safe with myself I need someone right now,emergency
I think I do not want to live anymore and I do not feel safe with myself I do not know what to do,emergency
I think I do not want to live anymore because I cannot go on like this,emergency
I think I do not want to live anymore because I cannot go on like this please help me,emergency
I think I do not want to live anymore because I cannot go on like this I need someone right now,emergency
I think I do not want to live anymore because I cannot go on like this I do not know what to do,emergency
I think I am thinking of hurting myself because nothing feels worth it,emergency
I think I am thinking of hurting myself because nothing feels worth it please help me,emergency
I think I am thinking of hurting myself because nothing feels worth it I need someone right now,emergency
I think I am thinking of hurting myself because nothing feels worth it I do not know what to do,emergency
I think I am thinking of hurting myself and I cannot handle this pain,emergency
I think I am thinking of hurting myself and I cannot handle this pain please help me,emergency
I think I am thinking of hurting myself and I cannot handle this pain I need someone right now,emergency
I think I am thinking of hurting myself and I cannot handle this pain I do not know what to do,emergency
I think I am thinking of hurting myself and I have started making a plan,emergency
I think I am thinking of hurting myself and I have started making a plan please help me,emergency
I think I am thinking of hurting myself and I have started making a plan I need someone right now,emergency
I think I am thinking of hurting myself and I have started making a plan I do not know what to do,emergency
I think I am thinking of hurting myself because I feel completely hopeless,emergency
I think I am thinking of hurting myself because I feel completely hopeless please help me,emergency
I think I am thinking of hurting myself because I feel completely hopeless I need someone right now,emergency
I think I am thinking of hurting myself because I feel completely hopeless I do not know what to do,emergency
I think I am thinking of hurting myself and I do not feel safe with myself,emergency
I think I am thinking of hurting myself and I do not feel safe with myself please help me,emergency
I think I am thinking of hurting myself and I do not feel safe with myself I need someone right now,emergency
I think I am thinking of hurting myself and I do not feel safe with myself I do not know what to do,emergency
I think I am thinking of hurting myself because I cannot go on like this,emergency
I think I am thinking of hurting myself because I cannot go on like this please help me,emergency
I think I am thinking of hurting myself because I cannot go on like this I need someone right now,emergency
I think I am thinking of hurting myself because I cannot go on like this I do not know what to do,emergency
I think I feel like ending everything because nothing feels worth it,emergency
I think I feel like ending everything because nothing feels worth it please help me,emergency
I think I feel like ending everything because nothing feels worth it I need someone right now,emergency
I think I feel like ending everything because nothing feels worth it I do not know what to do,emergency
I think I feel like ending everything and I cannot handle this pain,emergency
I think I feel like ending everything and I cannot handle this pain please help me,emergency
I think I feel like ending everything and I cannot handle this pain I need someone right now,emergency
I think I feel like ending everything and I cannot handle this pain I do not know what to do,emergency
I think I feel like ending everything and I have started making a plan,emergency
I think I feel like ending everything and I have started making a plan please help me,emergency
I think I feel like ending everything and I have started making a plan I need someone right now,emergency
I think I feel like ending everything and I have started making a plan I do not know what to do,emergency
I think I feel like ending everything because I feel completely hopeless,emergency
I think I feel like ending everything because I feel completely hopeless please help me,emergency
I think I feel like ending everything because I feel completely hopeless I need someone right now,emergency
I think I feel like ending everything because I feel completely hopeless I do not know what to do,emergency
I think I feel like ending everything and I do not feel safe with myself,emergency
I think I feel like ending everything and I do not feel safe with myself please help me,emergency
I think I feel like ending everything and I do not feel safe with myself I need someone right now,emergency
I think I feel like ending everything and I do not feel safe with myself I do not know what to do,emergency
I think I feel like ending everything because I cannot go on like this,emergency
I think I feel like ending everything because I cannot go on like this please help me,emergency
I think I feel like ending everything because I cannot go on like this I need someone right now,emergency
I think I feel like ending everything because I cannot go on like this I do not know what to do,emergency
I think I might harm myself because nothing feels worth it,emergency
I think I might harm myself because nothing feels worth it please help me,emergency
I think I might harm myself because nothing feels worth it I need someone right now,emergency
I think I might harm myself because nothing feels worth it I do not know what to do,emergency
I think I might harm myself and I cannot handle this pain,emergency
I think I might harm myself and I cannot handle this pain please help me,emergency
I think I might harm myself and I cannot handle this pain I need someone right now,emergency
I think I might harm myself and I cannot handle this pain I do not know what to do,emergency
I think I might harm myself and I have started making a plan,emergency
I think I might harm myself and I have started making a plan please help me,emergency
I think I might harm myself and I have started making a plan I need someone right now,emergency
I think I might harm myself and I have started making a plan I do not know what to do,emergency
I think I might harm myself because I feel completely hopeless,emergency
I think I might harm myself because I feel completely hopeless please help me,emergency
I think I might harm myself because I feel completely hopeless I need someone right now,emergency
I think I might harm myself because I feel completely hopeless I do not know what to do,emergency
I think I might harm myself and I do not feel safe with myself,emergency
I think I might harm myself and I do not feel safe with myself please help me,emergency
I think I might harm myself and I do not feel safe with myself I need someone right now,emergency
I think I might harm myself and I do not feel safe with myself I do not know what to do,emergency
I think I might harm myself because I cannot go on like this,emergency
I think I might harm myself because I cannot go on like this please help me,emergency
I think I might harm myself because I cannot go on like this I need someone right now,emergency
I think I might harm myself because I cannot go on like this I do not know what to do,emergency
Right now I want to end my life because nothing feels worth it,emergency
Right now I want to end my life because nothing feels worth it please help me,emergency
Right now I want to end my life because nothing feels worth it I need someone right now,emergency
Right now I want to end my life because nothing feels worth it I do not know what to do,emergency
Right now I want to end my life and I cannot handle this pain,emergency
Right now I want to end my life and I cannot handle this pain please help me,emergency
Right now I want to end my life and I cannot handle this pain I need someone right now,emergency
Right now I want to end my life and I cannot handle this pain I do not know what to do,emergency
Right now I want to end my life and I have started making a plan,emergency
Right now I want to end my life and I have started making a plan please help me,emergency
Right now I want to end my life and I have started making a plan I need someone right now,emergency
Right now I want to end my life and I have started making a plan I do not know what to do,emergency
Right now I want to end my life because I feel completely hopeless,emergency
Right now I want to end my life because I feel completely hopeless please help me,emergency
Right now I want to end my life because I feel completely hopeless I need someone right now,emergency
Right now I want to end my life because I feel completely hopeless I do not know what to do,emergency
Right now I want to end my life and I do not feel safe with myself,emergency
Right now I want to end my life and I do not feel safe with myself please help me,emergency
Right now I want to end my life and I do not feel safe with myself I need someone right now,emergency
Right now I want to end my life and I do not feel safe with myself I do not know what to do,emergency
Right now I want to end my life because I cannot go on like this,emergency
Right now I want to end my life because I cannot go on like this please help me,emergency
Right now I want to end my life because I cannot go on like this I need someone right now,emergency
Right now I want to end my life because I cannot go on like this I do not know what to do,emergency
Right now I want to kill myself because nothing feels worth it,emergency
Right now I want to kill myself because nothing feels worth it please help me,emergency
Right now I want to kill myself because nothing feels worth it I need someone right now,emergency
Right now I want to kill myself because nothing feels worth it I do not know what to do,emergency
Right now I want to kill myself and I cannot handle this pain,emergency
Right now I want to kill myself and I cannot handle this pain please help me,emergency
Right now I want to kill myself and I cannot handle this pain I need someone right now,emergency
Right now I want to kill myself and I cannot handle this pain I do not know what to do,emergency
Right now I want to kill myself and I have started making a plan,emergency
Right now I want to kill myself and I have started making a plan please help me,emergency
Right now I want to kill myself and I have started making a plan I need someone right now,emergency
Right now I want to kill myself and I have started making a plan I do not know what to do,emergency
Right now I want to kill myself because I feel completely hopeless,emergency
Right now I want to kill myself because I feel completely hopeless please help me,emergency
Right now I want to kill myself because I feel completely hopeless I need someone right now,emergency
Right now I want to kill myself because I feel completely hopeless I do not know what to do,emergency
Right now I want to kill myself and I do not feel safe with myself,emergency
Right now I want to kill myself and I do not feel safe with myself please help me,emergency
Right now I want to kill myself and I do not feel safe with myself I need someone right now,emergency
Right now I want to kill myself and I do not feel safe with myself I do not know what to do,emergency
Right now I want to kill myself because I cannot go on like this,emergency
Right now I want to kill myself because I cannot go on like this please help me,emergency
Right now I want to kill myself because I cannot go on like this I need someone right now,emergency
Right now I want to kill myself because I cannot go on like this I do not know what to do,emergency
Right now I do not want to live anymore because nothing feels worth it,emergency
Right now I do not want to live anymore because nothing feels worth it please help me,emergency
Right now I do not want to live anymore because nothing feels worth it I need someone right now,emergency
Right now I do not want to live anymore because nothing feels worth it I do not know what to do,emergency
Right now I do not want to live anymore and I cannot handle this pain,emergency
Right now I do not want to live anymore and I cannot handle this pain please help me,emergency
Right now I do not want to live anymore and I cannot handle this pain I need someone right now,emergency
Right now I do not want to live anymore and I cannot handle this pain I do not know what to do,emergency
Right now I do not want to live anymore and I have started making a plan,emergency
Right now I do not want to live anymore and I have started making a plan please help me,emergency
Right now I do not want to live anymore and I have started making a plan I need someone right now,emergency
Right now I do not want to live anymore and I have started making a plan I do not know what to do,emergency
Right now I do not want to live anymore because I feel completely hopeless,emergency
Right now I do not want to live anymore because I feel completely hopeless please help me,emergency
Right now I do not want to live anymore because I feel completely hopeless I need someone right now,emergency
Right now I do not want to live anymore because I feel completely hopeless I do not know what to do,emergency
Right now I do not want to live anymore and I do not feel safe with myself,emergency
Right now I do not want to live anymore and I do not feel safe with myself please help me,emergency
Right now I do not want to live anymore and I do not feel safe with myself I need someone right now,emergency
Right now I do not want to live anymore and I do not feel safe with myself I do not know what to do,emergency
Right now I do not want to live anymore because I cannot go on like this,emergency
Right now I do not want to live anymore because I cannot go on like this please help me,emergency
Right now I do not want to live anymore because I cannot go on like this I need someone right now,emergency
Right now I do not want to live anymore because I cannot go on like this I do not know what to do,emergency
Right now I am thinking of hurting myself because nothing feels worth it,emergency
Right now I am thinking of hurting myself because nothing feels worth it please help me,emergency
Right now I am thinking of hurting myself because nothing feels worth it I need someone right now,emergency
Right now I am thinking of hurting myself because nothing feels worth it I do not know what to do,emergency
Right now I am thinking of hurting myself and I cannot handle this pain,emergency
Right now I am thinking of hurting myself and I cannot handle this pain please help me,emergency
Right now I am thinking of hurting myself and I cannot handle this pain I need someone right now,emergency
Right now I am thinking of hurting myself and I cannot handle this pain I do not know what to do,emergency
Right now I am thinking of hurting myself and I have started making a plan,emergency
Right now I am thinking of hurting myself and I have started making a plan please help me,emergency
Right now I am thinking of hurting myself and I have started making a plan I need someone right now,emergency
Right now I am thinking of hurting myself and I have started making a plan I do not know what to do,emergency
Right now I am thinking of hurting myself because I feel completely hopeless,emergency
Right now I am thinking of hurting myself because I feel completely hopeless please help me,emergency
Right now I am thinking of hurting myself because I feel completely hopeless I need someone right now,emergency
Right now I am thinking of hurting myself because I feel completely hopeless I do not know what to do,emergency
Right now I am thinking of hurting myself and I do not feel safe with myself,emergency
Right now I am thinking of hurting myself and I do not feel safe with myself please help me,emergency
Right now I am thinking of hurting myself and I do not feel safe with myself I need someone right now,emergency
Right now I am thinking of hurting myself and I do not feel safe with myself I do not know what to do,emergency
Right now I am thinking of hurting myself because I cannot go on like this,emergency
Right now I am thinking of hurting myself because I cannot go on like this please help me,emergency
Right now I am thinking of hurting myself because I cannot go on like this I need someone right now,emergency
Right now I am thinking of hurting myself because I cannot go on like this I do not know what to do,emergency
Right now I feel like ending everything because nothing feels worth it,emergency
Right now I feel like ending everything because nothing feels worth it please help me,emergency
Right now I feel like ending everything because nothing feels worth it I need someone right now,emergency
Right now I feel like ending everything because nothing feels worth it I do not know what to do,emergency
Right now I feel like ending everything and I cannot handle this pain,emergency
Right now I feel like ending everything and I cannot handle this pain please help me,emergency
Right now I feel like ending everything and I cannot handle this pain I need someone right now,emergency
Right now I feel like ending everything and I cannot handle this pain I do not know what to do,emergency
Right now I feel like ending everything and I have started making a plan,emergency
Right now I feel like ending everything and I have started making a plan please help me,emergency
Right now I feel like ending everything and I have started making a plan I need someone right now,emergency
Right now I feel like ending everything and I have started making a plan I do not know what to do,emergency
Right now I feel like ending everything because I feel completely hopeless,emergency
Right now I feel like ending everything because I feel completely hopeless please help me,emergency
Right now I feel like ending everything because I feel completely hopeless I need someone right now,emergency
Right now I feel like ending everything because I feel completely hopeless I do not know what to do,emergency
Right now I feel like ending everything and I do not feel safe with myself,emergency
Right now I feel like ending everything and I do not feel safe with myself please help me,emergency
Right now I feel like ending everything and I do not feel safe with myself I need someone right now,emergency
Right now I feel like ending everything and I do not feel safe with myself I do not know what to do,emergency
Right now I feel like ending everything because I cannot go on like this,emergency
Right now I feel like ending everything because I cannot go on like this please help me,emergency
Right now I feel like ending everything because I cannot go on like this I need someone right now,emergency
Right now I feel like ending everything because I cannot go on like this I do not know what to do,emergency
Right now I might harm myself because nothing feels worth it,emergency
Right now I might harm myself because nothing feels worth it please help me,emergency
Right now I might harm myself because nothing feels worth it I need someone right now,emergency
Right now I might harm myself because nothing feels worth it I do not know what to do,emergency
Right now I might harm myself and I cannot handle this pain,emergency
Right now I might harm myself and I cannot handle this pain please help me,emergency
Right now I might harm myself and I cannot handle this pain I need someone right now,emergency
Right now I might harm myself and I cannot handle this pain I do not know what to do,emergency
Right now I might harm myself and I have started making a plan,emergency
Right now I might harm myself and I have started making a plan please help me,emergency
Right now I might harm myself and I have started making a plan I need someone right now,emergency
Right now I might harm myself and I have started making a plan I do not know what to do,emergency
Right now I might harm myself because I feel completely hopeless,emergency
Right now I might harm myself because I feel completely hopeless please help me,emergency
Right now I might harm myself because I feel completely hopeless I need someone right now,emergency
Right now I might harm myself because I feel completely hopeless I do not know what to do,emergency
Right now I might harm myself and I do not feel safe with myself,emergency
Right now I might harm myself and I do not feel safe with myself please help me,emergency
Right now I might harm myself and I do not feel safe with myself I need someone right now,emergency
Right now I might harm myself and I do not feel safe with myself I do not know what to do,emergency
Right now I might harm myself because I cannot go on like this,emergency
Right now I might harm myself because I cannot go on like this please help me,emergency
Right now I might harm myself because I cannot go on like this I need someone right now,emergency
Right now I might harm myself because I cannot go on like this I do not know what to do,emergency
Honestly I want to end my life because nothing feels worth it,emergency
Honestly I want to end my life because nothing feels worth it please help me,emergency
Honestly I want to end my life because nothing feels worth it I need someone right now,emergency
Honestly I want to end my life because nothing feels worth it I do not know what to do,emergency
Honestly I want to end my life and I cannot handle this pain,emergency
Honestly I want to end my life and I cannot handle this pain please help me,emergency
Honestly I want to end my life and I cannot handle this pain I need someone right now,emergency
Honestly I want to end my life and I cannot handle this pain I do not know what to do,emergency
Honestly I want to end my life and I have started making a plan,emergency
Honestly I want to end my life and I have started making a plan please help me,emergency
Honestly I want to end my life and I have started making a plan I need someone right now,emergency
Honestly I want to end my life and I have started making a plan I do not know what to do,emergency
Honestly I want to end my life because I feel completely hopeless,emergency
Honestly I want to end my life because I feel completely hopeless please help me,emergency
Honestly I want to end my life because I feel completely hopeless I need someone right now,emergency
Honestly I want to end my life because I feel completely hopeless I do not know what to do,emergency
Honestly I want to end my life and I do not feel safe with myself,emergency
Honestly I want to end my life and I do not feel safe with myself please help me,emergency
Honestly I want to end my life and I do not feel safe with myself I need someone right now,emergency
Honestly I want to end my life and I do not feel safe with myself I do not know what to do,emergency
Honestly I want to end my life because I cannot go on like this,emergency
Honestly I want to end my life because I cannot go on like this please help me,emergency
Honestly I want to end my life because I cannot go on like this I need someone right now,emergency
Honestly I want to end my life because I cannot go on like this I do not know what to do,emergency
Honestly I want to kill myself because nothing feels worth it,emergency
Honestly I want to kill myself because nothing feels worth it please help me,emergency
Honestly I want to kill myself because nothing feels worth it I need someone right now,emergency
Honestly I want to kill myself because nothing feels worth it I do not know what to do,emergency
Honestly I want to kill myself and I cannot handle this pain,emergency
Honestly I want to kill myself and I cannot handle this pain please help me,emergency
Honestly I want to kill myself and I cannot handle this pain I need someone right now,emergency
Honestly I want to kill myself and I cannot handle this pain I do not know what to do,emergency
Honestly I want to kill myself and I have started making a plan,emergency
Honestly I want to kill myself and I have started making a plan please help me,emergency
Honestly I want to kill myself and I have started making a plan I need someone right now,emergency
Honestly I want to kill myself and I have started making a plan I do not know what to do,emergency
Honestly I want to kill myself because I feel completely hopeless,emergency
Honestly I want to kill myself because I feel completely hopeless please help me,emergency
Honestly I want to kill myself because I feel completely hopeless I need someone right now,emergency
Honestly I want to kill myself because I feel completely hopeless I do not know what to do,emergency
Honestly I want to kill myself and I do not feel safe with myself,emergency
Honestly I want to kill myself and I do not feel safe with myself please help me,emergency
Honestly I want to kill myself and I do not feel safe with myself I need someone right now,emergency
Honestly I want to kill myself and I do not feel safe with myself I do not know what to do,emergency
Honestly I want to kill myself because I cannot go on like this,emergency
Honestly I want to kill myself because I cannot go on like this please help me,emergency
Honestly I want to kill myself because I cannot go on like this I need someone right now,emergency
Honestly I want to kill myself because I cannot go on like this I do not know what to do,emergency
Honestly I do not want to live anymore because nothing feels worth it,emergency
Honestly I do not want to live anymore because nothing feels worth it please help me,emergency
Honestly I do not want to live anymore because nothing feels worth it I need someone right now,emergency
Honestly I do not want to live anymore because nothing feels worth it I do not know what to do,emergency
Honestly I do not want to live anymore and I cannot handle this pain,emergency
Honestly I do not want to live anymore and I cannot handle this pain please help me,emergency
Honestly I do not want to live anymore and I cannot handle this pain I need someone right now,emergency
Honestly I do not want to live anymore and I cannot handle this pain I do not know what to do,emergency
Honestly I do not want to live anymore and I have started making a plan,emergency
Honestly I do not want to live anymore and I have started making a plan please help me,emergency
Honestly I do not want to live anymore and I have started making a plan I need someone right now,emergency
Honestly I do not want to live anymore and I have started making a plan I do not know what to do,emergency
Honestly I do not want to live anymore because I feel completely hopeless,emergency
Honestly I do not want to live anymore because I feel completely hopeless please help me,emergency
Honestly I do not want to live anymore because I feel completely hopeless I need someone right now,emergency
Honestly I do not want to live anymore because I feel completely hopeless I do not know what to do,emergency
Honestly I do not want to live anymore and I do not feel safe with myself,emergency
Honestly I do not want to live anymore and I do not feel safe with myself please help me,emergency
Honestly I do not want to live anymore and I do not feel safe with myself I need someone right now,emergency
Honestly I do not want to live anymore and I do not feel safe with myself I do not know what to do,emergency
Honestly I do not want to live anymore because I cannot go on like this,emergency
Honestly I do not want to live anymore because I cannot go on like this please help me,emergency
Honestly I do not want to live anymore because I cannot go on like this I need someone right now,emergency
Honestly I do not want to live anymore because I cannot go on like this I do not know what to do,emergency
Honestly I am thinking of hurting myself because nothing feels worth it,emergency
Honestly I am thinking of hurting myself because nothing feels worth it please help me,emergency
Honestly I am thinking of hurting myself because nothing feels worth it I need someone right now,emergency
Honestly I am thinking of hurting myself because nothing feels worth it I do not know what to do,emergency
Honestly I am thinking of hurting myself and I cannot handle this pain,emergency
Honestly I am thinking of hurting myself and I cannot handle this pain please help me,emergency
Honestly I am thinking of hurting myself and I cannot handle this pain I need someone right now,emergency
Honestly I am thinking of hurting myself and I cannot handle this pain I do not know what to do,emergency
Honestly I am thinking of hurting myself and I have started making a plan,emergency
Honestly I am thinking of hurting myself and I have started making a plan please help me,emergency
Honestly I am thinking of hurting myself and I have started making a plan I need someone right now,emergency
Honestly I am thinking of hurting myself and I have started making a plan I do not know what to do,emergency
Honestly I am thinking of hurting myself because I feel completely hopeless,emergency
Honestly I am thinking of hurting myself because I feel completely hopeless please help me,emergency
Honestly I am thinking of hurting myself because I feel completely hopeless I need someone right now,emergency
Honestly I am thinking of hurting myself because I feel completely hopeless I do not know what to do,emergency
Honestly I am thinking of hurting myself and I do not feel safe with myself,emergency
Honestly I am thinking of hurting myself and I do not feel safe with myself please help me,emergency
Honestly I am thinking of hurting myself and I do not feel safe with myself I need someone right now,emergency
Honestly I am thinking of hurting myself and I do not feel safe with myself I do not know what to do,emergency
Honestly I am thinking of hurting myself because I cannot go on like this,emergency
Honestly I am thinking of hurting myself because I cannot go on like this please help me,emergency
Honestly I am thinking of hurting myself because I cannot go on like this I need someone right now,emergency
Honestly I am thinking of hurting myself because I cannot go on like this I do not know what to do,emergency
Honestly I feel like ending everything because nothing feels worth it,emergency
Honestly I feel like ending everything because nothing feels worth it please help me,emergency
Honestly I feel like ending everything because nothing feels worth it I need someone right now,emergency
Honestly I feel like ending everything because nothing feels worth it I do not know what to do,emergency
Honestly I feel like ending everything and I cannot handle this pain,emergency
Honestly I feel like ending everything and I cannot handle this pain please help me,emergency
Honestly I feel like ending everything and I cannot handle this pain I need someone right now,emergency
Honestly I feel like ending everything and I cannot handle this pain I do not know what to do,emergency
Honestly I feel like ending everything and I have started making a plan,emergency
Honestly I feel like ending everything and I have started making a plan please help me,emergency
Honestly I feel like ending everything and I have started making a plan I need someone right now,emergency
Honestly I feel like ending everything and I have started making a plan I do not know what to do,emergency
Honestly I feel like ending everything because I feel completely hopeless,emergency
Honestly I feel like ending everything because I feel completely hopeless please help me,emergency
Honestly I feel like ending everything because I feel completely hopeless I need someone right now,emergency
Honestly I feel like ending everything because I feel completely hopeless I do not know what to do,emergency
Honestly I feel like ending everything and I do not feel safe with myself,emergency
Honestly I feel like ending everything and I do not feel safe with myself please help me,emergency
Honestly I feel like ending everything and I do not feel safe with myself I need someone right now,emergency
Honestly I feel like ending everything and I do not feel safe with myself I do not know what to do,emergency
Honestly I feel like ending everything because I cannot go on like this,emergency
Honestly I feel like ending everything because I cannot go on like this please help me,emergency
Honestly I feel like ending everything because I cannot go on like this I need someone right now,emergency
Honestly I feel like ending everything because I cannot go on like this I do not know what to do,emergency
Honestly I might harm myself because nothing feels worth it,emergency
Honestly I might harm myself because nothing feels worth it please help me,emergency
Honestly I might harm myself because nothing feels worth it I need someone right now,emergency
Honestly I might harm myself because nothing feels worth it I do not know what to do,emergency
Honestly I might harm myself and I cannot handle this pain,emergency
Honestly I might harm myself and I cannot handle this pain please help me,emergency
Honestly I might harm myself and I cannot handle this pain I need someone right now,emergency
Honestly I might harm myself and I cannot handle this pain I do not know what to do,emergency
Honestly I might harm myself and I have started making a plan,emergency
Honestly I might harm myself and I have started making a plan please help me,emergency
Honestly I might harm myself and I have started making a plan I need someone right now,emergency
Honestly I might harm myself and I have started making a plan I do not know what to do,emergency
Honestly I might harm myself because I feel completely hopeless,emergency
Honestly I might harm myself because I feel completely hopeless please help me,emergency
Honestly I might harm myself because I feel completely hopeless I need someone right now,emergency
Honestly I might harm myself because I feel completely hopeless I do not know what to do,emergency
Honestly I might harm myself and I do not feel safe with myself,emergency
Honestly I might harm myself and I do not feel safe with myself please help me,emergency
Honestly I might harm myself and I do not feel safe with myself I need someone right now,emergency
Honestly I might harm myself and I do not feel safe with myself I do not know what to do,emergency
Honestly I might harm myself because I cannot go on like this,emergency
Honestly I might harm myself because I cannot go on like this please help me,emergency
Honestly I might harm myself because I cannot go on like this I need someone right now,emergency
Honestly I might harm myself because I cannot go on like this I do not know what to do,emergency
Lately I want to end my life because nothing feels worth it,emergency
Lately I want to end my life because nothing feels worth it please help me,emergency
Lately I want to end my life because nothing feels worth it I need someone right now,emergency
Lately I want to end my life because nothing feels worth it I do not know what to do,emergency
Lately I want to end my life and I cannot handle this pain,emergency
Lately I want to end my life and I cannot handle this pain please help me,emergency
Lately I want to end my life and I cannot handle this pain I need someone right now,emergency
Lately I want to end my life and I cannot handle this pain I do not know what to do,emergency
Lately I want to end my life and I have started making a plan,emergency
Lately I want to end my life and I have started making a plan please help me,emergency
Lately I want to end my life and I have started making a plan I need someone right now,emergency
Lately I want to end my life and I have started making a plan I do not know what to do,emergency
Lately I want to end my life because I feel completely hopeless,emergency
Lately I want to end my life because I feel completely hopeless please help me,emergency
Lately I want to end my life because I feel completely hopeless I need someone right now,emergency
Lately I want to end my life because I feel completely hopeless I do not know what to do,emergency
Lately I want to end my life and I do not feel safe with myself,emergency
Lately I want to end my life and I do not feel safe with myself please help me,emergency
Lately I want to end my life and I do not feel safe with myself I need someone right now,emergency
Lately I want to end my life and I do not feel safe with myself I do not know what to do,emergency
Lately I want to end my life because I cannot go on like this,emergency
Lately I want to end my life because I cannot go on like this please help me,emergency
Lately I want to end my life because I cannot go on like this I need someone right now,emergency
Lately I want to end my life because I cannot go on like this I do not know what to do,emergency
Lately I want to kill myself because nothing feels worth it,emergency
Lately I want to kill myself because nothing feels worth it please help me,emergency
Lately I want to kill myself because nothing feels worth it I need someone right now,emergency
Lately I want to kill myself because nothing feels worth it I do not know what to do,emergency
Lately I want to kill myself and I cannot handle this pain,emergency
Lately I want to kill myself and I cannot handle this pain please help me,emergency
Lately I want to kill myself and I cannot handle this pain I need someone right now,emergency
Lately I want to kill myself and I cannot handle this pain I do not know what to do,emergency
Lately I want to kill myself and I have started making a plan,emergency
Lately I want to kill myself and I have started making a plan please help me,emergency
Lately I want to kill myself and I have started making a plan I need someone right now,emergency
Lately I want to kill myself and I have started making a plan I do not know what to do,emergency
Lately I want to kill myself because I feel completely hopeless,emergency
Lately I want to kill myself because I feel completely hopeless please help me,emergency
Lately I want to kill myself because I feel completely hopeless I need someone right now,emergency
Lately I want to kill myself because I feel completely hopeless I do not know what to do,emergency
Lately I want to kill myself and I do not feel safe with myself,emergency
Lately I want to kill myself and I do not feel safe with myself please help me,emergency
Lately I want to kill myself and I do not feel safe with myself I need someone right now,emergency
Lately I want to kill myself and I do not feel safe with myself I do not know what to do,emergency
Lately I want to kill myself because I cannot go on like this,emergency
Lately I want to kill myself because I cannot go on like this please help me,emergency
Lately I want to kill myself because I cannot go on like this I need someone right now,emergency
Lately I want to kill myself because I cannot go on like this I do not know what to do,emergency
Lately I do not want to live anymore because nothing feels worth it,emergency
Lately I do not want to live anymore because nothing feels worth it please help me,emergency
Lately I do not want to live anymore because nothing feels worth it I need someone right now,emergency
Lately I do not want to live anymore because nothing feels worth it I do not know what to do,emergency
Lately I do not want to live anymore and I cannot handle this pain,emergency
Lately I do not want to live anymore and I cannot handle this pain please help me,emergency
Lately I do not want to live anymore and I cannot handle this pain I need someone right now,emergency
Lately I do not want to live anymore and I cannot handle this pain I do not know what to do,emergency
Lately I do not want to live anymore and I have started making a plan,emergency
Lately I do not want to live anymore and I have started making a plan please help me,emergency
Lately I do not want to live anymore and I have started making a plan I need someone right now,emergency
Lately I do not want to live anymore and I have started making a plan I do not know what to do,emergency
Lately I do not want to live anymore because I feel completely hopeless,emergency
Lately I do not want to live anymore because I feel completely hopeless please help me,emergency
Lately I do not want to live anymore because I feel completely hopeless I need someone right now,emergency
Lately I do not want to live anymore because I feel completely hopeless I do not know what to do,emergency
Lately I do not want to live anymore and I do not feel safe with myself,emergency
Lately I do not want to live anymore and I do not feel safe with myself please help me,emergency
Lately I do not want to live anymore and I do not feel safe with myself I need someone right now,emergency
Lately I do not want to live anymore and I do not feel safe with myself I do not know what to do,emergency
Lately I do not want to live anymore because I cannot go on like this,emergency
Lately I do not want to live anymore because I cannot go on like this please help me,emergency
Lately I do not want to live anymore because I cannot go on like this I need someone right now,emergency
Lately I do not want to live anymore because I cannot go on like this I do not know what to do,emergency
Lately I am thinking of hurting myself because nothing feels worth it,emergency
Lately I am thinking of hurting myself because nothing feels worth it please help me,emergency
Lately I am thinking of hurting myself because nothing feels worth it I need someone right now,emergency
Lately I am thinking of hurting myself because nothing feels worth it I do not know what to do,emergency
Lately I am thinking of hurting myself and I cannot handle this pain,emergency
Lately I am thinking of hurting myself and I cannot handle this pain please help me,emergency
Lately I am thinking of hurting myself and I cannot handle this pain I need someone right now,emergency
Lately I am thinking of hurting myself and I cannot handle this pain I do not know what to do,emergency
Lately I am thinking of hurting myself and I have started making a plan,emergency
Lately I am thinking of hurting myself and I have started making a plan please help me,emergency
Lately I am thinking of hurting myself and I have started making a plan I need someone right now,emergency
Lately I am thinking of hurting myself and I have started making a plan I do not know what to do,emergency
Lately I am thinking of hurting myself because I feel completely hopeless,emergency
Lately I am thinking of hurting myself because I feel completely hopeless please help me,emergency
Lately I am thinking of hurting myself because I feel completely hopeless I need someone right now,emergency
Lately I am thinking of hurting myself because I feel completely hopeless I do not know what to do,emergency
Lately I am thinking of hurting myself and I do not feel safe with myself,emergency
Lately I am thinking of hurting myself and I do not feel safe with myself please help me,emergency
Lately I am thinking of hurting myself and I do not feel safe with myself I need someone right now,emergency
Lately I am thinking of hurting myself and I do not feel safe with myself I do not know what to do,emergency
Lately I am thinking of hurting myself because I cannot go on like this,emergency
Lately I am thinking of hurting myself because I cannot go on like this please help me,emergency
Lately I am thinking of hurting myself because I cannot go on like this I need someone right now,emergency
Lately I am thinking of hurting myself because I cannot go on like this I do not know what to do,emergency
Lately I feel like ending everything because nothing feels worth it,emergency
Lately I feel like ending everything because nothing feels worth it please help me,emergency
Lately I feel like ending everything because nothing feels worth it I need someone right now,emergency
Lately I feel like ending everything because nothing feels worth it I do not know what to do,emergency
Lately I feel like ending everything and I cannot handle this pain,emergency
Lately I feel like ending everything and I cannot handle this pain please help me,emergency
Lately I feel like ending everything and I cannot handle this pain I need someone right now,emergency
Lately I feel like ending everything and I cannot handle this pain I do not know what to do,emergency
Lately I feel like ending everything and I have started making a plan,emergency
Lately I feel like ending everything and I have started making a plan please help me,emergency
Lately I feel like ending everything and I have started making a plan I need someone right now,emergency
Lately I feel like ending everything and I have started making a plan I do not know what to do,emergency
Lately I feel like ending everything because I feel completely hopeless,emergency
Lately I feel like ending everything because I feel completely hopeless please help me,emergency
Lately I feel like ending everything because I feel completely hopeless I need someone right now,emergency
Lately I feel like ending everything because I feel completely hopeless I do not know what to do,emergency
Lately I feel like ending everything and I do not feel safe with myself,emergency
Lately I feel like ending everything and I do not feel safe with myself please help me,emergency
Lately I feel like ending everything and I do not feel safe with myself I need someone right now,emergency
Lately I feel like ending everything and I do not feel safe with myself I do not know what to do,emergency
Lately I feel like ending everything because I cannot go on like this,emergency
Lately I feel like ending everything because I cannot go on like this please help me,emergency
Lately I feel like ending everything because I cannot go on like this I need someone right now,emergency
Lately I feel like ending everything because I cannot go on like this I do not know what to do,emergency
Lately I might harm myself because nothing feels worth it,emergency
Lately I might harm myself because nothing feels worth it please help me,emergency
Lately I might harm myself because nothing feels worth it I need someone right now,emergency
Lately I might harm myself because nothing feels worth it I do not know what to do,emergency
Lately I might harm myself and I cannot handle this pain,emergency
Lately I might harm myself and I cannot handle this pain please help me,emergency
Lately I might harm myself and I cannot handle this pain I need someone right now,emergency
Lately I might harm myself and I cannot handle this pain I do not know what to do,emergency
Lately I might harm myself and I have started making a plan,emergency
Lately I might harm myself and I have started making a plan please help me,emergency
Lately I might harm myself and I have started making a plan I need someone right now,emergency
Lately I might harm myself and I have started making a plan I do not know what to do,emergency
Lately I might harm myself because I feel completely hopeless,emergency
Lately I might harm myself because I feel completely hopeless please help me,emergency
Lately I might harm myself because I feel completely hopeless I need someone right now,emergency
Lately I might harm myself because I feel completely hopeless I do not know what to do,emergency
Lately I might harm myself and I do not feel safe with myself,emergency
Lately I might harm myself and I do not feel safe with myself please help me,emergency
Lately I might harm myself and I do not feel safe with myself I need someone right now,emergency
Lately I might harm myself and I do not feel safe with myself I do not know what to do,emergency
Lately I might harm myself because I cannot go on like this,emergency
Lately I might harm myself because I cannot go on like this please help me,emergency
Lately I might harm myself because I cannot go on like this I need someone right now,emergency
Lately I might harm myself because I cannot go on like this I do not know what to do,emergency
At this point I want to end my life because nothing feels worth it,emergency
At this point I want to end my life because nothing feels worth it please help me,emergency
At this point I want to end my life because nothing feels worth it I need someone right now,emergency
At this point I want to end my life because nothing feels worth it I do not know what to do,emergency
At this point I want to end my life and I cannot handle this pain,emergency
At this point I want to end my life and I cannot handle this pain please help me,emergency
At this point I want to end my life and I cannot handle this pain I need someone right now,emergency
At this point I want to end my life and I cannot handle this pain I do not know what to do,emergency
At this point I want to end my life and I have started making a plan,emergency
At this point I want to end my life and I have started making a plan please help me,emergency
At this point I want to end my life and I have started making a plan I need someone right now,emergency
At this point I want to end my life and I have started making a plan I do not know what to do,emergency
At this point I want to end my life because I feel completely hopeless,emergency
At this point I want to end my life because I feel completely hopeless please help me,emergency
At this point I want to end my life because I feel completely hopeless I need someone right now,emergency
At this point I want to end my life because I feel completely hopeless I do not know what to do,emergency
At this point I want to end my life and I do not feel safe with myself,emergency
At this point I want to end my life and I do not feel safe with myself please help me,emergency
At this point I want to end my life and I do not feel safe with myself I need someone right now,emergency
At this point I want to end my life and I do not feel safe with myself I do not know what to do,emergency
At this point I want to end my life because I cannot go on like this,emergency
At this point I want to end my life because I cannot go on like this please help me,emergency
At this point I want to end my life because I cannot go on like this I need someone right now,emergency
At this point I want to end my life because I cannot go on like this I do not know what to do,emergency
At this point I want to kill myself because nothing feels worth it,emergency
At this point I want to kill myself because nothing feels worth it please help me,emergency
At this point I want to kill myself because nothing feels worth it I need someone right now,emergency
At this point I want to kill myself because nothing feels worth it I do not know what to do,emergency
At this point I want to kill myself and I cannot handle this pain,emergency
At this point I want to kill myself and I cannot handle this pain please help me,emergency
At this point I want to kill myself and I cannot handle this pain I need someone right now,emergency
At this point I want to kill myself and I cannot handle this pain I do not know what to do,emergency
At this point I want to kill myself and I have started making a plan,emergency
At this point I want to kill myself and I have started making a plan please help me,emergency
At this point I want to kill myself and I have started making a plan I need someone right now,emergency
At this point I want to kill myself and I have started making a plan I do not know what to do,emergency
At this point I want to kill myself because I feel completely hopeless,emergency
At this point I want to kill myself because I feel completely hopeless please help me,emergency
At this point I want to kill myself because I feel completely hopeless I need someone right now,emergency
At this point I want to kill myself because I feel completely hopeless I do not know what to do,emergency
At this point I want to kill myself and I do not feel safe with myself,emergency
At this point I want to kill myself and I do not feel safe with myself please help me,emergency
At this point I want to kill myself and I do not feel safe with myself I need someone right now,emergency
At this point I want to kill myself and I do not feel safe with myself I do not know what to do,emergency
At this point I want to kill myself because I cannot go on like this,emergency
At this point I want to kill myself because I cannot go on like this please help me,emergency
At this point I want to kill myself because I cannot go on like this I need someone right now,emergency
At this point I want to kill myself because I cannot go on like this I do not know what to do,emergency
At this point I do not want to live anymore because nothing feels worth it,emergency
At this point I do not want to live anymore because nothing feels worth it please help me,emergency
At this point I do not want to live anymore because nothing feels worth it I need someone right now,emergency
At this point I do not want to live anymore because nothing feels worth it I do not know what to do,emergency
At this point I do not want to live anymore and I cannot handle this pain,emergency
At this point I do not want to live anymore and I cannot handle this pain please help me,emergency
At this point I do not want to live anymore and I cannot handle this pain I need someone right now,emergency
At this point I do not want to live anymore and I cannot handle this pain I do not know what to do,emergency
At this point I do not want to live anymore and I have started making a plan,emergency
At this point I do not want to live anymore and I have started making a plan please help me,emergency
At this point I do not want to live anymore and I have started making a plan I need someone right now,emergency
At this point I do not want to live anymore and I have started making a plan I do not know what to do,emergency
At this point I do not want to live anymore because I feel completely hopeless,emergency
At this point I do not want to live anymore because I feel completely hopeless please help me,emergency
At this point I do not want to live anymore because I feel completely hopeless I need someone right now,emergency
At this point I do not want to live anymore because I feel completely hopeless I do not know what to do,emergency
At this point I do not want to live anymore and I do not feel safe with myself,emergency
At this point I do not want to live anymore and I do not feel safe with myself please help me,emergency
At this point I do not want to live anymore and I do not feel safe with myself I need someone right now,emergency
At this point I do not want to live anymore and I do not feel safe with myself I do not know what to do,emergency
At this point I do not want to live anymore because I cannot go on like this,emergency
At this point I do not want to live anymore because I cannot go on like this please help me,emergency
At this point I do not want to live anymore because I cannot go on like this I need someone right now,emergency
At this point I do not want to live anymore because I cannot go on like this I do not know what to do,emergency
At this point I am thinking of hurting myself because nothing feels worth it,emergency
At this point I am thinking of hurting myself because nothing feels worth it please help me,emergency
At this point I am thinking of hurting myself because nothing feels worth it I need someone right now,emergency
At this point I am thinking of hurting myself because nothing feels worth it I do not know what to do,emergency
At this point I am thinking of hurting myself and I cannot handle this pain,emergency
At this point I am thinking of hurting myself and I cannot handle this pain please help me,emergency
At this point I am thinking of hurting myself and I cannot handle this pain I need someone right now,emergency
At this point I am thinking of hurting myself and I cannot handle this pain I do not know what to do,emergency
At this point I am thinking of hurting myself and I have started making a plan,emergency
At this point I am thinking of hurting myself and I have started making a plan please help me,emergency
At this point I am thinking of hurting myself and I have started making a plan I need someone right now,emergency
At this point I am thinking of hurting myself and I have started making a plan I do not know what to do,emergency
At this point I am thinking of hurting myself because I feel completely hopeless,emergency
At this point I am thinking of hurting myself because I feel completely hopeless please help me,emergency
At this point I am thinking of hurting myself because I feel completely hopeless I need someone right now,emergency
At this point I am thinking of hurting myself because I feel completely hopeless I do not know what to do,emergency
At this point I am thinking of hurting myself and I do not feel safe with myself,emergency
At this point I am thinking of hurting myself and I do not feel safe with myself please help me,emergency
At this point I am thinking of hurting myself and I do not feel safe with myself I need someone right now,emergency
At this point I am thinking of hurting myself and I do not feel safe with myself I do not know what to do,emergency
At this point I am thinking of hurting myself because I cannot go on like this,emergency
At this point I am thinking of hurting myself because I cannot go on like this please help me,emergency
At this point I am thinking of hurting myself because I cannot go on like this I need someone right now,emergency
At this point I am thinking of hurting myself because I cannot go on like this I do not know what to do,emergency
At this point I feel like ending everything because nothing feels worth it,emergency
At this point I feel like ending everything because nothing feels worth it please help me,emergency
At this point I feel like ending everything because nothing feels worth it I need someone right now,emergency
At this point I feel like ending everything because nothing feels worth it I do not know what to do,emergency
At this point I feel like ending everything and I cannot handle this pain,emergency
At this point I feel like ending everything and I cannot handle this pain please help me,emergency
At this point I feel like ending everything and I cannot handle this pain I need someone right now,emergency
At this point I feel like ending everything and I cannot handle this pain I do not know what to do,emergency
At this point I feel like ending everything and I have started making a plan,emergency
At this point I feel like ending everything and I have started making a plan please help me,emergency
At this point I feel like ending everything and I have started making a plan I need someone right now,emergency
At this point I feel like ending everything and I have started making a plan I do not know what to do,emergency
At this point I feel like ending everything because I feel completely hopeless,emergency
At this point I feel like ending everything because I feel completely hopeless please help me,emergency
At this point I feel like ending everything because I feel completely hopeless I need someone right now,emergency
At this point I feel like ending everything because I feel completely hopeless I do not know what to do,emergency
At this point I feel like ending everything and I do not feel safe with myself,emergency
At this point I feel like ending everything and I do not feel safe with myself please help me,emergency
At this point I feel like ending everything and I do not feel safe with myself I need someone right now,emergency
At this point I feel like ending everything and I do not feel safe with myself I do not know what to do,emergency
At this point I feel like ending everything because I cannot go on like this,emergency
At this point I feel like ending everything because I cannot go on like this please help me,emergency
At this point I feel like ending everything because I cannot go on like this I need someone right now,emergency
At this point I feel like ending everything because I cannot go on like this I do not know what to do,emergency
At this point I might harm myself because nothing feels worth it,emergency
At this point I might harm myself because nothing feels worth it please help me,emergency
At this point I might harm myself because nothing feels worth it I need someone right now,emergency
At this point I might harm myself because nothing feels worth it I do not know what to do,emergency
At this point I might harm myself and I cannot handle this pain,emergency
At this point I might harm myself and I cannot handle this pain please help me,emergency
At this point I might harm myself and I cannot handle this pain I need someone right now,emergency
At this point I might harm myself and I cannot handle this pain I do not know what to do,emergency
At this point I might harm myself and I have started making a plan,emergency
At this point I might harm myself and I have started making a plan please help me,emergency
At this point I might harm myself and I have started making a plan I need someone right now,emergency
At this point I might harm myself and I have started making a plan I do not know what to do,emergency
At this point I might harm myself because I feel completely hopeless,emergency
At this point I might harm myself because I feel completely hopeless please help me,emergency
At this point I might harm myself because I feel completely hopeless I need someone right now,emergency
At this point I might harm myself because I feel completely hopeless I do not know what to do,emergency
At this point I might harm myself and I do not feel safe with myself,emergency
At this point I might harm myself and I do not feel safe with myself please help me,emergency
At this point I might harm myself and I do not feel safe with myself I need someone right now,emergency
At this point I might harm myself and I do not feel safe with myself I do not know what to do,emergency
At this point I might harm myself because I cannot go on like this,emergency
At this point I might harm myself because I cannot go on like this please help me,emergency
At this point I might harm myself because I cannot go on like this I need someone right now,emergency
At this point I might harm myself because I cannot go on like this I do not know what to do,emergency
Tonight I want to end my life because nothing feels worth it,emergency
Tonight I want to end my life because nothing feels worth it please help me,emergency
Tonight I want to end my life because nothing feels worth it I need someone right now,emergency
Tonight I want to end my life because nothing feels worth it I do not know what to do,emergency
Tonight I want to end my life and I cannot handle this pain,emergency
Tonight I want to end my life and I cannot handle this pain please help me,emergency
Tonight I want to end my life and I cannot handle this pain I need someone right now,emergency
Tonight I want to end my life and I cannot handle this pain I do not know what to do,emergency
Tonight I want to end my life and I have started making a plan,emergency
Tonight I want to end my life and I have started making a plan please help me,emergency
Tonight I want to end my life and I have started making a plan I need someone right now,emergency
Tonight I want to end my life and I have started making a plan I do not know what to do,emergency
Tonight I want to end my life because I feel completely hopeless,emergency
Tonight I want to end my life because I feel completely hopeless please help me,emergency
Tonight I want to end my life because I feel completely hopeless I need someone right now,emergency
Tonight I want to end my life because I feel completely hopeless I do not know what to do,emergency
Tonight I want to end my life and I do not feel safe with myself,emergency
Tonight I want to end my life and I do not feel safe with myself please help me,emergency
Tonight I want to end my life and I do not feel safe with myself I need someone right now,emergency
Tonight I want to end my life and I do not feel safe with myself I do not know what to do,emergency
Tonight I want to end my life because I cannot go on like this,emergency
Tonight I want to end my life because I cannot go on like this please help me,emergency
Tonight I want to end my life because I cannot go on like this I need someone right now,emergency
Tonight I want to end my life because I cannot go on like this I do not know what to do,emergency
Tonight I want to kill myself because nothing feels worth it,emergency
Tonight I want to kill myself because nothing feels worth it please help me,emergency
Tonight I want to kill myself because nothing feels worth it I need someone right now,emergency
Tonight I want to kill myself because nothing feels worth it I do not know what to do,emergency
Tonight I want to kill myself and I cannot handle this pain,emergency
Tonight I want to kill myself and I cannot handle this pain please help me,emergency
Tonight I want to kill myself and I cannot handle this pain I need someone right now,emergency
Tonight I want to kill myself and I cannot handle this pain I do not know what to do,emergency
Tonight I want to kill myself and I have started making a plan,emergency
Tonight I want to kill myself and I have started making a plan please help me,emergency
Tonight I want to kill myself and I have started making a plan I need someone right now,emergency
Tonight I want to kill myself and I have started making a plan I do not know what to do,emergency
Tonight I want to kill myself because I feel completely hopeless,emergency
Tonight I want to kill myself because I feel completely hopeless please help me,emergency
Tonight I want to kill myself because I feel completely hopeless I need someone right now,emergency
Tonight I want to kill myself because I feel completely hopeless I do not know what to do,emergency
Tonight I want to kill myself and I do not feel safe with myself,emergency
Tonight I want to kill myself and I do not feel safe with myself please help me,emergency
Tonight I want to kill myself and I do not feel safe with myself I need someone right now,emergency
Tonight I want to kill myself and I do not feel safe with myself I do not know what to do,emergency
Tonight I want to kill myself because I cannot go on like this,emergency
Tonight I want to kill myself because I cannot go on like this please help me,emergency
Tonight I want to kill myself because I cannot go on like this I need someone right now,emergency
Tonight I want to kill myself because I cannot go on like this I do not know what to do,emergency
Tonight I do not want to live anymore because nothing feels worth it,emergency
Tonight I do not want to live anymore because nothing feels worth it please help me,emergency
Tonight I do not want to live anymore because nothing feels worth it I need someone right now,emergency
Tonight I do not want to live anymore because nothing feels worth it I do not know what to do,emergency
Tonight I do not want to live anymore and I cannot handle this pain,emergency
Tonight I do not want to live anymore and I cannot handle this pain please help me,emergency
Tonight I do not want to live anymore and I cannot handle this pain I need someone right now,emergency
Tonight I do not want to live anymore and I cannot handle this pain I do not know what to do,emergency
Tonight I do not want to live anymore and I have started making a plan,emergency
Tonight I do not want to live anymore and I have started making a plan please help me,emergency
Tonight I do not want to live anymore and I have started making a plan I need someone right now,emergency
Tonight I do not want to live anymore and I have started making a plan I do not know what to do,emergency
Tonight I do not want to live anymore because I feel completely hopeless,emergency
Tonight I do not want to live anymore because I feel completely hopeless please help me,emergency
Tonight I do not want to live anymore because I feel completely hopeless I need someone right now,emergency
Tonight I do not want to live anymore because I feel completely hopeless I do not know what to do,emergency
Tonight I do not want to live anymore and I do not feel safe with myself,emergency
Tonight I do not want to live anymore and I do not feel safe with myself please help me,emergency
Tonight I do not want to live anymore and I do not feel safe with myself I need someone right now,emergency
Tonight I do not want to live anymore and I do not feel safe with myself I do not know what to do,emergency
Tonight I do not want to live anymore because I cannot go on like this,emergency
Tonight I do not want to live anymore because I cannot go on like this please help me,emergency
Tonight I do not want to live anymore because I cannot go on like this I need someone right now,emergency
Tonight I do not want to live anymore because I cannot go on like this I do not know what to do,emergency
Tonight I am thinking of hurting myself because nothing feels worth it,emergency
Tonight I am thinking of hurting myself because nothing feels worth it please help me,emergency
Tonight I am thinking of hurting myself because nothing feels worth it I need someone right now,emergency
Tonight I am thinking of hurting myself because nothing feels worth it I do not know what to do,emergency
Tonight I am thinking of hurting myself and I cannot handle this pain,emergency
Tonight I am thinking of hurting myself and I cannot handle this pain please help me,emergency
Tonight I am thinking of hurting myself and I cannot handle this pain I need someone right now,emergency
Tonight I am thinking of hurting myself and I cannot handle this pain I do not know what to do,emergency
Tonight I am thinking of hurting myself and I have started making a plan,emergency
Tonight I am thinking of hurting myself and I have started making a plan please help me,emergency
Tonight I am thinking of hurting myself and I have started making a plan I need someone right now,emergency
Tonight I am thinking of hurting myself and I have started making a plan I do not know what to do,emergency
Tonight I am thinking of hurting myself because I feel completely hopeless,emergency
Tonight I am thinking of hurting myself because I feel completely hopeless please help me,emergency
Tonight I am thinking of hurting myself because I feel completely hopeless I need someone right now,emergency
Tonight I am thinking of hurting myself because I feel completely hopeless I do not know what to do,emergency
Tonight I am thinking of hurting myself and I do not feel safe with myself,emergency
Tonight I am thinking of hurting myself and I do not feel safe with myself please help me,emergency
Tonight I am thinking of hurting myself and I do not feel safe with myself I need someone right now,emergency
Tonight I am thinking of hurting myself and I do not feel safe with myself I do not know what to do,emergency
Tonight I am thinking of hurting myself because I cannot go on like this,emergency
Tonight I am thinking of hurting myself because I cannot go on like this please help me,emergency
Tonight I am thinking of hurting myself because I cannot go on like this I need someone right now,emergency
Tonight I am thinking of hurting myself because I cannot go on like this I do not know what to do,emergency
Tonight I feel like ending everything because nothing feels worth it,emergency
Tonight I feel like ending everything because nothing feels worth it please help me,emergency
Tonight I feel like ending everything because nothing feels worth it I need someone right now,emergency
Tonight I feel like ending everything because nothing feels worth it I do not know what to do,emergency
Tonight I feel like ending everything and I cannot handle this pain,emergency
Tonight I feel like ending everything and I cannot handle this pain please help me,emergency
Tonight I feel like ending everything and I cannot handle this pain I need someone right now,emergency
Tonight I feel like ending everything and I cannot handle this pain I do not know what to do,emergency
Tonight I feel like ending everything and I have started making a plan,emergency
Tonight I feel like ending everything and I have started making a plan please help me,emergency
Tonight I feel like ending everything and I have started making a plan I need someone right now,emergency
Tonight I feel like ending everything and I have started making a plan I do not know what to do,emergency
Tonight I feel like ending everything because I feel completely hopeless,emergency
Tonight I feel like ending everything because I feel completely hopeless please help me,emergency
Tonight I feel like ending everything because I feel completely hopeless I need someone right now,emergency
Tonight I feel like ending everything because I feel completely hopeless I do not know what to do,emergency
Tonight I feel like ending everything and I do not feel safe with myself,emergency
Tonight I feel like ending everything and I do not feel safe with myself please help me,emergency
Tonight I feel like ending everything and I do not feel safe with myself I need someone right now,emergency
Tonight I feel like ending everything and I do not feel safe with myself I do not know what to do,emergency
Tonight I feel like ending everything because I cannot go on like this,emergency
Tonight I feel like ending everything because I cannot go on like this please help me,emergency
Tonight I feel like ending everything because I cannot go on like this I need someone right now,emergency
Tonight I feel like ending everything because I cannot go on like this I do not know what to do,emergency
Tonight I might harm myself because nothing feels worth it,emergency
Tonight I might harm myself because nothing feels worth it please help me,emergency
Tonight I might harm myself because nothing feels worth it I need someone right now,emergency
Tonight I might harm myself because nothing feels worth it I do not know what to do,emergency
Tonight I might harm myself and I cannot handle this pain,emergency
Tonight I might harm myself and I cannot handle this pain please help me,emergency
Tonight I might harm myself and I cannot handle this pain I need someone right now,emergency
Tonight I might harm myself and I cannot handle this pain I do not know what to do,emergency
Tonight I might harm myself and I have started making a plan,emergency
Tonight I might harm myself and I have started making a plan please help me,emergency
Tonight I might harm myself and I have started making a plan I need someone right now,emergency
Tonight I might harm myself and I have started making a plan I do not know what to do,emergency
Tonight I might harm myself because I feel completely hopeless,emergency
Tonight I might harm myself because I feel completely hopeless please help me,emergency
Tonight I might harm myself because I feel completely hopeless I need someone right now,emergency
Tonight I might harm myself because I feel completely hopeless I do not know what to do,emergency
Tonight I might harm myself and I do not feel safe with myself,emergency
Tonight I might harm myself and I do not feel safe with myself please help me,emergency
Tonight I might harm myself and I do not feel safe with myself I need someone right now,emergency
Tonight I might harm myself and I do not feel safe with myself I do not know what to do,emergency
Tonight I might harm myself because I cannot go on like this,emergency
Tonight I might harm myself because I cannot go on like this please help me,emergency
Tonight I might harm myself because I cannot go on like this I need someone right now,emergency
Tonight I might harm myself because I cannot go on like this I do not know what to do,emergency
I feel so anxious after work,emotional_support
I feel so anxious after work and I just need someone to listen,emotional_support
I feel so anxious after work and I do not know how to cope,emotional_support
I feel so anxious after work and I feel like crying,emotional_support
I feel so anxious after work and I need emotional support,emotional_support
I feel so anxious when I wake up,emotional_support
I feel so anxious when I wake up and I just need someone to listen,emotional_support
I feel so anxious when I wake up and I do not know how to cope,emotional_support
I feel so anxious when I wake up and I feel like crying,emotional_support
I feel so anxious when I wake up and I need emotional support,emotional_support
I feel so anxious every evening,emotional_support
I feel so anxious every evening and I just need someone to listen,emotional_support
I feel so anxious every evening and I do not know how to cope,emotional_support
I feel so anxious every evening and I feel like crying,emotional_support
I feel so anxious every evening and I need emotional support,emotional_support
I feel so anxious all the time,emotional_support
I feel so anxious all the time and I just need someone to listen,emotional_support
I feel so anxious all the time and I do not know how to cope,emotional_support
I feel so anxious all the time and I feel like crying,emotional_support
I feel so anxious all the time and I need emotional support,emotional_support
I feel so anxious since the weekend,emotional_support
I feel so anxious since the weekend and I just need someone to listen,emotional_support
I feel so anxious since the weekend and I do not know how to cope,emotional_support
I feel so anxious since the weekend and I feel like crying,emotional_support
I feel so anxious since the weekend and I need emotional support,emotional_support
I feel so anxious around other people,emotional_support
I feel so anxious around other people and I just need someone to listen,emotional_support
I feel so anxious around other people and I do not know how to cope,emotional_support
I feel so anxious around other people and I feel like crying,emotional_support
I feel so anxious around other people and I need emotional support,emotional_support
I feel so anxious even when nothing is wrong,emotional_support
I feel so anxious even when nothing is wrong and I just need someone to listen,emotional_support
I feel so anxious even when nothing is wrong and I do not know how to cope,emotional_support
I feel so anxious even when nothing is wrong and I feel like crying,emotional_support
I feel so anxious even when nothing is wrong and I need emotional support,emotional_support
I feel really low after work,emotional_support
I feel really low after work and I just need someone to listen,emotional_support
I feel really low after work and I do not know how to cope,emotional_support
I feel really low after work and I feel like crying,emotional_support
I feel really low after work and I need emotional support,emotional_support
I feel really low when I wake up,emotional_support
I feel really low when I wake up and I just need someone to listen,emotional_support
I feel really low when I wake up and I do not know how to cope,emotional_support
I feel really low when I wake up and I feel like crying,emotional_support
I feel really low when I wake up and I need emotional support,emotional_support
I feel really low every evening,emotional_support
I feel really low every evening and I just need someone to listen,emotional_support
I feel really low every evening and I do not know how to cope,emotional_support
I feel really low every evening and I feel like crying,emotional_support
I feel really low every evening and I need emotional support,emotional_support
I feel really low all the time,emotional_support
I feel really low all the time and I just need someone to listen,emotional_support
I feel really low all the time and I do not know how to cope,emotional_support
I feel really low all the time and I feel like crying,emotional_support
I feel really low all the time and I need emotional support,emotional_support
I feel really low since the weekend,emotional_support
I feel really low since the weekend and I just need someone to listen,emotional_support
I feel really low since the weekend and I do not know how to cope,emotional_support
I feel really low since the weekend and I feel like crying,emotional_support
I feel really low since the weekend and I need emotional support,emotional_support
I feel really low around other people,emotional_support
I feel really low around other people and I just need someone to listen,emotional_support
I feel really low around other people and I do not know how to cope,emotional_support
I feel really low around other people and I feel like crying,emotional_support
I feel really low around other people and I need emotional support,emotional_support
I feel really low even when nothing is wrong,emotional_support
I feel really low even when nothing is wrong and I just need someone to listen,emotional_support
I feel really low even when nothing is wrong and I do not know how to cope,emotional_support
I feel really low even when nothing is wrong and I feel like crying,emotional_support
I feel really low even when nothing is wrong and I need emotional support,emotional_support
I feel completely alone after work,emotional_support
I feel completely alone after work and I just need someone to listen,emotional_support
I feel completely alone after work and I do not know how to cope,emotional_support
I feel completely alone after work and I feel like crying,emotional_support
I feel completely alone after work and I need emotional support,emotional_support
I feel completely alone when I wake up,emotional_support
I feel completely alone when I wake up and I just need someone to listen,emotional_support
I feel completely alone when I wake up and I do not know how to cope,emotional_support
I feel completely alone when I wake up and I feel like crying,emotional_support
I feel completely alone when I wake up and I need emotional support,emotional_support
I feel completely alone every evening,emotional_support
I feel completely alone every evening and I just need someone to listen,emotional_support
I feel completely alone every evening and I do not know how to cope,emotional_support
I feel completely alone every evening and I feel like crying,emotional_support
I feel completely alone every evening and I need emotional support,emotional_support
I feel completely alone all the time,emotional_support
I feel completely alone all the time and I just need someone to listen,emotional_support
I feel completely alone all the time and I do not know how to cope,emotional_support
I feel completely alone all the time and I feel like crying,emotional_support
I feel completely alone all the time and I need emotional support,emotional_support
I feel completely alone since the weekend,emotional_support
I feel completely alone since the weekend and I just need someone to listen,emotional_support
I feel completely alone since the weekend and I do not know how to cope,emotional_support
I feel completely alone since the weekend and I feel like crying,emotional_support
I feel completely alone since the weekend and I need emotional support,emotional_support
I feel completely alone around other people,emotional_support
I feel completely alone around other people and I just need someone to listen,emotional_support
I feel completely alone around other people and I do not know how to cope,emotional_support
I feel completely alone around other people and I feel like crying,emotional_support
I feel completely alone around other people and I need emotional support,emotional_support
I feel completely alone even when nothing is wrong,emotional_support
I feel completely alone even when nothing is wrong and I just need someone to listen,emotional_support
I feel completely alone even when nothing is wrong and I do not know how to cope,emotional_support
I feel completely alone even when nothing is wrong and I feel like crying,emotional_support
I feel completely alone even when nothing is wrong and I need emotional support,emotional_support
I feel emotionally exhausted after work,emotional_support
I feel emotionally exhausted after work and I just need someone to listen,emotional_support
I feel emotionally exhausted after work and I do not know how to cope,emotional_support
I feel emotionally exhausted after work and I feel like crying,emotional_support
I feel emotionally exhausted after work and I need emotional support,emotional_support
I feel emotionally exhausted when I wake up,emotional_support
I feel emotionally exhausted when I wake up and I just need someone to listen,emotional_support
I feel emotionally exhausted when I wake up and I do not know how to cope,emotional_support
I feel emotionally exhausted when I wake up and I feel like crying,emotional_support
I feel emotionally exhausted when I wake up and I need emotional support,emotional_support
I feel emotionally exhausted every evening,emotional_support
I feel emotionally exhausted every evening and I just need someone to listen,emotional_support
I feel emotionally exhausted every evening and I do not know how to cope,emotional_support
I feel emotionally exhausted every evening and I feel like crying,emotional_support
I feel emotionally exhausted every evening and I need emotional support,emotional_support
I feel emotionally exhausted all the time,emotional_support
I feel emotionally exhausted all the time and I just need someone to listen,emotional_support
I feel emotionally exhausted all the time and I do not know how to cope,emotional_support
I feel emotionally exhausted all the time and I feel like crying,emotional_support
I feel emotionally exhausted all the time and I need emotional support,emotional_support
I feel emotionally exhausted since the weekend,emotional_support
I feel emotionally exhausted since the weekend and I just need someone to listen,emotional_support
I feel emotionally exhausted since the weekend and I do not know how to cope,emotional_support
I feel emotionally exhausted since the weekend and I feel like crying,emotional_support
I feel emotionally exhausted since the weekend and I need emotional support,emotional_support
I feel emotionally exhausted around other people,emotional_support
I feel emotionally exhausted around other people and I just need someone to listen,emotional_support
I feel emotionally exhausted around other people and I do not know how to cope,emotional_support
I feel emotionally exhausted around other people and I feel like crying,emotional_support
I feel emotionally exhausted around other people and I need emotional support,emotional_support
I feel emotionally exhausted even when nothing is wrong,emotional_support
I feel emotionally exhausted even when nothing is wrong and I just need someone to listen,emotional_support
I feel emotionally exhausted even when nothing is wrong and I do not know how to cope,emotional_support
I feel emotionally exhausted even when nothing is wrong and I feel like crying,emotional_support
I feel emotionally exhausted even when nothing is wrong and I need emotional support,emotional_support
I feel hopeless and drained after work,emotional_support
I feel hopeless and drained after work and I just need someone to listen,emotional_support
I feel hopeless and drained after work and I do not know how to cope,emotional_support
I feel hopeless and drained after work and I feel like crying,emotional_support
I feel hopeless and drained after work and I need emotional support,emotional_support
I feel hopeless and drained when I wake up,emotional_support
I feel hopeless and drained when I wake up and I just need someone to listen,emotional_support
I feel hopeless and drained when I wake up and I do not know how to cope,emotional_support
I feel hopeless and drained when I wake up and I feel like crying,emotional_support
I feel hopeless and drained when I wake up and I need emotional support,emotional_support
I feel hopeless and drained every evening,emotional_support
I feel hopeless and drained every evening and I just need someone to listen,emotional_support
I feel hopeless and drained every evening and I do not know how to cope,emotional_support
I feel hopeless and drained every evening and I feel like crying,emotional_support
I feel hopeless and drained every evening and I need emotional support,emotional_support
I feel hopeless and drained all the time,emotional_support
I feel hopeless and drained all the time and I just need someone to listen,emotional_support
I feel hopeless and drained all the time and I do not know how to cope,emotional_support
I feel hopeless and drained all the time and I feel like crying,emotional_support
I feel hopeless and drained all the time and I need emotional support,emotional_support
I feel hopeless and drained since the weekend,emotional_support
I feel hopeless and drained since the weekend and I just need someone to listen,emotional_support
I feel hopeless and drained since the weekend and I do not know how to cope,emotional_support
I feel hopeless and drained since the weekend and I feel like crying,emotional_support
I feel hopeless and drained since the weekend and I need emotional support,emotional_support
I feel hopeless and drained around other people,emotional_support
I feel hopeless and drained around other people and I just need someone to listen,emotional_support
I feel hopeless and drained around other people and I do not know how to cope,emotional_support
I feel hopeless and drained around other people and I feel like crying,emotional_support
I feel hopeless and drained around other people and I need emotional support,emotional_support
I feel hopeless and drained even when nothing is wrong,emotional_support
I feel hopeless and drained even when nothing is wrong and I just need someone to listen,emotional_support
I feel hopeless and drained even when nothing is wrong and I do not know how to cope,emotional_support
I feel hopeless and drained even when nothing is wrong and I feel like crying,emotional_support
I feel hopeless and drained even when nothing is wrong and I need emotional support,emotional_support
I feel scared for no reason after work,emotional_support
I feel scared for no reason after work and I just need someone to listen,emotional_support
I feel scared for no reason after work and I do not know how to cope,emotional_support
I feel scared for no reason after work and I feel like crying,emotional_support
I feel scared for no reason after work and I need emotional support,emotional_support
I feel scared for no reason when I wake up,emotional_support
I feel scared for no reason when I wake up and I just need someone to listen,emotional_support
I feel scared for no reason when I wake up and I do not know how to cope,emotional_support
I feel scared for no reason when I wake up and I feel like crying,emotional_support
I feel scared for no reason when I wake up and I need emotional support,emotional_support
I feel scared for no reason every evening,emotional_support
I feel scared for no reason every evening and I just need someone to listen,emotional_support
I feel scared for no reason every evening and I do not know how to cope,emotional_support
I feel scared for no reason every evening and I feel like crying,emotional_support
I feel scared for no reason every evening and I need emotional support,emotional_support
I feel scared for no reason all the time,emotional_support
I feel scared for no reason all the time and I just need someone to listen,emotional_support
I feel scared for no reason all the time and I do not know how to cope,emotional_support
I feel scared for no reason all the time and I feel like crying,emotional_support
I feel scared for no reason all the time and I need emotional support,emotional_support
I feel scared for no reason since the weekend,emotional_support
I feel scared for no reason since the weekend and I just need someone to listen,emotional_support
I feel scared for no reason since the weekend and I do not know how to cope,emotional_support
I feel scared for no reason since the weekend and I feel like crying,emotional_support
I feel scared for no reason since the weekend and I need emotional support,emotional_support
I feel scared for no reason around other people,emotional_support
I feel scared for no reason around other people and I just need someone to listen,emotional_support
I feel scared for no reason around other people and I do not know how to cope,emotional_support
I feel scared for no reason around other people and I feel like crying,emotional_support
I feel scared for no reason around other people and I need emotional support,emotional_support
I feel scared for no reason even when nothing is wrong,emotional_support
I feel scared for no reason even when nothing is wrong and I just need someone to listen,emotional_support
I feel scared for no reason even when nothing is wrong and I do not know how to cope,emotional_support
I feel scared for no reason even when nothing is wrong and I feel like crying,emotional_support
I feel scared for no reason even when nothing is wrong and I need emotional support,emotional_support
I feel like I am breaking down after work,emotional_support
I feel like I am breaking down after work and I just need someone to listen,emotional_support
I feel like I am breaking down after work and I do not know how to cope,emotional_support
I feel like I am breaking down after work and I feel like crying,emotional_support
I feel like I am breaking down after work and I need emotional support,emotional_support
I feel like I am breaking down when I wake up,emotional_support
I feel like I am breaking down when I wake up and I just need someone to listen,emotional_support
I feel like I am breaking down when I wake up and I do not know how to cope,emotional_support
I feel like I am breaking down when I wake up and I feel like crying,emotional_support
I feel like I am breaking down when I wake up and I need emotional support,emotional_support
I feel like I am breaking down every evening,emotional_support
I feel like I am breaking down every evening and I just need someone to listen,emotional_support
I feel like I am breaking down every evening and I do not know how to cope,emotional_support
I feel like I am breaking down every evening and I feel like crying,emotional_support
I feel like I am breaking down every evening and I need emotional support,emotional_support
I feel like I am breaking down all the time,emotional_support
I feel like I am breaking down all the time and I just need someone to listen,emotional_support
I feel like I am breaking down all the time and I do not know how to cope,emotional_support
I feel like I am breaking down all the time and I feel like crying,emotional_support
I feel like I am breaking down all the time and I need emotional support,emotional_support
I feel like I am breaking down since the weekend,emotional_support
I feel like I am breaking down since the weekend and I just need someone to listen,emotional_support
I feel like I am breaking down since the weekend and I do not know how to cope,emotional_support
I feel like I am breaking down since the weekend and I feel like crying,emotional_support
I feel like I am breaking down since the weekend and I need emotional support,emotional_support
I feel like I am breaking down around other people,emotional_support
I feel like I am breaking down around other people and I just need someone to listen,emotional_support
I feel like I am breaking down around other people and I do not know how to cope,emotional_support
I feel like I am breaking down around other people and I feel like crying,emotional_support
I feel like I am breaking down around other people and I need emotional support,emotional_support
I feel like I am breaking down even when nothing is wrong,emotional_support
I feel like I am breaking down even when nothing is wrong and I just need someone to listen,emotional_support
I feel like I am breaking down even when nothing is wrong and I do not know how to cope,emotional_support
I feel like I am breaking down even when nothing is wrong and I feel like crying,emotional_support
I feel like I am breaking down even when nothing is wrong and I need emotional support,emotional_support
I feel like nobody understands me after work,emotional_support
I feel like nobody understands me after work and I just need someone to listen,emotional_support
I feel like nobody understands me after work and I do not know how to cope,emotional_support
I feel like nobody understands me after work and I feel like crying,emotional_support
I feel like nobody understands me after work and I need emotional support,emotional_support
I feel like nobody understands me when I wake up,emotional_support
I feel like nobody understands me when I wake up and I just need someone to listen,emotional_support
I feel like nobody understands me when I wake up and I do not know how to cope,emotional_support
I feel like nobody understands me when I wake up and I feel like crying,emotional_support
I feel like nobody understands me when I wake up and I need emotional support,emotional_support
I feel like nobody understands me every evening,emotional_support
I feel like nobody understands me every evening and I just need someone to listen,emotional_support
I feel like nobody understands me every evening and I do not know how to cope,emotional_support
I feel like nobody understands me every evening and I feel like crying,emotional_support
I feel like nobody understands me every evening and I need emotional support,emotional_support
I feel like nobody understands me all the time,emotional_support
I feel like nobody understands me all the time and I just need someone to listen,emotional_support
I feel like nobody understands me all the time and I do not know how to cope,emotional_support
I feel like nobody understands me all the time and I feel like crying,emotional_support
I feel like nobody understands me all the time and I need emotional support,emotional_support
I feel like nobody understands me since the weekend,emotional_support
I feel like nobody understands me since the weekend and I just need someone to listen,emotional_support
I feel like nobody understands me since the weekend and I do not know how to cope,emotional_support
I feel like nobody understands me since the weekend and I feel like crying,emotional_support
I feel like nobody understands me since the weekend and I need emotional support,emotional_support
I feel like nobody understands me around other people,emotional_support
I feel like nobody understands me around other people and I just need someone to listen,emotional_support
I feel like nobody understands me around other people and I do not know how to cope,emotional_support
I feel like nobody understands me around other people and I feel like crying,emotional_support
I feel like nobody understands me around other people and I need emotional support,emotional_support
I feel like nobody understands me even when nothing is wrong,emotional_support
I feel like nobody understands me even when nothing is wrong and I just need someone to listen,emotional_support
I feel like nobody understands me even when nothing is wrong and I do not know how to cope,emotional_support
I feel like nobody understands me even when nothing is wrong and I feel like crying,emotional_support
I feel like nobody understands me even when nothing is wrong and I need emotional support,emotional_support
Lately I feel so anxious after work,emotional_support
Lately I feel so anxious after work and I just need someone to listen,emotional_support
Lately I feel so anxious after work and I do not know how to cope,emotional_support
Lately I feel so anxious after work and I feel like crying,emotional_support
Lately I feel so anxious after work and I need emotional support,emotional_support
Lately I feel so anxious when I wake up,emotional_support
Lately I feel so anxious when I wake up and I just need someone to listen,emotional_support
Lately I feel so anxious when I wake up and I do not know how to cope,emotional_support
Lately I feel so anxious when I wake up and I feel like crying,emotional_support
Lately I feel so anxious when I wake up and I need emotional support,emotional_support
Lately I feel so anxious every evening,emotional_support
Lately I feel so anxious every evening and I just need someone to listen,emotional_support
Lately I feel so anxious every evening and I do not know how to cope,emotional_support
Lately I feel so anxious every evening and I feel like crying,emotional_support
Lately I feel so anxious every evening and I need emotional support,emotional_support
Lately I feel so anxious all the time,emotional_support
Lately I feel so anxious all the time and I just need someone to listen,emotional_support
Lately I feel so anxious all the time and I do not know how to cope,emotional_support
Lately I feel so anxious all the time and I feel like crying,emotional_support
Lately I feel so anxious all the time and I need emotional support,emotional_support
Lately I feel so anxious since the weekend,emotional_support
Lately I feel so anxious since the weekend and I just need someone to listen,emotional_support
Lately I feel so anxious since the weekend and I do not know how to cope,emotional_support
Lately I feel so anxious since the weekend and I feel like crying,emotional_support
Lately I feel so anxious since the weekend and I need emotional support,emotional_support
Lately I feel so anxious around other people,emotional_support
Lately I feel so anxious around other people and I just need someone to listen,emotional_support
Lately I feel so anxious around other people and I do not know how to cope,emotional_support
Lately I feel so anxious around other people and I feel like crying,emotional_support
Lately I feel so anxious around other people and I need emotional support,emotional_support
Lately I feel so anxious even when nothing is wrong,emotional_support
Lately I feel so anxious even when nothing is wrong and I just need someone to listen,emotional_support
Lately I feel so anxious even when nothing is wrong and I do not know how to cope,emotional_support
Lately I feel so anxious even when nothing is wrong and I feel like crying,emotional_support
Lately I feel so anxious even when nothing is wrong and I need emotional support,emotional_support
Lately I feel really low after work,emotional_support
Lately I feel really low after work and I just need someone to listen,emotional_support
Lately I feel really low after work and I do not know how to cope,emotional_support
Lately I feel really low after work and I feel like crying,emotional_support
Lately I feel really low after work and I need emotional support,emotional_support
Lately I feel really low when I wake up,emotional_support
Lately I feel really low when I wake up and I just need someone to listen,emotional_support
Lately I feel really low when I wake up and I do not know how to cope,emotional_support
Lately I feel really low when I wake up and I feel like crying,emotional_support
Lately I feel really low when I wake up and I need emotional support,emotional_support
Lately I feel really low every evening,emotional_support
Lately I feel really low every evening and I just need someone to listen,emotional_support
Lately I feel really low every evening and I do not know how to cope,emotional_support
Lately I feel really low every evening and I feel like crying,emotional_support
Lately I feel really low every evening and I need emotional support,emotional_support
Lately I feel really low all the time,emotional_support
Lately I feel really low all the time and I just need someone to listen,emotional_support
Lately I feel really low all the time and I do not know how to cope,emotional_support
Lately I feel really low all the time and I feel like crying,emotional_support
Lately I feel really low all the time and I need emotional support,emotional_support
Lately I feel really low since the weekend,emotional_support
Lately I feel really low since the weekend and I just need someone to listen,emotional_support
Lately I feel really low since the weekend and I do not know how to cope,emotional_support
Lately I feel really low since the weekend and I feel like crying,emotional_support
Lately I feel really low since the weekend and I need emotional support,emotional_support
Lately I feel really low around other people,emotional_support
Lately I feel really low around other people and I just need someone to listen,emotional_support
Lately I feel really low around other people and I do not know how to cope,emotional_support
Lately I feel really low around other people and I feel like crying,emotional_support
Lately I feel really low around other people and I need emotional support,emotional_support
Lately I feel really low even when nothing is wrong,emotional_support
Lately I feel really low even when nothing is wrong and I just need someone to listen,emotional_support
Lately I feel really low even when nothing is wrong and I do not know how to cope,emotional_support
Lately I feel really low even when nothing is wrong and I feel like crying,emotional_support
Lately I feel really low even when nothing is wrong and I need emotional support,emotional_support
Lately I feel completely alone after work,emotional_support
Lately I feel completely alone after work and I just need someone to listen,emotional_support
Lately I feel completely alone after work and I do not know how to cope,emotional_support
Lately I feel completely alone after work and I feel like crying,emotional_support
Lately I feel completely alone after work and I need emotional support,emotional_support
Lately I feel completely alone when I wake up,emotional_support
Lately I feel completely alone when I wake up and I just need someone to listen,emotional_support
Lately I feel completely alone when I wake up and I do not know how to cope,emotional_support
Lately I feel completely alone when I wake up and I feel like crying,emotional_support
Lately I feel completely alone when I wake up and I need emotional support,emotional_support
Lately I feel completely alone every evening,emotional_support
Lately I feel completely alone every evening and I just need someone to listen,emotional_support
Lately I feel completely alone every evening and I do not know how to cope,emotional_support
Lately I feel completely alone every evening and I feel like crying,emotional_support
Lately I feel completely alone every evening and I need emotional support,emotional_support
Lately I feel completely alone all the time,emotional_support
Lately I feel completely alone all the time and I just need someone to listen,emotional_support
Lately I feel completely alone all the time and I do not know how to cope,emotional_support
Lately I feel completely alone all the time and I feel like crying,emotional_support
Lately I feel completely alone all the time and I need emotional support,emotional_support
Lately I feel completely alone since the weekend,emotional_support
Lately I feel completely alone since the weekend and I just need someone to listen,emotional_support
Lately I feel completely alone since the weekend and I do not know how to cope,emotional_support
Lately I feel completely alone since the weekend and I feel like crying,emotional_support
Lately I feel completely alone since the weekend and I need emotional support,emotional_support
Lately I feel completely alone around other people,emotional_support
Lately I feel completely alone around other people and I just need someone to listen,emotional_support
Lately I feel completely alone around other people and I do not know how to cope,emotional_support
Lately I feel completely alone around other people and I feel like crying,emotional_support
Lately I feel completely alone around other people and I need emotional support,emotional_support
Lately I feel completely alone even when nothing is wrong,emotional_support
Lately I feel completely alone even when nothing is wrong and I just need someone to listen,emotional_support
Lately I feel completely alone even when nothing is wrong and I do not know how to cope,emotional_support
Lately I feel completely alone even when nothing is wrong and I feel like crying,emotional_support
Lately I feel completely alone even when nothing is wrong and I need emotional support,emotional_support
Lately I feel emotionally exhausted after work,emotional_support
Lately I feel emotionally exhausted after work and I just need someone to listen,emotional_support
Lately I feel emotionally exhausted after work and I do not know how to cope,emotional_support
Lately I feel emotionally exhausted after work and I feel like crying,emotional_support
Lately I feel emotionally exhausted after work and I need emotional support,emotional_support
Lately I feel emotionally exhausted when I wake up,emotional_support
Lately I feel emotionally exhausted when I wake up and I just need someone to listen,emotional_support
Lately I feel emotionally exhausted when I wake up and I do not know how to cope,emotional_support
Lately I feel emotionally exhausted when I wake up and I feel like crying,emotional_support
Lately I feel emotionally exhausted when I wake up and I need emotional support,emotional_support
Lately I feel emotionally exhausted every evening,emotional_support
Lately I feel emotionally exhausted every evening and I just need someone to listen,emotional_support
Lately I feel emotionally exhausted every evening and I do not know how to cope,emotional_support
Lately I feel emotionally exhausted every evening and I feel like crying,emotional_support
Lately I feel emotionally exhausted every evening and I need emotional support,emotional_support
Lately I feel emotionally exhausted all the time,emotional_support
Lately I feel emotionally exhausted all the time and I just need someone to listen,emotional_support
Lately I feel emotionally exhausted all the time and I do not know how to cope,emotional_support
Lately I feel emotionally exhausted all the time and I feel like crying,emotional_support
Lately I feel emotionally exhausted all the time and I need emotional support,emotional_support
Lately I feel emotionally exhausted since the weekend,emotional_support
Lately I feel emotionally exhausted since the weekend and I just need someone to listen,emotional_support
Lately I feel emotionally exhausted since the weekend and I do not know how to cope,emotional_support
Lately I feel emotionally exhausted since the weekend and I feel like crying,emotional_support
Lately I feel emotionally exhausted since the weekend and I need emotional support,emotional_support
Lately I feel emotionally exhausted around other people,emotional_support
Lately I feel emotionally exhausted around other people and I just need someone to listen,emotional_support
Lately I feel emotionally exhausted around other people and I do not know how to cope,emotional_support
Lately I feel emotionally exhausted around other people and I feel like crying,emotional_support
Lately I feel emotionally exhausted around other people and I need emotional support,emotional_support
Lately I feel emotionally exhausted even when nothing is wrong,emotional_support
Lately I feel emotionally exhausted even when nothing is wrong and I just need someone to listen,emotional_support
Lately I feel emotionally exhausted even when nothing is wrong and I do not know how to cope,emotional_support
Lately I feel emotionally exhausted even when nothing is wrong and I feel like crying,emotional_support
Lately I feel emotionally exhausted even when nothing is wrong and I need emotional support,emotional_support
Lately I feel hopeless and drained after work,emotional_support
Lately I feel hopeless and drained after work and I just need someone to listen,emotional_support
Lately I feel hopeless and drained after work and I do not know how to cope,emotional_support
Lately I feel hopeless and drained after work and I feel like crying,emotional_support
Lately I feel hopeless and drained after work and I need emotional support,emotional_support
Lately I feel hopeless and drained when I wake up,emotional_support
Lately I feel hopeless and drained when I wake up and I just need someone to listen,emotional_support
Lately I feel hopeless and drained when I wake up and I do not know how to cope,emotional_support
Lately I feel hopeless and drained when I wake up and I feel like crying,emotional_support
Lately I feel hopeless and drained when I wake up and I need emotional support,emotional_support
Lately I feel hopeless and drained every evening,emotional_support
Lately I feel hopeless and drained every evening and I just need someone to listen,emotional_support
Lately I feel hopeless and drained every evening and I do not know how to cope,emotional_support
Lately I feel hopeless and drained every evening and I feel like crying,emotional_support
Lately I feel hopeless and drained every evening and I need emotional support,emotional_support
Lately I feel hopeless and drained all the time,emotional_support
Lately I feel hopeless and drained all the time and I just need someone to listen,emotional_support
Lately I feel hopeless and drained all the time and I do not know how to cope,emotional_support
Lately I feel hopeless and drained all the time and I feel like crying,emotional_support
Lately I feel hopeless and drained all the time and I need emotional support,emotional_support
Lately I feel hopeless and drained since the weekend,emotional_support
Lately I feel hopeless and drained since the weekend and I just need someone to listen,emotional_support
Lately I feel hopeless and drained since the weekend and I do not know how to cope,emotional_support
Lately I feel hopeless and drained since the weekend and I feel like crying,emotional_support
Lately I feel hopeless and drained since the weekend and I need emotional support,emotional_support
Lately I feel hopeless and drained around other people,emotional_support
Lately I feel hopeless and drained around other people and I just need someone to listen,emotional_support
Lately I feel hopeless and drained around other people and I do not know how to cope,emotional_support
Lately I feel hopeless and drained around other people and I feel like crying,emotional_support
Lately I feel hopeless and drained around other people and I need emotional support,emotional_support
Lately I feel hopeless and drained even when nothing is wrong,emotional_support
Lately I feel hopeless and drained even when nothing is wrong and I just need someone to listen,emotional_support
Lately I feel hopeless and drained even when nothing is wrong and I do not know how to cope,emotional_support
Lately I feel hopeless and drained even when nothing is wrong and I feel like crying,emotional_support
Lately I feel hopeless and drained even when nothing is wrong and I need emotional support,emotional_support
Lately I feel scared for no reason after work,emotional_support
Lately I feel scared for no reason after work and I just need someone to listen,emotional_support
Lately I feel scared for no reason after work and I do not know how to cope,emotional_support
Lately I feel scared for no reason after work and I feel like crying,emotional_support
Lately I feel scared for no reason after work and I need emotional support,emotional_support
Lately I feel scared for no reason when I wake up,emotional_support
Lately I feel scared for no reason when I wake up and I just need someone to listen,emotional_support
Lately I feel scared for no reason when I wake up and I do not know how to cope,emotional_support
Lately I feel scared for no reason when I wake up and I feel like crying,emotional_support
Lately I feel scared for no reason when I wake up and I need emotional support,emotional_support
Lately I feel scared for no reason every evening,emotional_support
Lately I feel scared for no reason every evening and I just need someone to listen,emotional_support
Lately I feel scared for no reason every evening and I do not know how to cope,emotional_support
Lately I feel scared for no reason every evening and I feel like crying,emotional_support
Lately I feel scared for no reason every evening and I need emotional support,emotional_support
Lately I feel scared for no reason all the time,emotional_support
Lately I feel scared for no reason all the time and I just need someone to listen,emotional_support
Lately I feel scared for no reason all the time and I do not know how to cope,emotional_support
Lately I feel scared for no reason all the time and I feel like crying,emotional_support
Lately I feel scared for no reason all the time and I need emotional support,emotional_support
Lately I feel scared for no reason since the weekend,emotional_support
Lately I feel scared for no reason since the weekend and I just need someone to listen,emotional_support
Lately I feel scared for no reason since the weekend and I do not know how to cope,emotional_support
Lately I feel scared for no reason since the weekend and I feel like crying,emotional_support
Lately I feel scared for no reason since the weekend and I need emotional support,emotional_support
Lately I feel scared for no reason around other people,emotional_support
Lately I feel scared for no reason around other people and I just need someone to listen,emotional_support
Lately I feel scared for no reason around other people and I do not know how to cope,emotional_support
Lately I feel scared for no reason around other people and I feel like crying,emotional_support
Lately I feel scared for no reason around other people and I need emotional support,emotional_support
Lately I feel scared for no reason even when nothing is wrong,emotional_support
Lately I feel scared for no reason even when nothing is wrong and I just need someone to listen,emotional_support
Lately I feel scared for no reason even when nothing is wrong and I do not know how to cope,emotional_support
Lately I feel scared for no reason even when nothing is wrong and I feel like crying,emotional_support
Lately I feel scared for no reason even when nothing is wrong and I need emotional support,emotional_support
Lately I feel like I am breaking down after work,emotional_support
Lately I feel like I am breaking down after work and I just need someone to listen,emotional_support
Lately I feel like I am breaking down after work and I do not know how to cope,emotional_support
Lately I feel like I am breaking down after work and I feel like crying,emotional_support
Lately I feel like I am breaking down after work and I need emotional support,emotional_support
Lately I feel like I am breaking down when I wake up,emotional_support
Lately I feel like I am breaking down when I wake up and I just need someone to listen,emotional_support
Lately I feel like I am breaking down when I wake up and I do not know how to cope,emotional_support
Lately I feel like I am breaking down when I wake up and I feel like crying,emotional_support
Lately I feel like I am breaking down when I wake up and I need emotional support,emotional_support
Lately I feel like I am breaking down every evening,emotional_support
Lately I feel like I am breaking down every evening and I just need someone to listen,emotional_support
Lately I feel like I am breaking down every evening and I do not know how to cope,emotional_support
Lately I feel like I am breaking down every evening and I feel like crying,emotional_support
Lately I feel like I am breaking down every evening and I need emotional support,emotional_support
Lately I feel like I am breaking down all the time,emotional_support
Lately I feel like I am breaking down all the time and I just need someone to listen,emotional_support
Lately I feel like I am breaking down all the time and I do not know how to cope,emotional_support
Lately I feel like I am breaking down all the time and I feel like crying,emotional_support
Lately I feel like I am breaking down all the time and I need emotional support,emotional_support
Lately I feel like I am breaking down since the weekend,emotional_support
Lately I feel like I am breaking down since the weekend and I just need someone to listen,emotional_support
Lately I feel like I am breaking down since the weekend and I do not know how to cope,emotional_support
Lately I feel like I am breaking down since the weekend and I feel like crying,emotional_support
Lately I feel like I am breaking down since the weekend and I need emotional support,emotional_support
Lately I feel like I am breaking down around other people,emotional_support
Lately I feel like I am breaking down around other people and I just need someone to listen,emotional_support
Lately I feel like I am breaking down around other people and I do not know how to cope,emotional_support
Lately I feel like I am breaking down around other people and I feel like crying,emotional_support
Lately I feel like I am breaking down around other people and I need emotional support,emotional_support
Lately I feel like I am breaking down even when nothing is wrong,emotional_support
Lately I feel like I am breaking down even when nothing is wrong and I just need someone to listen,emotional_support
Lately I feel like I am breaking down even when nothing is wrong and I do not know how to cope,emotional_support
Lately I feel like I am breaking down even when nothing is wrong and I feel like crying,emotional_support
Lately I feel like I am breaking down even when nothing is wrong and I need emotional support,emotional_support
Lately I feel like nobody understands me after work,emotional_support
Lately I feel like nobody understands me after work and I just need someone to listen,emotional_support
Lately I feel like nobody understands me after work and I do not know how to cope,emotional_support
Lately I feel like nobody understands me after work and I feel like crying,emotional_support
Lately I feel like nobody understands me after work and I need emotional support,emotional_support
Lately I feel like nobody understands me when I wake up,emotional_support
Lately I feel like nobody understands me when I wake up and I just need someone to listen,emotional_support
Lately I feel like nobody understands me when I wake up and I do not know how to cope,emotional_support
Lately I feel like nobody understands me when I wake up and I feel like crying,emotional_support
Lately I feel like nobody understands me when I wake up and I need emotional support,emotional_support
Lately I feel like nobody understands me every evening,emotional_support
Lately I feel like nobody understands me every evening and I just need someone to listen,emotional_support
Lately I feel like nobody understands me every evening and I do not know how to cope,emotional_support
Lately I feel like nobody understands me every evening and I feel like crying,emotional_support
Lately I feel like nobody understands me every evening and I need emotional support,emotional_support
Lately I feel like nobody understands me all the time,emotional_support
Lately I feel like nobody understands me all the time and I just need someone to listen,emotional_support
Lately I feel like nobody understands me all the time and I do not know how to cope,emotional_support
Lately I feel like nobody understands me all the time and I feel like crying,emotional_support
Lately I feel like nobody understands me all the time and I need emotional support,emotional_support
Lately I feel like nobody understands me since the weekend,emotional_support
Lately I feel like nobody understands me since the weekend and I just need someone to listen,emotional_support
Lately I feel like nobody understands me since the weekend and I do not know how to cope,emotional_support
Lately I feel like nobody understands me since the weekend and I feel like crying,emotional_support
Lately I feel like nobody understands me since the weekend and I need emotional support,emotional_support
Lately I feel like nobody understands me around other people,emotional_support
Lately I feel like nobody understands me around other people and I just need someone to listen,emotional_support
Lately I feel like nobody understands me around other people and I do not know how to cope,emotional_support
Lately I feel like nobody understands me around other people and I feel like crying,emotional_support
Lately I feel like nobody understands me around other people and I need emotional support,emotional_support
Lately I feel like nobody understands me even when nothing is wrong,emotional_support
Lately I feel like nobody understands me even when nothing is wrong and I just need someone to listen,emotional_support
Lately I feel like nobody understands me even when nothing is wrong and I do not know how to cope,emotional_support
Lately I feel like nobody understands me even when nothing is wrong and I feel like crying,emotional_support
Lately I feel like nobody understands me even when nothing is wrong and I need emotional support,emotional_support
Most days I feel so anxious after work,emotional_support
Most days I feel so anxious after work and I just need someone to listen,emotional_support
Most days I feel so anxious after work and I do not know how to cope,emotional_support
Most days I feel so anxious after work and I feel like crying,emotional_support
Most days I feel so anxious after work and I need emotional support,emotional_support
Most days I feel so anxious when I wake up,emotional_support
Most days I feel so anxious when I wake up and I just need someone to listen,emotional_support
Most days I feel so anxious when I wake up and I do not know how to cope,emotional_support
Most days I feel so anxious when I wake up and I feel like crying,emotional_support
Most days I feel so anxious when I wake up and I need emotional support,emotional_support
Most days I feel so anxious every evening,emotional_support
Most days I feel so anxious every evening and I just need someone to listen,emotional_support
Most days I feel so anxious every evening and I do not know how to cope,emotional_support
Most days I feel so anxious every evening and I feel like crying,emotional_support
Most days I feel so anxious every evening and I need emotional support,emotional_support
Most days I feel so anxious all the time,emotional_support
Most days I feel so anxious all the time and I just need someone to listen,emotional_support
Most days I feel so anxious all the time and I do not know how to cope,emotional_support
Most days I feel so anxious all the time and I feel like crying,emotional_support
Most days I feel so anxious all the time and I need emotional support,emotional_support
Most days I feel so anxious since the weekend,emotional_support
Most days I feel so anxious since the weekend and I just need someone to listen,emotional_support
Most days I feel so anxious since the weekend and I do not know how to cope,emotional_support
Most days I feel so anxious since the weekend and I feel like crying,emotional_support
Most days I feel so anxious since the weekend and I need emotional support,emotional_support
Most days I feel so anxious around other people,emotional_support
Most days I feel so anxious around other people and I just need someone to listen,emotional_support
Most days I feel so anxious around other people and I do not know how to cope,emotional_support
Most days I feel so anxious around other people and I feel like crying,emotional_support
Most days I feel so anxious around other people and I need emotional support,emotional_support
Most days I feel so anxious even when nothing is wrong,emotional_support
Most days I feel so anxious even when nothing is wrong and I just need someone to listen,emotional_support
Most days I feel so anxious even when nothing is wrong and I do not know how to cope,emotional_support
Most days I feel so anxious even when nothing is wrong and I feel like crying,emotional_support
Most days I feel so anxious even when nothing is wrong and I need emotional support,emotional_support
Most days I feel really low after work,emotional_support
Most days I feel really low after work and I just need someone to listen,emotional_support
Most days I feel really low after work and I do not know how to cope,emotional_support
Most days I feel really low after work and I feel like crying,emotional_support
Most days I feel really low after work and I need emotional support,emotional_support
Most days I feel really low when I wake up,emotional_support
Most days I feel really low when I wake up and I just need someone to listen,emotional_support
Most days I feel really low when I wake up and I do not know how to cope,emotional_support
Most days I feel really low when I wake up and I feel like crying,emotional_support
Most days I feel really low when I wake up and I need emotional support,emotional_support
Most days I feel really low every evening,emotional_support
Most days I feel really low every evening and I just need someone to listen,emotional_support
Most days I feel really low every evening and I do not know how to cope,emotional_support
Most days I feel really low every evening and I feel like crying,emotional_support
Most days I feel really low every evening and I need emotional support,emotional_support
Most days I feel really low all the time,emotional_support
Most days I feel really low all the time and I just need someone to listen,emotional_support
Most days I feel really low all the time and I do not know how to cope,emotional_support
Most days I feel really low all the time and I feel like crying,emotional_support
Most days I feel really low all the time and I need emotional support,emotional_support
Most days I feel really low since the weekend,emotional_support
Most days I feel really low since the weekend and I just need someone to listen,emotional_support
Most days I feel really low since the weekend and I do not know how to cope,emotional_support
Most days I feel really low since the weekend and I feel like crying,emotional_support
Most days I feel really low since the weekend and I need emotional support,emotional_support
Most days I feel really low around other people,emotional_support
Most days I feel really low around other people and I just need someone to listen,emotional_support
Most days I feel really low around other people and I do not know how to cope,emotional_support
Most days I feel really low around other people and I feel like crying,emotional_support
Most days I feel really low around other people and I need emotional support,emotional_support
Most days I feel really low even when nothing is wrong,emotional_support
Most days I feel really low even when nothing is wrong and I just need someone to listen,emotional_support
Most days I feel really low even when nothing is wrong and I do not know how to cope,emotional_support
Most days I feel really low even when nothing is wrong and I feel like crying,emotional_support
Most days I feel really low even when nothing is wrong and I need emotional support,emotional_support
Most days I feel completely alone after work,emotional_support
Most days I feel completely alone after work and I just need someone to listen,emotional_support
Most days I feel completely alone after work and I do not know how to cope,emotional_support
Most days I feel completely alone after work and I feel like crying,emotional_support
Most days I feel completely alone after work and I need emotional support,emotional_support
Most days I feel completely alone when I wake up,emotional_support
Most days I feel completely alone when I wake up and I just need someone to listen,emotional_support
Most days I feel completely alone when I wake up and I do not know how to cope,emotional_support
Most days I feel completely alone when I wake up and I feel like crying,emotional_support
Most days I feel completely alone when I wake up and I need emotional support,emotional_support
Most days I feel completely alone every evening,emotional_support
Most days I feel completely alone every evening and I just need someone to listen,emotional_support
Most days I feel completely alone every evening and I do not know how to cope,emotional_support
Most days I feel completely alone every evening and I feel like crying,emotional_support
Most days I feel completely alone every evening and I need emotional support,emotional_support
Most days I feel completely alone all the time,emotional_support
Most days I feel completely alone all the time and I just need someone to listen,emotional_support
Most days I feel completely alone all the time and I do not know how to cope,emotional_support
Most days I feel completely alone all the time and I feel like crying,emotional_support
Most days I feel completely alone all the time and I need emotional support,emotional_support
Most days I feel completely alone since the weekend,emotional_support
Most days I feel completely alone since the weekend and I just need someone to listen,emotional_support
Most days I feel completely alone since the weekend and I do not know how to cope,emotional_support
Most days I feel completely alone since the weekend and I feel like crying,emotional_support
Most days I feel completely alone since the weekend and I need emotional support,emotional_support
Most days I feel completely alone around other people,emotional_support
Most days I feel completely alone around other people and I just need someone to listen,emotional_support
Most days I feel completely alone around other people and I do not know how to cope,emotional_support
Most days I feel completely alone around other people and I feel like crying,emotional_support
Most days I feel completely alone around other people and I need emotional support,emotional_support
Most days I feel completely alone even when nothing is wrong,emotional_support
Most days I feel completely alone even when nothing is wrong and I just need someone to listen,emotional_support
Most days I feel completely alone even when nothing is wrong and I do not know how to cope,emotional_support
Most days I feel completely alone even when nothing is wrong and I feel like crying,emotional_support
Most days I feel completely alone even when nothing is wrong and I need emotional support,emotional_support
Most days I feel emotionally exhausted after work,emotional_support
Most days I feel emotionally exhausted after work and I just need someone to listen,emotional_support
Most days I feel emotionally exhausted after work and I do not know how to cope,emotional_support
Most days I feel emotionally exhausted after work and I feel like crying,emotional_support
Most days I feel emotionally exhausted after work and I need emotional support,emotional_support
Most days I feel emotionally exhausted when I wake up,emotional_support
Most days I feel emotionally exhausted when I wake up and I just need someone to listen,emotional_support
Most days I feel emotionally exhausted when I wake up and I do not know how to cope,emotional_support
Most days I feel emotionally exhausted when I wake up and I feel like crying,emotional_support
Most days I feel emotionally exhausted when I wake up and I need emotional support,emotional_support
Most days I feel emotionally exhausted every evening,emotional_support
Most days I feel emotionally exhausted every evening and I just need someone to listen,emotional_support
Most days I feel emotionally exhausted every evening and I do not know how to cope,emotional_support
Most days I feel emotionally exhausted every evening and I feel like crying,emotional_support
Most days I feel emotionally exhausted every evening and I need emotional support,emotional_support
Most days I feel emotionally exhausted all the time,emotional_support
Most days I feel emotionally exhausted all the time and I just need someone to listen,emotional_support
Most days I feel emotionally exhausted all the time and I do not know how to cope,emotional_support
Most days I feel emotionally exhausted all the time and I feel like crying,emotional_support
Most days I feel emotionally exhausted all the time and I need emotional support,emotional_support
Most days I feel emotionally exhausted since the weekend,emotional_support
Most days I feel emotionally exhausted since the weekend and I just need someone to listen,emotional_support
Most days I feel emotionally exhausted since the weekend and I do not know how to cope,emotional_support
Most days I feel emotionally exhausted since the weekend and I feel like crying,emotional_support
Most days I feel emotionally exhausted since the weekend and I need emotional support,emotional_support
Most days I feel emotionally exhausted around other people,emotional_support
Most days I feel emotionally exhausted around other people and I just need someone to listen,emotional_support
Most days I feel emotionally exhausted around other people and I do not know how to cope,emotional_support
Most days I feel emotionally exhausted around other people and I feel like crying,emotional_support
Most days I feel emotionally exhausted around other people and I need emotional support,emotional_support
Most days I feel emotionally exhausted even when nothing is wrong,emotional_support
Most days I feel emotionally exhausted even when nothing is wrong and I just need someone to listen,emotional_support
Most days I feel emotionally exhausted even when nothing is wrong and I do not know how to cope,emotional_support
Most days I feel emotionally exhausted even when nothing is wrong and I feel like crying,emotional_support
Most days I feel emotionally exhausted even when nothing is wrong and I need emotional support,emotional_support
Most days I feel hopeless and drained after work,emotional_support
Most days I feel hopeless and drained after work and I just need someone to listen,emotional_support
Most days I feel hopeless and drained after work and I do not know how to cope,emotional_support
Most days I feel hopeless and drained after work and I feel like crying,emotional_support
Most days I feel hopeless and drained after work and I need emotional support,emotional_support
Most days I feel hopeless and drained when I wake up,emotional_support
Most days I feel hopeless and drained when I wake up and I just need someone to listen,emotional_support
Most days I feel hopeless and drained when I wake up and I do not know how to cope,emotional_support
Most days I feel hopeless and drained when I wake up and I feel like crying,emotional_support
Most days I feel hopeless and drained when I wake up and I need emotional support,emotional_support
Most days I feel hopeless and drained every evening,emotional_support
Most days I feel hopeless and drained every evening and I just need someone to listen,emotional_support
Most days I feel hopeless and drained every evening and I do not know how to cope,emotional_support
Most days I feel hopeless and drained every evening and I feel like crying,emotional_support
Most days I feel hopeless and drained every evening and I need emotional support,emotional_support
Most days I feel hopeless and drained all the time,emotional_support
Most days I feel hopeless and drained all the time and I just need someone to listen,emotional_support
Most days I feel hopeless and drained all the time and I do not know how to cope,emotional_support
Most days I feel hopeless and drained all the time and I feel like crying,emotional_support
Most days I feel hopeless and drained all the time and I need emotional support,emotional_support
Most days I feel hopeless and drained since the weekend,emotional_support
Most days I feel hopeless and drained since the weekend and I just need someone to listen,emotional_support
Most days I feel hopeless and drained since the weekend and I do not know how to cope,emotional_support
Most days I feel hopeless and drained since the weekend and I feel like crying,emotional_support
Most days I feel hopeless and drained since the weekend and I need emotional support,emotional_support
Most days I feel hopeless and drained around other people,emotional_support
Most days I feel hopeless and drained around other people and I just need someone to listen,emotional_support
Most days I feel hopeless and drained around other people and I do not know how to cope,emotional_support
Most days I feel hopeless and drained around other people and I feel like crying,emotional_support
Most days I feel hopeless and drained around other people and I need emotional support,emotional_support
Most days I feel hopeless and drained even when nothing is wrong,emotional_support
Most days I feel hopeless and drained even when nothing is wrong and I just need someone to listen,emotional_support
Most days I feel hopeless and drained even when nothing is wrong and I do not know how to cope,emotional_support
Most days I feel hopeless and drained even when nothing is wrong and I feel like crying,emotional_support
Most days I feel hopeless and drained even when nothing is wrong and I need emotional support,emotional_support
Most days I feel scared for no reason after work,emotional_support
Most days I feel scared for no reason after work and I just need someone to listen,emotional_support
Most days I feel scared for no reason after work and I do not know how to cope,emotional_support
Most days I feel scared for no reason after work and I feel like crying,emotional_support
Most days I feel scared for no reason after work and I need emotional support,emotional_support
Most days I feel scared for no reason when I wake up,emotional_support
Most days I feel scared for no reason when I wake up and I just need someone to listen,emotional_support
Most days I feel scared for no reason when I wake up and I do not know how to cope,emotional_support
Most days I feel scared for no reason when I wake up and I feel like crying,emotional_support
Most days I feel scared for no reason when I wake up and I need emotional support,emotional_support
Most days I feel scared for no reason every evening,emotional_support
Most days I feel scared for no reason every evening and I just need someone to listen,emotional_support
Most days I feel scared for no reason every evening and I do not know how to cope,emotional_support
Most days I feel scared for no reason every evening and I feel like crying,emotional_support
Most days I feel scared for no reason every evening and I need emotional support,emotional_support
Most days I feel scared for no reason all the time,emotional_support
Most days I feel scared for no reason all the time and I just need someone to listen,emotional_support
Most days I feel scared for no reason all the time and I do not know how to cope,emotional_support
Most days I feel scared for no reason all the time and I feel like crying,emotional_support
Most days I feel scared for no reason all the time and I need emotional support,emotional_support
Most days I feel scared for no reason since the weekend,emotional_support
Most days I feel scared for no reason since the weekend and I just need someone to listen,emotional_support
Most days I feel scared for no reason since the weekend and I do not know how to cope,emotional_support
Most days I feel scared for no reason since the weekend and I feel like crying,emotional_support
Most days I feel scared for no reason since the weekend and I need emotional support,emotional_support
Most days I feel scared for no reason around other people,emotional_support
Most days I feel scared for no reason around other people and I just need someone to listen,emotional_support
Most days I feel scared for no reason around other people and I do not know how to cope,emotional_support
Most days I feel scared for no reason around other people and I feel like crying,emotional_support
Most days I feel scared for no reason around other people and I need emotional support,emotional_support
Most days I feel scared for no reason even when nothing is wrong,emotional_support
Most days I feel scared for no reason even when nothing is wrong and I just need someone to listen,emotional_support
Most days I feel scared for no reason even when nothing is wrong and I do not know how to cope,emotional_support
Most days I feel scared for no reason even when nothing is wrong and I feel like crying,emotional_support
Most days I feel scared for no reason even when nothing is wrong and I need emotional support,emotional_support
Most days I feel like I am breaking down after work,emotional_support
Most days I feel like I am breaking down after work and I just need someone to listen,emotional_support
Most days I feel like I am breaking down after work and I do not know how to cope,emotional_support
Most days I feel like I am breaking down after work and I feel like crying,emotional_support
Most days I feel like I am breaking down after work and I need emotional support,emotional_support
Most days I feel like I am breaking down when I wake up,emotional_support
Most days I feel like I am breaking down when I wake up and I just need someone to listen,emotional_support
Most days I feel like I am breaking down when I wake up and I do not know how to cope,emotional_support
Most days I feel like I am breaking down when I wake up and I feel like crying,emotional_support
Most days I feel like I am breaking down when I wake up and I need emotional support,emotional_support
Most days I feel like I am breaking down every evening,emotional_support
Most days I feel like I am breaking down every evening and I just need someone to listen,emotional_support
Most days I feel like I am breaking down every evening and I do not know how to cope,emotional_support
Most days I feel like I am breaking down every evening and I feel like crying,emotional_support
Most days I feel like I am breaking down every evening and I need emotional support,emotional_support
Most days I feel like I am breaking down all the time,emotional_support
Most days I feel like I am breaking down all the time and I just need someone to listen,emotional_support
Most days I feel like I am breaking down all the time and I do not know how to cope,emotional_support
Most days I feel like I am breaking down all the time and I feel like crying,emotional_support
Most days I feel like I am breaking down all the time and I need emotional support,emotional_support
Most days I feel like I am breaking down since the weekend,emotional_support
Most days I feel like I am breaking down since the weekend and I just need someone to listen,emotional_support
Most days I feel like I am breaking down since the weekend and I do not know how to cope,emotional_support
Most days I feel like I am breaking down since the weekend and I feel like crying,emotional_support
Most days I feel like I am breaking down since the weekend and I need emotional support,emotional_support
Most days I feel like I am breaking down around other people,emotional_support
Most days I feel like I am breaking down around other people and I just need someone to listen,emotional_support
Most days I feel like I am breaking down around other people and I do not know how to cope,emotional_support
Most days I feel like I am breaking down around other people and I feel like crying,emotional_support
Most days I feel like I am breaking down around other people and I need emotional support,emotional_support
Most days I feel like I am breaking down even when nothing is wrong,emotional_support
Most days I feel like I am breaking down even when nothing is wrong and I just need someone to listen,emotional_support
Most days I feel like I am breaking down even when nothing is wrong and I do not know how to cope,emotional_support
Most days I feel like I am breaking down even when nothing is wrong and I feel like crying,emotional_support
Most days I feel like I am breaking down even when nothing is wrong and I need emotional support,emotional_support
Most days I feel like nobody understands me after work,emotional_support
Most days I feel like nobody understands me after work and I just need someone to listen,emotional_support
Most days I feel like nobody understands me after work and I do not know how to cope,emotional_support
Most days I feel like nobody understands me after work and I feel like crying,emotional_support
Most days I feel like nobody understands me after work and I need emotional support,emotional_support
Most days I feel like nobody understands me when I wake up,emotional_support
Most days I feel like nobody understands me when I wake up and I just need someone to listen,emotional_support
Most days I feel like nobody understands me when I wake up and I do not know how to cope,emotional_support
Most days I feel like nobody understands me when I wake up and I feel like crying,emotional_support
Most days I feel like nobody understands me when I wake up and I need emotional support,emotional_support
Most days I feel like nobody understands me every evening,emotional_support
Most days I feel like nobody understands me every evening and I just need someone to listen,emotional_support
Most days I feel like nobody understands me every evening and I do not know how to cope,emotional_support
Most days I feel like nobody understands me every evening and I feel like crying,emotional_support
Most days I feel like nobody understands me every evening and I need emotional support,emotional_support
Most days I feel like nobody understands me all the time,emotional_support
Most days I feel like nobody understands me all the time and I just need someone to listen,emotional_support
Most days I feel like nobody understands me all the time and I do not know how to cope,emotional_support
Most days I feel like nobody understands me all the time and I feel like crying,emotional_support
Most days I feel like nobody understands me all the time and I need emotional support,emotional_support
Most days I feel like nobody understands me since the weekend,emotional_support
Most days I feel like nobody understands me since the weekend and I just need someone to listen,emotional_support
Most days I feel like nobody understands me since the weekend and I do not know how to cope,emotional_support
Most days I feel like nobody understands me since the weekend and I feel like crying,emotional_support
Most days I feel like nobody understands me since the weekend and I need emotional support,emotional_support
Most days I feel like nobody understands me around other people,emotional_support
Most days I feel like nobody understands me around other people and I just need someone to listen,emotional_support
Most days I feel like nobody understands me around other people and I do not know how to cope,emotional_support
Most days I feel like nobody understands me around other people and I feel like crying,emotional_support
Most days I feel like nobody understands me around other people and I need emotional support,emotional_support
Most days I feel like nobody understands me even when nothing is wrong,emotional_support
Most days I feel like nobody understands me even when nothing is wrong and I just need someone to listen,emotional_support
Most days I feel like nobody understands me even when nothing is wrong and I do not know how to cope,emotional_support
Most days I feel like nobody understands me even when nothing is wrong and I feel like crying,emotional_support
Most days I feel like nobody understands me even when nothing is wrong and I need emotional support,emotional_support
These days I feel so anxious after work,emotional_support
These days I feel so anxious after work and I just need someone to listen,emotional_support
These days I feel so anxious after work and I do not know how to cope,emotional_support
These days I feel so anxious after work and I feel like crying,emotional_support
These days I feel so anxious after work and I need emotional support,emotional_support
These days I feel so anxious when I wake up,emotional_support
These days I feel so anxious when I wake up and I just need someone to listen,emotional_support
These days I feel so anxious when I wake up and I do not know how to cope,emotional_support
These days I feel so anxious when I wake up and I feel like crying,emotional_support
These days I feel so anxious when I wake up and I need emotional support,emotional_support
These days I feel so anxious every evening,emotional_support
These days I feel so anxious every evening and I just need someone to listen,emotional_support
These days I feel so anxious every evening and I do not know how to cope,emotional_support
These days I feel so anxious every evening and I feel like crying,emotional_support
These days I feel so anxious every evening and I need emotional support,emotional_support
These days I feel so anxious all the time,emotional_support
These days I feel so anxious all the time and I just need someone to listen,emotional_support
These days I feel so anxious all the time and I do not know how to cope,emotional_support
These days I feel so anxious all the time and I feel like crying,emotional_support
These days I feel so anxious all the time and I need emotional support,emotional_support
These days I feel so anxious since the weekend,emotional_support
These days I feel so anxious since the weekend and I just need someone to listen,emotional_support
These days I feel so anxious since the weekend and I do not know how to cope,emotional_support
These days I feel so anxious since the weekend and I feel like crying,emotional_support
These days I feel so anxious since the weekend and I need emotional support,emotional_support
These days I feel so anxious around other people,emotional_support
These days I feel so anxious around other people and I just need someone to listen,emotional_support
These days I feel so anxious around other people and I do not know how to cope,emotional_support
These days I feel so anxious around other people and I feel like crying,emotional_support
These days I feel so anxious around other people and I need emotional support,emotional_support
These days I feel so anxious even when nothing is wrong,emotional_support
These days I feel so anxious even when nothing is wrong and I just need someone to listen,emotional_support
These days I feel so anxious even when nothing is wrong and I do not know how to cope,emotional_support
These days I feel so anxious even when nothing is wrong and I feel like crying,emotional_support
These days I feel so anxious even when nothing is wrong and I need emotional support,emotional_support
These days I feel really low after work,emotional_support
These days I feel really low after work and I just need someone to listen,emotional_support
These days I feel really low after work and I do not know how to cope,emotional_support
These days I feel really low after work and I feel like crying,emotional_support
These days I feel really low after work and I need emotional support,emotional_support
These days I feel really low when I wake up,emotional_support
These days I feel really low when I wake up and I just need someone to listen,emotional_support
These days I feel really low when I wake up and I do not know how to cope,emotional_support
These days I feel really low when I wake up and I feel like crying,emotional_support
These days I feel really low when I wake up and I need emotional support,emotional_support
These days I feel really low every evening,emotional_support
These days I feel really low every evening and I just need someone to listen,emotional_support
These days I feel really low every evening and I do not know how to cope,emotional_support
These days I feel really low every evening and I feel like crying,emotional_support
These days I feel really low every evening and I need emotional support,emotional_support
These days I feel really low all the time,emotional_support
These days I feel really low all the time and I just need someone to listen,emotional_support
These days I feel really low all the time and I do not know how to cope,emotional_support
These days I feel really low all the time and I feel like crying,emotional_support
These days I feel really low all the time and I need emotional support,emotional_support
These days I feel really low since the weekend,emotional_support
These days I feel really low since the weekend and I just need someone to listen,emotional_support
These days I feel really low since the weekend and I do not know how to cope,emotional_support
These days I feel really low since the weekend and I feel like crying,emotional_support
These days I feel really low since the weekend and I need emotional support,emotional_support
These days I feel really low around other people,emotional_support
These days I feel really low around other people and I just need someone to listen,emotional_support
These days I feel really low around other people and I do not know how to cope,emotional_support
These days I feel really low around other people and I feel like crying,emotional_support
These days I feel really low around other people and I need emotional support,emotional_support
These days I feel really low even when nothing is wrong,emotional_support
These days I feel really low even when nothing is wrong and I just need someone to listen,emotional_support
These days I feel really low even when nothing is wrong and I do not know how to cope,emotional_support
These days I feel really low even when nothing is wrong and I feel like crying,emotional_support
These days I feel really low even when nothing is wrong and I need emotional support,emotional_support
These days I feel completely alone after work,emotional_support
These days I feel completely alone after work and I just need someone to listen,emotional_support
These days I feel completely alone after work and I do not know how to cope,emotional_support
These days I feel completely alone after work and I feel like crying,emotional_support
These days I feel completely alone after work and I need emotional support,emotional_support
These days I feel completely alone when I wake up,emotional_support
These days I feel completely alone when I wake up and I just need someone to listen,emotional_support
These days I feel completely alone when I wake up and I do not know how to cope,emotional_support
These days I feel completely alone when I wake up and I feel like crying,emotional_support
These days I feel completely alone when I wake up and I need emotional support,emotional_support
These days I feel completely alone every evening,emotional_support
These days I feel completely alone every evening and I just need someone to listen,emotional_support
These days I feel completely alone every evening and I do not know how to cope,emotional_support
These days I feel completely alone every evening and I feel like crying,emotional_support
These days I feel completely alone every evening and I need emotional support,emotional_support
These days I feel completely alone all the time,emotional_support
These days I feel completely alone all the time and I just need someone to listen,emotional_support
These days I feel completely alone all the time and I do not know how to cope,emotional_support
These days I feel completely alone all the time and I feel like crying,emotional_support
These days I feel completely alone all the time and I need emotional support,emotional_support
These days I feel completely alone since the weekend,emotional_support
These days I feel completely alone since the weekend and I just need someone to listen,emotional_support
These days I feel completely alone since the weekend and I do not know how to cope,emotional_support
These days I feel completely alone since the weekend and I feel like crying,emotional_support
These days I feel completely alone since the weekend and I need emotional support,emotional_support
These days I feel completely alone around other people,emotional_support
These days I feel completely alone around other people and I just need someone to listen,emotional_support
These days I feel completely alone around other people and I do not know how to cope,emotional_support
These days I feel completely alone around other people and I feel like crying,emotional_support
These days I feel completely alone around other people and I need emotional support,emotional_support
These days I feel completely alone even when nothing is wrong,emotional_support
These days I feel completely alone even when nothing is wrong and I just need someone to listen,emotional_support
These days I feel completely alone even when nothing is wrong and I do not know how to cope,emotional_support
These days I feel completely alone even when nothing is wrong and I feel like crying,emotional_support
These days I feel completely alone even when nothing is wrong and I need emotional support,emotional_support
These days I feel emotionally exhausted after work,emotional_support
These days I feel emotionally exhausted after work and I just need someone to listen,emotional_support
These days I feel emotionally exhausted after work and I do not know how to cope,emotional_support
These days I feel emotionally exhausted after work and I feel like crying,emotional_support
These days I feel emotionally exhausted after work and I need emotional support,emotional_support
These days I feel emotionally exhausted when I wake up,emotional_support
These days I feel emotionally exhausted when I wake up and I just need someone to listen,emotional_support
These days I feel emotionally exhausted when I wake up and I do not know how to cope,emotional_support
These days I feel emotionally exhausted when I wake up and I feel like crying,emotional_support
These days I feel emotionally exhausted when I wake up and I need emotional support,emotional_support
These days I feel emotionally exhausted every evening,emotional_support
These days I feel emotionally exhausted every evening and I just need someone to listen,emotional_support
These days I feel emotionally exhausted every evening and I do not know how to cope,emotional_support
These days I feel emotionally exhausted every evening and I feel like crying,emotional_support
These days I feel emotionally exhausted every evening and I need emotional support,emotional_support
These days I feel emotionally exhausted all the time,emotional_support
These days I feel emotionally exhausted all the time and I just need someone to listen,emotional_support
These days I feel emotionally exhausted all the time and I do not know how to cope,emotional_support
These days I feel emotionally exhausted all the time and I feel like crying,emotional_support
These days I feel emotionally exhausted all the time and I need emotional support,emotional_support
These days I feel emotionally exhausted since the weekend,emotional_support
These days I feel emotionally exhausted since the weekend and I just need someone to listen,emotional_support
These days I feel emotionally exhausted since the weekend and I do not know how to cope,emotional_support
These days I feel emotionally exhausted since the weekend and I feel like crying,emotional_support
These days I feel emotionally exhausted since the weekend and I need emotional support,emotional_support
These days I feel emotionally exhausted around other people,emotional_support
These days I feel emotionally exhausted around other people and I just need someone to listen,emotional_support
These days I feel emotionally exhausted around other people and I do not know how to cope,emotional_support
These days I feel emotionally exhausted around other people and I feel like crying,emotional_support
These days I feel emotionally exhausted around other people and I need emotional support,emotional_support
These days I feel emotionally exhausted even when nothing is wrong,emotional_support
These days I feel emotionally exhausted even when nothing is wrong and I just need someone to listen,emotional_support
These days I feel emotionally exhausted even when nothing is wrong and I do not know how to cope,emotional_support
These days I feel emotionally exhausted even when nothing is wrong and I feel like crying,emotional_support
These days I feel emotionally exhausted even when nothing is wrong and I need emotional support,emotional_support
These days I feel hopeless and drained after work,emotional_support
These days I feel hopeless and drained after work and I just need someone to listen,emotional_support
These days I feel hopeless and drained after work and I do not know how to cope,emotional_support
These days I feel hopeless and drained after work and I feel like crying,emotional_support
These days I feel hopeless and drained after work and I need emotional support,emotional_support
These days I feel hopeless and drained when I wake up,emotional_support
These days I feel hopeless and drained when I wake up and I just need someone to listen,emotional_support
These days I feel hopeless and drained when I wake up and I do not know how to cope,emotional_support
These days I feel hopeless and drained when I wake up and I feel like crying,emotional_support
These days I feel hopeless and drained when I wake up and I need emotional support,emotional_support
These days I feel hopeless and drained every evening,emotional_support
These days I feel hopeless and drained every evening and I just need someone to listen,emotional_support
These days I feel hopeless and drained every evening and I do not know how to cope,emotional_support
These days I feel hopeless and drained every evening and I feel like crying,emotional_support
These days I feel hopeless and drained every evening and I need emotional support,emotional_support
These days I feel hopeless and drained all the time,emotional_support
These days I feel hopeless and drained all the time and I just need someone to listen,emotional_support
These days I feel hopeless and drained all the time and I do not know how to cope,emotional_support
These days I feel hopeless and drained all the time and I feel like crying,emotional_support
These days I feel hopeless and drained all the time and I need emotional support,emotional_support
These days I feel hopeless and drained since the weekend,emotional_support
These days I feel hopeless and drained since the weekend and I just need someone to listen,emotional_support
These days I feel hopeless and drained since the weekend and I do not know how to cope,emotional_support
These days I feel hopeless and drained since the weekend and I feel like crying,emotional_support
These days I feel hopeless and drained since the weekend and I need emotional support,emotional_support
These days I feel hopeless and drained around other people,emotional_support
These days I feel hopeless and drained around other people and I just need someone to listen,emotional_support
These days I feel hopeless and drained around other people and I do not know how to cope,emotional_support
These days I feel hopeless and drained around other people and I feel like crying,emotional_support
These days I feel hopeless and drained around other people and I need emotional support,emotional_support
These days I feel hopeless and drained even when nothing is wrong,emotional_support
These days I feel hopeless and drained even when nothing is wrong and I just need someone to listen,emotional_support
These days I feel hopeless and drained even when nothing is wrong and I do not know how to cope,emotional_support
These days I feel hopeless and drained even when nothing is wrong and I feel like crying,emotional_support
These days I feel hopeless and drained even when nothing is wrong and I need emotional support,emotional_support
These days I feel scared for no reason after work,emotional_support
These days I feel scared for no reason after work and I just need someone to listen,emotional_support
These days I feel scared for no reason after work and I do not know how to cope,emotional_support
These days I feel scared for no reason after work and I feel like crying,emotional_support
These days I feel scared for no reason after work and I need emotional support,emotional_support
These days I feel scared for no reason when I wake up,emotional_support
These days I feel scared for no reason when I wake up and I just need someone to listen,emotional_support
These days I feel scared for no reason when I wake up and I do not know how to cope,emotional_support
These days I feel scared for no reason when I wake up and I feel like crying,emotional_support
These days I feel scared for no reason when I wake up and I need emotional support,emotional_support
These days I feel scared for no reason every evening,emotional_support
These days I feel scared for no reason every evening and I just need someone to listen,emotional_support
These days I feel scared for no reason every evening and I do not know how to cope,emotional_support
These days I feel scared for no reason every evening and I feel like crying,emotional_support
These days I feel scared for no reason every evening and I need emotional support,emotional_support
These days I feel scared for no reason all the time,emotional_support
These days I feel scared for no reason all the time and I just need someone to listen,emotional_support
These days I feel scared for no reason all the time and I do not know how to cope,emotional_support
These days I feel scared for no reason all the time and I feel like crying,emotional_support
These days I feel scared for no reason all the time and I need emotional support,emotional_support
These days I feel scared for no reason since the weekend,emotional_support
These days I feel scared for no reason since the weekend and I just need someone to listen,emotional_support
These days I feel scared for no reason since the weekend and I do not know how to cope,emotional_support
These days I feel scared for no reason since the weekend and I feel like crying,emotional_support
These days I feel scared for no reason since the weekend and I need emotional support,emotional_support
These days I feel scared for no reason around other people,emotional_support
These days I feel scared for no reason around other people and I just need someone to listen,emotional_support
These days I feel scared for no reason around other people and I do not know how to cope,emotional_support
These days I feel scared for no reason around other people and I feel like crying,emotional_support
These days I feel scared for no reason around other people and I need emotional support,emotional_support
These days I feel scared for no reason even when nothing is wrong,emotional_support
These days I feel scared for no reason even when nothing is wrong and I just need someone to listen,emotional_support
These days I feel scared for no reason even when nothing is wrong and I do not know how to cope,emotional_support
These days I feel scared for no reason even when nothing is wrong and I feel like crying,emotional_support
These days I feel scared for no reason even when nothing is wrong and I need emotional support,emotional_support
These days I feel like I am breaking down after work,emotional_support
These days I feel like I am breaking down after work and I just need someone to listen,emotional_support
These days I feel like I am breaking down after work and I do not know how to cope,emotional_support
These days I feel like I am breaking down after work and I feel like crying,emotional_support
These days I feel like I am breaking down after work and I need emotional support,emotional_support
These days I feel like I am breaking down when I wake up,emotional_support
These days I feel like I am breaking down when I wake up and I just need someone to listen,emotional_support
These days I feel like I am breaking down when I wake up and I do not know how to cope,emotional_support
These days I feel like I am breaking down when I wake up and I feel like crying,emotional_support
These days I feel like I am breaking down when I wake up and I need emotional support,emotional_support
These days I feel like I am breaking down every evening,emotional_support
These days I feel like I am breaking down every evening and I just need someone to listen,emotional_support
These days I feel like I am breaking down every evening and I do not know how to cope,emotional_support
These days I feel like I am breaking down every evening and I feel like crying,emotional_support
These days I feel like I am breaking down every evening and I need emotional support,emotional_support
These days I feel like I am breaking down all the time,emotional_support
These days I feel like I am breaking down all the time and I just need someone to listen,emotional_support
These days I feel like I am breaking down all the time and I do not know how to cope,emotional_support
These days I feel like I am breaking down all the time and I feel like crying,emotional_support
These days I feel like I am breaking down all the time and I need emotional support,emotional_support
These days I feel like I am breaking down since the weekend,emotional_support
These days I feel like I am breaking down since the weekend and I just need someone to listen,emotional_support
These days I feel like I am breaking down since the weekend and I do not know how to cope,emotional_support
These days I feel like I am breaking down since the weekend and I feel like crying,emotional_support
These days I feel like I am breaking down since the weekend and I need emotional support,emotional_support
These days I feel like I am breaking down around other people,emotional_support
These days I feel like I am breaking down around other people and I just need someone to listen,emotional_support
These days I feel like I am breaking down around other people and I do not know how to cope,emotional_support
These days I feel like I am breaking down around other people and I feel like crying,emotional_support
These days I feel like I am breaking down around other people and I need emotional support,emotional_support
These days I feel like I am breaking down even when nothing is wrong,emotional_support
These days I feel like I am breaking down even when nothing is wrong and I just need someone to listen,emotional_support
These days I feel like I am breaking down even when nothing is wrong and I do not know how to cope,emotional_support
These days I feel like I am breaking down even when nothing is wrong and I feel like crying,emotional_support
These days I feel like I am breaking down even when nothing is wrong and I need emotional support,emotional_support
These days I feel like nobody understands me after work,emotional_support
These days I feel like nobody understands me after work and I just need someone to listen,emotional_support
These days I feel like nobody understands me after work and I do not know how to cope,emotional_support
These days I feel like nobody understands me after work and I feel like crying,emotional_support
These days I feel like nobody understands me after work and I need emotional support,emotional_support
These days I feel like nobody understands me when I wake up,emotional_support
These days I feel like nobody understands me when I wake up and I just need someone to listen,emotional_support
These days I feel like nobody understands me when I wake up and I do not know how to cope,emotional_support
These days I feel like nobody understands me when I wake up and I feel like crying,emotional_support
These days I feel like nobody understands me when I wake up and I need emotional support,emotional_support
These days I feel like nobody understands me every evening,emotional_support
These days I feel like nobody understands me every evening and I just need someone to listen,emotional_support
These days I feel like nobody understands me every evening and I do not know how to cope,emotional_support
These days I feel like nobody understands me every evening and I feel like crying,emotional_support
These days I feel like nobody understands me every evening and I need emotional support,emotional_support
These days I feel like nobody understands me all the time,emotional_support
These days I feel like nobody understands me all the time and I just need someone to listen,emotional_support
These days I feel like nobody understands me all the time and I do not know how to cope,emotional_support
These days I feel like nobody understands me all the time and I feel like crying,emotional_support
These days I feel like nobody understands me all the time and I need emotional support,emotional_support
These days I feel like nobody understands me since the weekend,emotional_support
These days I feel like nobody understands me since the weekend and I just need someone to listen,emotional_support
These days I feel like nobody understands me since the weekend and I do not know how to cope,emotional_support
These days I feel like nobody understands me since the weekend and I feel like crying,emotional_support
These days I feel like nobody understands me since the weekend and I need emotional support,emotional_support
These days I feel like nobody understands me around other people,emotional_support
These days I feel like nobody understands me around other people and I just need someone to listen,emotional_support
These days I feel like nobody understands me around other people and I do not know how to cope,emotional_support
These days I feel like nobody understands me around other people and I feel like crying,emotional_support
These days I feel like nobody understands me around other people and I need emotional support,emotional_support
These days I feel like nobody understands me even when nothing is wrong,emotional_support
These days I feel like nobody understands me even when nothing is wrong and I just need someone to listen,emotional_support
These days I feel like nobody understands me even when nothing is wrong and I do not know how to cope,emotional_support
These days I feel like nobody understands me even when nothing is wrong and I feel like crying,emotional_support
These days I feel like nobody understands me even when nothing is wrong and I need emotional support,emotional_support
I have been feeling so anxious after work,emotional_support
I have been feeling so anxious after work and I just need someone to listen,emotional_support
I have been feeling so anxious after work and I do not know how to cope,emotional_support
I have been feeling so anxious after work and I feel like crying,emotional_support
I have been feeling so anxious after work and I need emotional support,emotional_support
I have been feeling so anxious when I wake up,emotional_support
I have been feeling so anxious when I wake up and I just need someone to listen,emotional_support
I have been feeling so anxious when I wake up and I do not know how to cope,emotional_support
I have been feeling so anxious when I wake up and I feel like crying,emotional_support
I have been feeling so anxious when I wake up and I need emotional support,emotional_support
I have been feeling so anxious every evening,emotional_support
I have been feeling so anxious every evening and I just need someone to listen,emotional_support
I have been feeling so anxious every evening and I do not know how to cope,emotional_support
I have been feeling so anxious every evening and I feel like crying,emotional_support
I have been feeling so anxious every evening and I need emotional support,emotional_support
I have been feeling so anxious all the time,emotional_support
I have been feeling so anxious all the time and I just need someone to listen,emotional_support
I have been feeling so anxious all the time and I do not know how to cope,emotional_support
I have been feeling so anxious all the time and I feel like crying,emotional_support
I have been feeling so anxious all the time and I need emotional support,emotional_support
I have been feeling so anxious since the weekend,emotional_support
I have been feeling so anxious since the weekend and I just need someone to listen,emotional_support
I have been feeling so anxious since the weekend and I do not know how to cope,emotional_support
I have been feeling so anxious since the weekend and I feel like crying,emotional_support
I have been feeling so anxious since the weekend and I need emotional support,emotional_support
I have been feeling so anxious around other people,emotional_support
I have been feeling so anxious around other people and I just need someone to listen,emotional_support
I have been feeling so anxious around other people and I do not know how to cope,emotional_support
I have been feeling so anxious around other people and I feel like crying,emotional_support
I have been feeling so anxious around other people and I need emotional support,emotional_support
I have been feeling so anxious even when nothing is wrong,emotional_support
I have been feeling so anxious even when nothing is wrong and I just need someone to listen,emotional_support
I have been feeling so anxious even when nothing is wrong and I do not know how to cope,emotional_support
I have been feeling so anxious even when nothing is wrong and I feel like crying,emotional_support
I have been feeling so anxious even when nothing is wrong and I need emotional support,emotional_support
I have been feeling really low after work,emotional_support
I have been feeling really low after work and I just need someone to listen,emotional_support
I have been feeling really low after work and I do not know how to cope,emotional_support
I have been feeling really low after work and I feel like crying,emotional_support
I have been feeling really low after work and I need emotional support,emotional_support
I have been feeling really low when I wake up,emotional_support
I have been feeling really low when I wake up and I just need someone to listen,emotional_support
I have been feeling really low when I wake up and I do not know how to cope,emotional_support
I have been feeling really low when I wake up and I feel like crying,emotional_support
I have been feeling really low when I wake up and I need emotional support,emotional_support
I have been feeling really low every evening,emotional_support
I have been feeling really low every evening and I just need someone to listen,emotional_support
I have been feeling really low every evening and I do not know how to cope,emotional_support
I have been feeling really low every evening and I feel like crying,emotional_support
I have been feeling really low every evening and I need emotional support,emotional_support
I have been feeling really low all the time,emotional_support
I have been feeling really low all the time and I just need someone to listen,emotional_support
I have been feeling really low all the time and I do not know how to cope,emotional_support
I have been feeling really low all the time and I feel like crying,emotional_support
I have been feeling really low all the time and I need emotional support,emotional_support
I have been feeling really low since the weekend,emotional_support
I have been feeling really low since the weekend and I just need someone to listen,emotional_support
I have been feeling really low since the weekend and I do not know how to cope,emotional_support
I have been feeling really low since the weekend and I feel like crying,emotional_support
I have been feeling really low since the weekend and I need emotional support,emotional_support
I have been feeling really low around other people,emotional_support
I have been feeling really low around other people and I just need someone to listen,emotional_support
I have been feeling really low around other people and I do not know how to cope,emotional_support
I have been feeling really low around other people and I feel like crying,emotional_support
I have been feeling really low around other people and I need emotional support,emotional_support
I have been feeling really low even when nothing is wrong,emotional_support
I have been feeling really low even when nothing is wrong and I just need someone to listen,emotional_support
I have been feeling really low even when nothing is wrong and I do not know how to cope,emotional_support
I have been feeling really low even when nothing is wrong and I feel like crying,emotional_support
I have been feeling really low even when nothing is wrong and I need emotional support,emotional_support
I have been feeling completely alone after work,emotional_support
I have been feeling completely alone after work and I just need someone to listen,emotional_support
I have been feeling completely alone after work and I do not know how to cope,emotional_support
I have been feeling completely alone after work and I feel like crying,emotional_support
I have been feeling completely alone after work and I need emotional support,emotional_support
I have been feeling completely alone when I wake up,emotional_support
I have been feeling completely alone when I wake up and I just need someone to listen,emotional_support
I have been feeling completely alone when I wake up and I do not know how to cope,emotional_support
I have been feeling completely alone when I wake up and I feel like crying,emotional_support
I have been feeling completely alone when I wake up and I need emotional support,emotional_support
I have been feeling completely alone every evening,emotional_support
I have been feeling completely alone every evening and I just need someone to listen,emotional_support
I have been feeling completely alone every evening and I do not know how to cope,emotional_support
I have been feeling completely alone every evening and I feel like crying,emotional_support
I have been feeling completely alone every evening and I need emotional support,emotional_support
I have been feeling completely alone all the time,emotional_support
I have been feeling completely alone all the time and I just need someone to listen,emotional_support
I have been feeling completely alone all the time and I do not know how to cope,emotional_support
I have been feeling completely alone all the time and I feel like crying,emotional_support
I have been feeling completely alone all the time and I need emotional support,emotional_support
I have been feeling completely alone since the weekend,emotional_support
I have been feeling completely alone since the weekend and I just need someone to listen,emotional_support
I have been feeling completely alone since the weekend and I do not know how to cope,emotional_support
I have been feeling completely alone since the weekend and I feel like crying,emotional_support
I have been feeling completely alone since the weekend and I need emotional support,emotional_support
I have been feeling completely alone around other people,emotional_support
I have been feeling completely alone around other people and I just need someone to listen,emotional_support
I have been feeling completely alone around other people and I do not know how to cope,emotional_support
I have been feeling completely alone around other people and I feel like crying,emotional_support
I have been feeling completely alone around other people and I need emotional support,emotional_support
I have been feeling completely alone even when nothing is wrong,emotional_support
I have been feeling completely alone even when nothing is wrong and I just need someone to listen,emotional_support
I have been feeling completely alone even when nothing is wrong and I do not know how to cope,emotional_support
I have been feeling completely alone even when nothing is wrong and I feel like crying,emotional_support
I have been feeling completely alone even when nothing is wrong and I need emotional support,emotional_support
I have been feeling emotionally exhausted after work,emotional_support
I have been feeling emotionally exhausted after work and I just need someone to listen,emotional_support
I have been feeling emotionally exhausted after work and I do not know how to cope,emotional_support
I have been feeling emotionally exhausted after work and I feel like crying,emotional_support
I have been feeling emotionally exhausted after work and I need emotional support,emotional_support
I have been feeling emotionally exhausted when I wake up,emotional_support
I have been feeling emotionally exhausted when I wake up and I just need someone to listen,emotional_support
I have been feeling emotionally exhausted when I wake up and I do not know how to cope,emotional_support
I have been feeling emotionally exhausted when I wake up and I feel like crying,emotional_support
I have been feeling emotionally exhausted when I wake up and I need emotional support,emotional_support
I have been feeling emotionally exhausted every evening,emotional_support
I have been feeling emotionally exhausted every evening and I just need someone to listen,emotional_support
I have been feeling emotionally exhausted every evening and I do not know how to cope,emotional_support
I have been feeling emotionally exhausted every evening and I feel like crying,emotional_support
I have been feeling emotionally exhausted every evening and I need emotional support,emotional_support
I have been feeling emotionally exhausted all the time,emotional_support
I have been feeling emotionally exhausted all the time and I just need someone to listen,emotional_support
I have been feeling emotionally exhausted all the time and I do not know how to cope,emotional_support
I have been feeling emotionally exhausted all the time and I feel like crying,emotional_support
I have been feeling emotionally exhausted all the time and I need emotional support,emotional_support
I have been feeling emotionally exhausted since the weekend,emotional_support
I have been feeling emotionally exhausted since the weekend and I just need someone to listen,emotional_support
I have been feeling emotionally exhausted since the weekend and I do not know how to cope,emotional_support
I have been feeling emotionally exhausted since the weekend and I feel like crying,emotional_support
I have been feeling emotionally exhausted since the weekend and I need emotional support,emotional_support
I have been feeling emotionally exhausted around other people,emotional_support
I have been feeling emotionally exhausted around other people and I just need someone to listen,emotional_support
I have been feeling emotionally exhausted around other people and I do not know how to cope,emotional_support
I have been feeling emotionally exhausted around other people and I feel like crying,emotional_support
I have been feeling emotionally exhausted around other people and I need emotional support,emotional_support
I have been feeling emotionally exhausted even when nothing is wrong,emotional_support
I have been feeling emotionally exhausted even when nothing is wrong and I just need someone to listen,emotional_support
I have been feeling emotionally exhausted even when nothing is wrong and I do not know how to cope,emotional_support
I have been feeling emotionally exhausted even when nothing is wrong and I feel like crying,emotional_support
I have been feeling emotionally exhausted even when nothing is wrong and I need emotional support,emotional_support
I have been feeling hopeless and drained after work,emotional_support
I have been feeling hopeless and drained after work and I just need someone to listen,emotional_support
I have been feeling hopeless and drained after work and I do not know how to cope,emotional_support
I have been feeling hopeless and drained after work and I feel like crying,emotional_support
I have been feeling hopeless and drained after work and I need emotional support,emotional_support
I have been feeling hopeless and drained when I wake up,emotional_support
I have been feeling hopeless and drained when I wake up and I just need someone to listen,emotional_support
I have been feeling hopeless and drained when I wake up and I do not know how to cope,emotional_support
I have been feeling hopeless and drained when I wake up and I feel like crying,emotional_support
I have been feeling hopeless and drained when I wake up and I need emotional support,emotional_support
I have been feeling hopeless and drained every evening,emotional_support
I have been feeling hopeless and drained every evening and I just need someone to listen,emotional_support
I have been feeling hopeless and drained every evening and I do not know how to cope,emotional_support
I have been feeling hopeless and drained every evening and I feel like crying,emotional_support
I have been feeling hopeless and drained every evening and I need emotional support,emotional_support
I have been feeling hopeless and drained all the time,emotional_support
I have been feeling hopeless and drained all the time and I just need someone to listen,emotional_support
I have been feeling hopeless and drained all the time and I do not know how to cope,emotional_support
I have been feeling hopeless and drained all the time and I feel like crying,emotional_support
I have been feeling hopeless and drained all the time and I need emotional support,emotional_support
I have been feeling hopeless and drained since the weekend,emotional_support
I have been feeling hopeless and drained since the weekend and I just need someone to listen,emotional_support
I have been feeling hopeless and drained since the weekend and I do not know how to cope,emotional_support
I have been feeling hopeless and drained since the weekend and I feel like crying,emotional_support
I have been feeling hopeless and drained since the weekend and I need emotional support,emotional_support
I have been feeling hopeless and drained around other people,emotional_support
I have been feeling hopeless and drained around other people and I just need someone to listen,emotional_support
I have been feeling hopeless and drained around other people and I do not know how to cope,emotional_support
I have been feeling hopeless and drained around other people and I feel like crying,emotional_support
I have been feeling hopeless and drained around other people and I need emotional support,emotional_support
I have been feeling hopeless and drained even when nothing is wrong,emotional_support
I have been feeling hopeless and drained even when nothing is wrong and I just need someone to listen,emotional_support
I have been feeling hopeless and drained even when nothing is wrong and I do not know how to cope,emotional_support
I have been feeling hopeless and drained even when nothing is wrong and I feel like crying,emotional_support
I have been feeling hopeless and drained even when nothing is wrong and I need emotional support,emotional_support
I have been feeling scared for no reason after work,emotional_support
I have been feeling scared for no reason after work and I just need someone to listen,emotional_support
I have been feeling scared for no reason after work and I do not know how to cope,emotional_support
I have been feeling scared for no reason after work and I feel like crying,emotional_support
I have been feeling scared for no reason after work and I need emotional support,emotional_support
I have been feeling scared for no reason when I wake up,emotional_support
I have been feeling scared for no reason when I wake up and I just need someone to listen,emotional_support
I have been feeling scared for no reason when I wake up and I do not know how to cope,emotional_support
I have been feeling scared for no reason when I wake up and I feel like crying,emotional_support
I have been feeling scared for no reason when I wake up and I need emotional support,emotional_support
I have been feeling scared for no reason every evening,emotional_support
I have been feeling scared for no reason every evening and I just need someone to listen,emotional_support
I have been feeling scared for no reason every evening and I do not know how to cope,emotional_support
I have been feeling scared for no reason every evening and I feel like crying,emotional_support
I have been feeling scared for no reason every evening and I need emotional support,emotional_support
I have been feeling scared for no reason all the time,emotional_support
I have been feeling scared for no reason all the time and I just need someone to listen,emotional_support
I have been feeling scared for no reason all the time and I do not know how to cope,emotional_support
I have been feeling scared for no reason all the time and I feel like crying,emotional_support
I have been feeling scared for no reason all the time and I need emotional support,emotional_support
I have been feeling scared for no reason since the weekend,emotional_support
I have been feeling scared for no reason since the weekend and I just need someone to listen,emotional_support
I have been feeling scared for no reason since the weekend and I do not know how to cope,emotional_support
I have been feeling scared for no reason since the weekend and I feel like crying,emotional_support
I have been feeling scared for no reason since the weekend and I need emotional support,emotional_support
I have been feeling scared for no reason around other people,emotional_support
I have been feeling scared for no reason around other people and I just need someone to listen,emotional_support
I have been feeling scared for no reason around other people and I do not know how to cope,emotional_support
I have been feeling scared for no reason around other people and I feel like crying,emotional_support
I have been feeling scared for no reason around other people and I need emotional support,emotional_support
I have been feeling scared for no reason even when nothing is wrong,emotional_support
I have been feeling scared for no reason even when nothing is wrong and I just need someone to listen,emotional_support
I have been feeling scared for no reason even when nothing is wrong and I do not know how to cope,emotional_support
I have been feeling scared for no reason even when nothing is wrong and I feel like crying,emotional_support
I have been feeling scared for no reason even when nothing is wrong and I need emotional support,emotional_support
I have been feeling like I am breaking down after work,emotional_support
I have been feeling like I am breaking down after work and I just need someone to listen,emotional_support
I have been feeling like I am breaking down after work and I do not know how to cope,emotional_support
I have been feeling like I am breaking down after work and I feel like crying,emotional_support
I have been feeling like I am breaking down after work and I need emotional support,emotional_support
I have been feeling like I am breaking down when I wake up,emotional_support
I have been feeling like I am breaking down when I wake up and I just need someone to listen,emotional_support
I have been feeling like I am breaking down when I wake up and I do not know how to cope,emotional_support
I have been feeling like I am breaking down when I wake up and I feel like crying,emotional_support
I have been feeling like I am breaking down when I wake up and I need emotional support,emotional_support
I have been feeling like I am breaking down every evening,emotional_support
I have been feeling like I am breaking down every evening and I just need someone to listen,emotional_support
I have been feeling like I am breaking down every evening and I do not know how to cope,emotional_support
I have been feeling like I am breaking down every evening and I feel like crying,emotional_support
I have been feeling like I am breaking down every evening and I need emotional support,emotional_support
I have been feeling like I am breaking down all the time,emotional_support
I have been feeling like I am breaking down all the time and I just need someone to listen,emotional_support
I have been feeling like I am breaking down all the time and I do not know how to cope,emotional_support
I have been feeling like I am breaking down all the time and I feel like crying,emotional_support
I have been feeling like I am breaking down all the time and I need emotional support,emotional_support
I have been feeling like I am breaking down since the weekend,emotional_support
I have been feeling like I am breaking down since the weekend and I just need someone to listen,emotional_support
I have been feeling like I am breaking down since the weekend and I do not know how to cope,emotional_support
I have been feeling like I am breaking down since the weekend and I feel like crying,emotional_support
I have been feeling like I am breaking down since the weekend and I need emotional support,emotional_support
I have been feeling like I am breaking down around other people,emotional_support
I have been feeling like I am breaking down around other people and I just need someone to listen,emotional_support
I have been feeling like I am breaking down around other people and I do not know how to cope,emotional_support
I have been feeling like I am breaking down around other people and I feel like crying,emotional_support
I have been feeling like I am breaking down around other people and I need emotional support,emotional_support
I have been feeling like I am breaking down even when nothing is wrong,emotional_support
I have been feeling like I am breaking down even when nothing is wrong and I just need someone to listen,emotional_support
I have been feeling like I am breaking down even when nothing is wrong and I do not know how to cope,emotional_support
I have been feeling like I am breaking down even when nothing is wrong and I feel like crying,emotional_support
I have been feeling like I am breaking down even when nothing is wrong and I need emotional support,emotional_support
I have been feeling like nobody understands me after work,emotional_support
I have been feeling like nobody understands me after work and I just need someone to listen,emotional_support
I have been feeling like nobody understands me after work and I do not know how to cope,emotional_support
I have been feeling like nobody understands me after work and I feel like crying,emotional_support
I have been feeling like nobody understands me after work and I need emotional support,emotional_support
I have been feeling like nobody understands me when I wake up,emotional_support
I have been feeling like nobody understands me when I wake up and I just need someone to listen,emotional_support
I have been feeling like nobody understands me when I wake up and I do not know how to cope,emotional_support
I have been feeling like nobody understands me when I wake up and I feel like crying,emotional_support
I have been feeling like nobody understands me when I wake up and I need emotional support,emotional_support
I have been feeling like nobody understands me every evening,emotional_support
I have been feeling like nobody understands me every evening and I just need someone to listen,emotional_support
I have been feeling like nobody understands me every evening and I do not know how to cope,emotional_support
I have been feeling like nobody understands me every evening and I feel like crying,emotional_support
I have been feeling like nobody understands me every evening and I need emotional support,emotional_support
I have been feeling like nobody understands me all the time,emotional_support
I have been feeling like nobody understands me all the time and I just need someone to listen,emotional_support
I have been feeling like nobody understands me all the time and I do not know how to cope,emotional_support
I have been feeling like nobody understands me all the time and I feel like crying,emotional_support
I have been feeling like nobody understands me all the time and I need emotional support,emotional_support
I have been feeling like nobody understands me since the weekend,emotional_support
I have been feeling like nobody understands me since the weekend and I just need someone to listen,emotional_support
I have been feeling like nobody understands me since the weekend and I do not know how to cope,emotional_support
I have been feeling like nobody understands me since the weekend and I feel like crying,emotional_support
I have been feeling like nobody understands me since the weekend and I need emotional support,emotional_support
I have been feeling like nobody understands me around other people,emotional_support
I have been feeling like nobody understands me around other people and I just need someone to listen,emotional_support
I have been feeling like nobody understands me around other people and I do not know how to cope,emotional_support
I have been feeling like nobody understands me around other people and I feel like crying,emotional_support
I have been feeling like nobody understands me around other people and I need emotional support,emotional_support
I have been feeling like nobody understands me even when nothing is wrong,emotional_support
I have been feeling like nobody understands me even when nothing is wrong and I just need someone to listen,emotional_support
I have been feeling like nobody understands me even when nothing is wrong and I do not know how to cope,emotional_support
I have been feeling like nobody understands me even when nothing is wrong and I feel like crying,emotional_support
I have been feeling like nobody understands me even when nothing is wrong and I need emotional support,emotional_support
For the last few days I feel so anxious after work,emotional_support
For the last few days I feel so anxious after work and I just need someone to listen,emotional_support
For the last few days I feel so anxious after work and I do not know how to cope,emotional_support
For the last few days I feel so anxious after work and I feel like crying,emotional_support
For the last few days I feel so anxious after work and I need emotional support,emotional_support
For the last few days I feel so anxious when I wake up,emotional_support
For the last few days I feel so anxious when I wake up and I just need someone to listen,emotional_support
For the last few days I feel so anxious when I wake up and I do not know how to cope,emotional_support
For the last few days I feel so anxious when I wake up and I feel like crying,emotional_support
For the last few days I feel so anxious when I wake up and I need emotional support,emotional_support
For the last few days I feel so anxious every evening,emotional_support
For the last few days I feel so anxious every evening and I just need someone to listen,emotional_support
For the last few days I feel so anxious every evening and I do not know how to cope,emotional_support
For the last few days I feel so anxious every evening and I feel like crying,emotional_support
For the last few days I feel so anxious every evening and I need emotional support,emotional_support
For the last few days I feel so anxious all the time,emotional_support
For the last few days I feel so anxious all the time and I just need someone to listen,emotional_support
For the last few days I feel so anxious all the time and I do not know how to cope,emotional_support
For the last few days I feel so anxious all the time and I feel like crying,emotional_support
For the last few days I feel so anxious all the time and I need emotional support,emotional_support
For the last few days I feel so anxious since the weekend,emotional_support
For the last few days I feel so anxious since the weekend and I just need someone to listen,emotional_support
For the last few days I feel so anxious since the weekend and I do not know how to cope,emotional_support
For the last few days I feel so anxious since the weekend and I feel like crying,emotional_support
For the last few days I feel so anxious since the weekend and I need emotional support,emotional_support
For the last few days I feel so anxious around other people,emotional_support
For the last few days I feel so anxious around other people and I just need someone to listen,emotional_support
For the last few days I feel so anxious around other people and I do not know how to cope,emotional_support
For the last few days I feel so anxious around other people and I feel like crying,emotional_support
For the last few days I feel so anxious around other people and I need emotional support,emotional_support
For the last few days I feel so anxious even when nothing is wrong,emotional_support
For the last few days I feel so anxious even when nothing is wrong and I just need someone to listen,emotional_support
For the last few days I feel so anxious even when nothing is wrong and I do not know how to cope,emotional_support
For the last few days I feel so anxious even when nothing is wrong and I feel like crying,emotional_support
For the last few days I feel so anxious even when nothing is wrong and I need emotional support,emotional_support
For the last few days I feel really low after work,emotional_support
For the last few days I feel really low after work and I just need someone to listen,emotional_support
For the last few days I feel really low after work and I do not know how to cope,emotional_support
For the last few days I feel really low after work and I feel like crying,emotional_support
For the last few days I feel really low after work and I need emotional support,emotional_support
For the last few days I feel really low when I wake up,emotional_support
For the last few days I feel really low when I wake up and I just need someone to listen,emotional_support
For the last few days I feel really low when I wake up and I do not know how to cope,emotional_support
For the last few days I feel really low when I wake up and I feel like crying,emotional_support
For the last few days I feel really low when I wake up and I need emotional support,emotional_support
For the last few days I feel really low every evening,emotional_support
For the last few days I feel really low every evening and I just need someone to listen,emotional_support
For the last few days I feel really low every evening and I do not know how to cope,emotional_support
For the last few days I feel really low every evening and I feel like crying,emotional_support
For the last few days I feel really low every evening and I need emotional support,emotional_support
For the last few days I feel really low all the time,emotional_support
For the last few days I feel really low all the time and I just need someone to listen,emotional_support
For the last few days I feel really low all the time and I do not know how to cope,emotional_support
For the last few days I feel really low all the time and I feel like crying,emotional_support
For the last few days I feel really low all the time and I need emotional support,emotional_support
For the last few days I feel really low since the weekend,emotional_support
For the last few days I feel really low since the weekend and I just need someone to listen,emotional_support
For the last few days I feel really low since the weekend and I do not know how to cope,emotional_support
For the last few days I feel really low since the weekend and I feel like crying,emotional_support
For the last few days I feel really low since the weekend and I need emotional support,emotional_support
For the last few days I feel really low around other people,emotional_support
For the last few days I feel really low around other people and I just need someone to listen,emotional_support
For the last few days I feel really low around other people and I do not know how to cope,emotional_support
For the last few days I feel really low around other people and I feel like crying,emotional_support
For the last few days I feel really low around other people and I need emotional support,emotional_support
For the last few days I feel really low even when nothing is wrong,emotional_support
For the last few days I feel really low even when nothing is wrong and I just need someone to listen,emotional_support
For the last few days I feel really low even when nothing is wrong and I do not know how to cope,emotional_support
For the last few days I feel really low even when nothing is wrong and I feel like crying,emotional_support
For the last few days I feel really low even when nothing is wrong and I need emotional support,emotional_support
For the last few days I feel completely alone after work,emotional_support
For the last few days I feel completely alone after work and I just need someone to listen,emotional_support
For the last few days I feel completely alone after work and I do not know how to cope,emotional_support
For the last few days I feel completely alone after work and I feel like crying,emotional_support
For the last few days I feel completely alone after work and I need emotional support,emotional_support
For the last few days I feel completely alone when I wake up,emotional_support
For the last few days I feel completely alone when I wake up and I just need someone to listen,emotional_support
For the last few days I feel completely alone when I wake up and I do not know how to cope,emotional_support
For the last few days I feel completely alone when I wake up and I feel like crying,emotional_support
For the last few days I feel completely alone when I wake up and I need emotional support,emotional_support
For the last few days I feel completely alone every evening,emotional_support
For the last few days I feel completely alone every evening and I just need someone to listen,emotional_support
For the last few days I feel completely alone every evening and I do not know how to cope,emotional_support
For the last few days I feel completely alone every evening and I feel like crying,emotional_support
For the last few days I feel completely alone every evening and I need emotional support,emotional_support
For the last few days I feel completely alone all the time,emotional_support
For the last few days I feel completely alone all the time and I just need someone to listen,emotional_support
For the last few days I feel completely alone all the time and I do not know how to cope,emotional_support
For the last few days I feel completely alone all the time and I feel like crying,emotional_support
For the last few days I feel completely alone all the time and I need emotional support,emotional_support
For the last few days I feel completely alone since the weekend,emotional_support
For the last few days I feel completely alone since the weekend and I just need someone to listen,emotional_support
For the last few days I feel completely alone since the weekend and I do not know how to cope,emotional_support
For the last few days I feel completely alone since the weekend and I feel like crying,emotional_support
For the last few days I feel completely alone since the weekend and I need emotional support,emotional_support
For the last few days I feel completely alone around other people,emotional_support
For the last few days I feel completely alone around other people and I just need someone to listen,emotional_support
For the last few days I feel completely alone around other people and I do not know how to cope,emotional_support
For the last few days I feel completely alone around other people and I feel like crying,emotional_support
For the last few days I feel completely alone around other people and I need emotional support,emotional_support
For the last few days I feel completely alone even when nothing is wrong,emotional_support
For the last few days I feel completely alone even when nothing is wrong and I just need someone to listen,emotional_support
For the last few days I feel completely alone even when nothing is wrong and I do not know how to cope,emotional_support
For the last few days I feel completely alone even when nothing is wrong and I feel like crying,emotional_support
For the last few days I feel completely alone even when nothing is wrong and I need emotional support,emotional_support
For the last few days I feel emotionally exhausted after work,emotional_support
For the last few days I feel emotionally exhausted after work and I just need someone to listen,emotional_support
For the last few days I feel emotionally exhausted after work and I do not know how to cope,emotional_support
For the last few days I feel emotionally exhausted after work and I feel like crying,emotional_support
For the last few days I feel emotionally exhausted after work and I need emotional support,emotional_support
For the last few days I feel emotionally exhausted when I wake up,emotional_support
For the last few days I feel emotionally exhausted when I wake up and I just need someone to listen,emotional_support
For the last few days I feel emotionally exhausted when I wake up and I do not know how to cope,emotional_support
For the last few days I feel emotionally exhausted when I wake up and I feel like crying,emotional_support
For the last few days I feel emotionally exhausted when I wake up and I need emotional support,emotional_support
For the last few days I feel emotionally exhausted every evening,emotional_support
For the last few days I feel emotionally exhausted every evening and I just need someone to listen,emotional_support
For the last few days I feel emotionally exhausted every evening and I do not know how to cope,emotional_support
For the last few days I feel emotionally exhausted every evening and I feel like crying,emotional_support
For the last few days I feel emotionally exhausted every evening and I need emotional support,emotional_support
For the last few days I feel emotionally exhausted all the time,emotional_support
For the last few days I feel emotionally exhausted all the time and I just need someone to listen,emotional_support
For the last few days I feel emotionally exhausted all the time and I do not know how to cope,emotional_support
For the last few days I feel emotionally exhausted all the time and I feel like crying,emotional_support
For the last few days I feel emotionally exhausted all the time and I need emotional support,emotional_support
For the last few days I feel emotionally exhausted since the weekend,emotional_support
For the last few days I feel emotionally exhausted since the weekend and I just need someone to listen,emotional_support
For the last few days I feel emotionally exhausted since the weekend and I do not know how to cope,emotional_support
For the last few days I feel emotionally exhausted since the weekend and I feel like crying,emotional_support
For the last few days I feel emotionally exhausted since the weekend and I need emotional support,emotional_support
For the last few days I feel emotionally exhausted around other people,emotional_support
For the last few days I feel emotionally exhausted around other people and I just need someone to listen,emotional_support
For the last few days I feel emotionally exhausted around other people and I do not know how to cope,emotional_support
For the last few days I feel emotionally exhausted around other people and I feel like crying,emotional_support
For the last few days I feel emotionally exhausted around other people and I need emotional support,emotional_support
For the last few days I feel emotionally exhausted even when nothing is wrong,emotional_support
For the last few days I feel emotionally exhausted even when nothing is wrong and I just need someone to listen,emotional_support
For the last few days I feel emotionally exhausted even when nothing is wrong and I do not know how to cope,emotional_support
For the last few days I feel emotionally exhausted even when nothing is wrong and I feel like crying,emotional_support
For the last few days I feel emotionally exhausted even when nothing is wrong and I need emotional support,emotional_support
For the last few days I feel hopeless and drained after work,emotional_support
For the last few days I feel hopeless and drained after work and I just need someone to listen,emotional_support
For the last few days I feel hopeless and drained after work and I do not know how to cope,emotional_support
For the last few days I feel hopeless and drained after work and I feel like crying,emotional_support
For the last few days I feel hopeless and drained after work and I need emotional support,emotional_support
For the last few days I feel hopeless and drained when I wake up,emotional_support
For the last few days I feel hopeless and drained when I wake up and I just need someone to listen,emotional_support
For the last few days I feel hopeless and drained when I wake up and I do not know how to cope,emotional_support
For the last few days I feel hopeless and drained when I wake up and I feel like crying,emotional_support
For the last few days I feel hopeless and drained when I wake up and I need emotional support,emotional_support
For the last few days I feel hopeless and drained every evening,emotional_support
For the last few days I feel hopeless and drained every evening and I just need someone to listen,emotional_support
For the last few days I feel hopeless and drained every evening and I do not know how to cope,emotional_support
For the last few days I feel hopeless and drained every evening and I feel like crying,emotional_support
For the last few days I feel hopeless and drained every evening and I need emotional support,emotional_support
For the last few days I feel hopeless and drained all the time,emotional_support
For the last few days I feel hopeless and drained all the time and I just need someone to listen,emotional_support
For the last few days I feel hopeless and drained all the time and I do not know how to cope,emotional_support
For the last few days I feel hopeless and drained all the time and I feel like crying,emotional_support
For the last few days I feel hopeless and drained all the time and I need emotional support,emotional_support
For the last few days I feel hopeless and drained since the weekend,emotional_support
For the last few days I feel hopeless and drained since the weekend and I just need someone to listen,emotional_support
For the last few days I feel hopeless and drained since the weekend and I do not know how to cope,emotional_support
For the last few days I feel hopeless and drained since the weekend and I feel like crying,emotional_support
For the last few days I feel hopeless and drained since the weekend and I need emotional support,emotional_support
For the last few days I feel hopeless and drained around other people,emotional_support
For the last few days I feel hopeless and drained around other people and I just need someone to listen,emotional_support
For the last few days I feel hopeless and drained around other people and I do not know how to cope,emotional_support
For the last few days I feel hopeless and drained around other people and I feel like crying,emotional_support
For the last few days I feel hopeless and drained around other people and I need emotional support,emotional_support
For the last few days I feel hopeless and drained even when nothing is wrong,emotional_support
For the last few days I feel hopeless and drained even when nothing is wrong and I just need someone to listen,emotional_support
For the last few days I feel hopeless and drained even when nothing is wrong and I do not know how to cope,emotional_support
For the last few days I feel hopeless and drained even when nothing is wrong and I feel like crying,emotional_support
For the last few days I feel hopeless and drained even when nothing is wrong and I need emotional support,emotional_support
For the last few days I feel scared for no reason after work,emotional_support
For the last few days I feel scared for no reason after work and I just need someone to listen,emotional_support
For the last few days I feel scared for no reason after work and I do not know how to cope,emotional_support
For the last few days I feel scared for no reason after work and I feel like crying,emotional_support
For the last few days I feel scared for no reason after work and I need emotional support,emotional_support
For the last few days I feel scared for no reason when I wake up,emotional_support
For the last few days I feel scared for no reason when I wake up and I just need someone to listen,emotional_support
For the last few days I feel scared for no reason when I wake up and I do not know how to cope,emotional_support
For the last few days I feel scared for no reason when I wake up and I feel like crying,emotional_support
For the last few days I feel scared for no reason when I wake up and I need emotional support,emotional_support
For the last few days I feel scared for no reason every evening,emotional_support
For the last few days I feel scared for no reason every evening and I just need someone to listen,emotional_support
For the last few days I feel scared for no reason every evening and I do not know how to cope,emotional_support
For the last few days I feel scared for no reason every evening and I feel like crying,emotional_support
For the last few days I feel scared for no reason every evening and I need emotional support,emotional_support
For the last few days I feel scared for no reason all the time,emotional_support
For the last few days I feel scared for no reason all the time and I just need someone to listen,emotional_support
For the last few days I feel scared for no reason all the time and I do not know how to cope,emotional_support
For the last few days I feel scared for no reason all the time and I feel like crying,emotional_support
For the last few days I feel scared for no reason all the time and I need emotional support,emotional_support
For the last few days I feel scared for no reason since the weekend,emotional_support
For the last few days I feel scared for no reason since the weekend and I just need someone to listen,emotional_support
For the last few days I feel scared for no reason since the weekend and I do not know how to cope,emotional_support
For the last few days I feel scared for no reason since the weekend and I feel like crying,emotional_support
For the last few days I feel scared for no reason since the weekend and I need emotional support,emotional_support
For the last few days I feel scared for no reason around other people,emotional_support
For the last few days I feel scared for no reason around other people and I just need someone to listen,emotional_support
For the last few days I feel scared for no reason around other people and I do not know how to cope,emotional_support
For the last few days I feel scared for no reason around other people and I feel like crying,emotional_support
For the last few days I feel scared for no reason around other people and I need emotional support,emotional_support
For the last few days I feel scared for no reason even when nothing is wrong,emotional_support
For the last few days I feel scared for no reason even when nothing is wrong and I just need someone to listen,emotional_support
For the last few days I feel scared for no reason even when nothing is wrong and I do not know how to cope,emotional_support
For the last few days I feel scared for no reason even when nothing is wrong and I feel like crying,emotional_support
For the last few days I feel scared for no reason even when nothing is wrong and I need emotional support,emotional_support
For the last few days I feel like I am breaking down after work,emotional_support
For the last few days I feel like I am breaking down after work and I just need someone to listen,emotional_support
For the last few days I feel like I am breaking down after work and I do not know how to cope,emotional_support
For the last few days I feel like I am breaking down after work and I feel like crying,emotional_support
For the last few days I feel like I am breaking down after work and I need emotional support,emotional_support
For the last few days I feel like I am breaking down when I wake up,emotional_support
For the last few days I feel like I am breaking down when I wake up and I just need someone to listen,emotional_support
For the last few days I feel like I am breaking down when I wake up and I do not know how to cope,emotional_support
For the last few days I feel like I am breaking down when I wake up and I feel like crying,emotional_support
For the last few days I feel like I am breaking down when I wake up and I need emotional support,emotional_support
For the last few days I feel like I am breaking down every evening,emotional_support
For the last few days I feel like I am breaking down every evening and I just need someone to listen,emotional_support
For the last few days I feel like I am breaking down every evening and I do not know how to cope,emotional_support
For the last few days I feel like I am breaking down every evening and I feel like crying,emotional_support
For the last few days I feel like I am breaking down every evening and I need emotional support,emotional_support
For the last few days I feel like I am breaking down all the time,emotional_support
For the last few days I feel like I am breaking down all the time and I just need someone to listen,emotional_support
For the last few days I feel like I am breaking down all the time and I do not know how to cope,emotional_support
For the last few days I feel like I am breaking down all the time and I feel like crying,emotional_support
For the last few days I feel like I am breaking down all the time and I need emotional support,emotional_support
For the last few days I feel like I am breaking down since the weekend,emotional_support
For the last few days I feel like I am breaking down since the weekend and I just need someone to listen,emotional_support
For the last few days I feel like I am breaking down since the weekend and I do not know how to cope,emotional_support
For the last few days I feel like I am breaking down since the weekend and I feel like crying,emotional_support
For the last few days I feel like I am breaking down since the weekend and I need emotional support,emotional_support
For the last few days I feel like I am breaking down around other people,emotional_support
For the last few days I feel like I am breaking down around other people and I just need someone to listen,emotional_support
For the last few days I feel like I am breaking down around other people and I do not know how to cope,emotional_support
For the last few days I feel like I am breaking down around other people and I feel like crying,emotional_support
For the last few days I feel like I am breaking down around other people and I need emotional support,emotional_support
For the last few days I feel like I am breaking down even when nothing is wrong,emotional_support
For the last few days I feel like I am breaking down even when nothing is wrong and I just need someone to listen,emotional_support
For the last few days I feel like I am breaking down even when nothing is wrong and I do not know how to cope,emotional_support
For the last few days I feel like I am breaking down even when nothing is wrong and I feel like crying,emotional_support
For the last few days I feel like I am breaking down even when nothing is wrong and I need emotional support,emotional_support
For the last few days I feel like nobody understands me after work,emotional_support
For the last few days I feel like nobody understands me after work and I just need someone to listen,emotional_support
For the last few days I feel like nobody understands me after work and I do not know how to cope,emotional_support
For the last few days I feel like nobody understands me after work and I feel like crying,emotional_support
For the last few days I feel like nobody understands me after work and I need emotional support,emotional_support
For the last few days I feel like nobody understands me when I wake up,emotional_support
For the last few days I feel like nobody understands me when I wake up and I just need someone to listen,emotional_support
For the last few days I feel like nobody understands me when I wake up and I do not know how to cope,emotional_support
For the last few days I feel like nobody understands me when I wake up and I feel like crying,emotional_support
For the last few days I feel like nobody understands me when I wake up and I need emotional support,emotional_support
For the last few days I feel like nobody understands me every evening,emotional_support
For the last few days I feel like nobody understands me every evening and I just need someone to listen,emotional_support
For the last few days I feel like nobody understands me every evening and I do not know how to cope,emotional_support
For the last few days I feel like nobody understands me every evening and I feel like crying,emotional_support
For the last few days I feel like nobody understands me every evening and I need emotional support,emotional_support
For the last few days I feel like nobody understands me all the time,emotional_support
For the last few days I feel like nobody understands me all the time and I just need someone to listen,emotional_support
For the last few days I feel like nobody understands me all the time and I do not know how to cope,emotional_support
For the last few days I feel like nobody understands me all the time and I feel like crying,emotional_support
For the last few days I feel like nobody understands me all the time and I need emotional support,emotional_support
For the last few days I feel like nobody understands me since the weekend,emotional_support
For the last few days I feel like nobody understands me since the weekend and I just need someone to listen,emotional_support
For the last few days I feel like nobody understands me since the weekend and I do not know how to cope,emotional_support
For the last few days I feel like nobody understands me since the weekend and I feel like crying,emotional_support
For the last few days I feel like nobody understands me since the weekend and I need emotional support,emotional_support
For the last few days I feel like nobody understands me around other people,emotional_support
For the last few days I feel like nobody understands me around other people and I just need someone to listen,emotional_support
For the last few days I feel like nobody understands me around other people and I do not know how to cope,emotional_support
For the last few days I feel like nobody understands me around other people and I feel like crying,emotional_support
For the last few days I feel like nobody understands me around other people and I need emotional support,emotional_support
For the last few days I feel like nobody understands me even when nothing is wrong,emotional_support
For the last few days I feel like nobody understands me even when nothing is wrong and I just need someone to listen,emotional_support
For the last few days I feel like nobody understands me even when nothing is wrong and I do not know how to cope,emotional_support
For the last few days I feel like nobody understands me even when nothing is wrong and I feel like crying,emotional_support
For the last few days I feel like nobody understands me even when nothing is wrong and I need emotional support,emotional_support
I have a fever and body aches,symptom_report
I have a fever and body aches should I worry,symptom_report
I have a fever and body aches and it is making me uncomfortable,symptom_report
I have a fever and body aches and I need guidance,symptom_report
I have a fever and body aches after eating,symptom_report
I have a fever and body aches after eating should I worry,symptom_report
I have a fever and body aches after eating and it is making me uncomfortable,symptom_report
I have a fever and body aches after eating and I need guidance,symptom_report
I have a fever and body aches since last night,symptom_report
I have a fever and body aches since last night should I worry,symptom_report
I have a fever and body aches since last night and it is making me uncomfortable,symptom_report
I have a fever and body aches since last night and I need guidance,symptom_report
I have a fever and body aches since yesterday evening,symptom_report
I have a fever and body aches since yesterday evening should I worry,symptom_report
I have a fever and body aches since yesterday evening and it is making me uncomfortable,symptom_report
I have a fever and body aches since yesterday evening and I need guidance,symptom_report
I have a fever and body aches that keeps getting worse,symptom_report
I have a fever and body aches that keeps getting worse should I worry,symptom_report
I have a fever and body aches that keeps getting worse and it is making me uncomfortable,symptom_report
I have a fever and body aches that keeps getting worse and I need guidance,symptom_report
I have a fever and body aches and I feel weak,symptom_report
I have a fever and body aches and I feel weak should I worry,symptom_report
I have a fever and body aches and I feel weak and it is making me uncomfortable,symptom_report
I have a fever and body aches and I feel weak and I need guidance,symptom_report
I have a fever and body aches with no appetite,symptom_report
I have a fever and body aches with no appetite should I worry,symptom_report
I have a fever and body aches with no appetite and it is making me uncomfortable,symptom_report
I have a fever and body aches with no appetite and I need guidance,symptom_report
I have a cold with a sore throat,symptom_report
I have a cold with a sore throat should I worry,symptom_report
I have a cold with a sore throat and it is making me uncomfortable,symptom_report
I have a cold with a sore throat and I need guidance,symptom_report
I have a cold with a sore throat after eating,symptom_report
I have a cold with a sore throat after eating should I worry,symptom_report
I have a cold with a sore throat after eating and it is making me uncomfortable,symptom_report
I have a cold with a sore throat after eating and I need guidance,symptom_report
I have a cold with a sore throat since last night,symptom_report
I have a cold with a sore throat since last night should I worry,symptom_report
I have a cold with a sore throat since last night and it is making me uncomfortable,symptom_report
I have a cold with a sore throat since last night and I need guidance,symptom_report
I have a cold with a sore throat since yesterday evening,symptom_report
I have a cold with a sore throat since yesterday evening should I worry,symptom_report
I have a cold with a sore throat since yesterday evening and it is making me uncomfortable,symptom_report
I have a cold with a sore throat since yesterday evening and I need guidance,symptom_report
I have a cold with a sore throat that keeps getting worse,symptom_report
I have a cold with a sore throat that keeps getting worse should I worry,symptom_report
I have a cold with a sore throat that keeps getting worse and it is making me uncomfortable,symptom_report
I have a cold with a sore throat that keeps getting worse and I need guidance,symptom_report
I have a cold with a sore throat and I feel weak,symptom_report
I have a cold with a sore throat and I feel weak should I worry,symptom_report
I have a cold with a sore throat and I feel weak and it is making me uncomfortable,symptom_report
I have a cold with a sore throat and I feel weak and I need guidance,symptom_report
I have a cold with a sore throat with no appetite,symptom_report
I have a cold with a sore throat with no appetite should I worry,symptom_report
I have a cold with a sore throat with no appetite and it is making me uncomfortable,symptom_report
I have a cold with a sore throat with no appetite and I need guidance,symptom_report
I have a bad cough and chills,symptom_report
I have a bad cough and chills should I worry,symptom_report
I have a bad cough and chills and it is making me uncomfortable,symptom_report
I have a bad cough and chills and I need guidance,symptom_report
I have a bad cough and chills after eating,symptom_report
I have a bad cough and chills after eating should I worry,symptom_report
I have a bad cough and chills after eating and it is making me uncomfortable,symptom_report
I have a bad cough and chills after eating and I need guidance,symptom_report
I have a bad cough and chills since last night,symptom_report
I have a bad cough and chills since last night should I worry,symptom_report
I have a bad cough and chills since last night and it is making me uncomfortable,symptom_report
I have a bad cough and chills since last night and I need guidance,symptom_report
I have a bad cough and chills since yesterday evening,symptom_report
I have a bad cough and chills since yesterday evening should I worry,symptom_report
I have a bad cough and chills since yesterday evening and it is making me uncomfortable,symptom_report
I have a bad cough and chills since yesterday evening and I need guidance,symptom_report
I have a bad cough and chills that keeps getting worse,symptom_report
I have a bad cough and chills that keeps getting worse should I worry,symptom_report
I have a bad cough and chills that keeps getting worse and it is making me uncomfortable,symptom_report
I have a bad cough and chills that keeps getting worse and I need guidance,symptom_report
I have a bad cough and chills and I feel weak,symptom_report
I have a bad cough and chills and I feel weak should I worry,symptom_report
I have a bad cough and chills and I feel weak and it is making me uncomfortable,symptom_report
I have a bad cough and chills and I feel weak and I need guidance,symptom_report
I have a bad cough and chills with no appetite,symptom_report
I have a bad cough and chills with no appetite should I worry,symptom_report
I have a bad cough and chills with no appetite and it is making me uncomfortable,symptom_report
I have a bad cough and chills with no appetite and I need guidance,symptom_report
I have headache and dizziness,symptom_report
I have headache and dizziness should I worry,symptom_report
I have headache and dizziness and it is making me uncomfortable,symptom_report
I have headache and dizziness and I need guidance,symptom_report
I have headache and dizziness after eating,symptom_report
I have headache and dizziness after eating should I worry,symptom_report
I have headache and dizziness after eating and it is making me uncomfortable,symptom_report
I have headache and dizziness after eating and I need guidance,symptom_report
I have headache and dizziness since last night,symptom_report
I have headache and dizziness since last night should I worry,symptom_report
I have headache and dizziness since last night and it is making me uncomfortable,symptom_report
I have headache and dizziness since last night and I need guidance,symptom_report
I have headache and dizziness since yesterday evening,symptom_report
I have headache and dizziness since yesterday evening should I worry,symptom_report
I have headache and dizziness since yesterday evening and it is making me uncomfortable,symptom_report
I have headache and dizziness since yesterday evening and I need guidance,symptom_report
I have headache and dizziness that keeps getting worse,symptom_report
I have headache and dizziness that keeps getting worse should I worry,symptom_report
I have headache and dizziness that keeps getting worse and it is making me uncomfortable,symptom_report
I have headache and dizziness that keeps getting worse and I need guidance,symptom_report
I have headache and dizziness and I feel weak,symptom_report
I have headache and dizziness and I feel weak should I worry,symptom_report
I have headache and dizziness and I feel weak and it is making me uncomfortable,symptom_report
I have headache and dizziness and I feel weak and I need guidance,symptom_report
I have headache and dizziness with no appetite,symptom_report
I have headache and dizziness with no appetite should I worry,symptom_report
I have headache and dizziness with no appetite and it is making me uncomfortable,symptom_report
I have headache and dizziness with no appetite and I need guidance,symptom_report
I have stomach pain and nausea,symptom_report
I have stomach pain and nausea should I worry,symptom_report
I have stomach pain and nausea and it is making me uncomfortable,symptom_report
I have stomach pain and nausea and I need guidance,symptom_report
I have stomach pain and nausea after eating,symptom_report
I have stomach pain and nausea after eating should I worry,symptom_report
I have stomach pain and nausea after eating and it is making me uncomfortable,symptom_report
I have stomach pain and nausea after eating and I need guidance,symptom_report
I have stomach pain and nausea since last night,symptom_report
I have stomach pain and nausea since last night should I worry,symptom_report
I have stomach pain and nausea since last night and it is making me uncomfortable,symptom_report
I have stomach pain and nausea since last night and I need guidance,symptom_report
I have stomach pain and nausea since yesterday evening,symptom_report
I have stomach pain and nausea since yesterday evening should I worry,symptom_report
I have stomach pain and nausea since yesterday evening and it is making me uncomfortable,symptom_report
I have stomach pain and nausea since yesterday evening and I need guidance,symptom_report
I have stomach pain and nausea that keeps getting worse,symptom_report
I have stomach pain and nausea that keeps getting worse should I worry,symptom_report
I have stomach pain and nausea that keeps getting worse and it is making me uncomfortable,symptom_report
I have stomach pain and nausea that keeps getting worse and I need guidance,symptom_report
I have stomach pain and nausea and I feel weak,symptom_report
I have stomach pain and nausea and I feel weak should I worry,symptom_report
I have stomach pain and nausea and I feel weak and it is making me uncomfortable,symptom_report
I have stomach pain and nausea and I feel weak and I need guidance,symptom_report
I have stomach pain and nausea with no appetite,symptom_report
I have stomach pain and nausea with no appetite should I worry,symptom_report
I have stomach pain and nausea with no appetite and it is making me uncomfortable,symptom_report
I have stomach pain and nausea with no appetite and I need guidance,symptom_report
I have loose motion and weakness,symptom_report
I have loose motion and weakness should I worry,symptom_report
I have loose motion and weakness and it is making me uncomfortable,symptom_report
I have loose motion and weakness and I need guidance,symptom_report
I have loose motion and weakness after eating,symptom_report
I have loose motion and weakness after eating should I worry,symptom_report
I have loose motion and weakness after eating and it is making me uncomfortable,symptom_report
I have loose motion and weakness after eating and I need guidance,symptom_report
I have loose motion and weakness since last night,symptom_report
I have loose motion and weakness since last night should I worry,symptom_report
I have loose motion and weakness since last night and it is making me uncomfortable,symptom_report
I have loose motion and weakness since last night and I need guidance,symptom_report
I have loose motion and weakness since yesterday evening,symptom_report
I have loose motion and weakness since yesterday evening should I worry,symptom_report
I have loose motion and weakness since yesterday evening and it is making me uncomfortable,symptom_report
I have loose motion and weakness since yesterday evening and I need guidance,symptom_report
I have loose motion and weakness that keeps getting worse,symptom_report
I have loose motion and weakness that keeps getting worse should I worry,symptom_report
I have loose motion and weakness that keeps getting worse and it is making me uncomfortable,symptom_report
I have loose motion and weakness that keeps getting worse and I need guidance,symptom_report
I have loose motion and weakness and I feel weak,symptom_report
I have loose motion and weakness and I feel weak should I worry,symptom_report
I have loose motion and weakness and I feel weak and it is making me uncomfortable,symptom_report
I have loose motion and weakness and I feel weak and I need guidance,symptom_report
I have loose motion and weakness with no appetite,symptom_report
I have loose motion and weakness with no appetite should I worry,symptom_report
I have loose motion and weakness with no appetite and it is making me uncomfortable,symptom_report
I have loose motion and weakness with no appetite and I need guidance,symptom_report
I have chest tightness and fast heartbeat,symptom_report
I have chest tightness and fast heartbeat should I worry,symptom_report
I have chest tightness and fast heartbeat and it is making me uncomfortable,symptom_report
I have chest tightness and fast heartbeat and I need guidance,symptom_report
I have chest tightness and fast heartbeat after eating,symptom_report
I have chest tightness and fast heartbeat after eating should I worry,symptom_report
I have chest tightness and fast heartbeat after eating and it is making me uncomfortable,symptom_report
I have chest tightness and fast heartbeat after eating and I need guidance,symptom_report
I have chest tightness and fast heartbeat since last night,symptom_report
I have chest tightness and fast heartbeat since last night should I worry,symptom_report
I have chest tightness and fast heartbeat since last night and it is making me uncomfortable,symptom_report
I have chest tightness and fast heartbeat since last night and I need guidance,symptom_report
I have chest tightness and fast heartbeat since yesterday evening,symptom_report
I have chest tightness and fast heartbeat since yesterday evening should I worry,symptom_report
I have chest tightness and fast heartbeat since yesterday evening and it is making me uncomfortable,symptom_report
I have chest tightness and fast heartbeat since yesterday evening and I need guidance,symptom_report
I have chest tightness and fast heartbeat that keeps getting worse,symptom_report
I have chest tightness and fast heartbeat that keeps getting worse should I worry,symptom_report
I have chest tightness and fast heartbeat that keeps getting worse and it is making me uncomfortable,symptom_report
I have chest tightness and fast heartbeat that keeps getting worse and I need guidance,symptom_report
I have chest tightness and fast heartbeat and I feel weak,symptom_report
I have chest tightness and fast heartbeat and I feel weak should I worry,symptom_report
I have chest tightness and fast heartbeat and I feel weak and it is making me uncomfortable,symptom_report
I have chest tightness and fast heartbeat and I feel weak and I need guidance,symptom_report
I have chest tightness and fast heartbeat with no appetite,symptom_report
I have chest tightness and fast heartbeat with no appetite should I worry,symptom_report
I have chest tightness and fast heartbeat with no appetite and it is making me uncomfortable,symptom_report
I have chest tightness and fast heartbeat with no appetite and I need guidance,symptom_report
I have vomiting and stomach cramps,symptom_report
I have vomiting and stomach cramps should I worry,symptom_report
I have vomiting and stomach cramps and it is making me uncomfortable,symptom_report
I have vomiting and stomach cramps and I need guidance,symptom_report
I have vomiting and stomach cramps after eating,symptom_report
I have vomiting and stomach cramps after eating should I worry,symptom_report
I have vomiting and stomach cramps after eating and it is making me uncomfortable,symptom_report
I have vomiting and stomach cramps after eating and I need guidance,symptom_report
I have vomiting and stomach cramps since last night,symptom_report
I have vomiting and stomach cramps since last night should I worry,symptom_report
I have vomiting and stomach cramps since last night and it is making me uncomfortable,symptom_report
I have vomiting and stomach cramps since last night and I need guidance,symptom_report
I have vomiting and stomach cramps since yesterday evening,symptom_report
I have vomiting and stomach cramps since yesterday evening should I worry,symptom_report
I have vomiting and stomach cramps since yesterday evening and it is making me uncomfortable,symptom_report
I have vomiting and stomach cramps since yesterday evening and I need guidance,symptom_report
I have vomiting and stomach cramps that keeps getting worse,symptom_report
I have vomiting and stomach cramps that keeps getting worse should I worry,symptom_report
I have vomiting and stomach cramps that keeps getting worse and it is making me uncomfortable,symptom_report
I have vomiting and stomach cramps that keeps getting worse and I need guidance,symptom_report
I have vomiting and stomach cramps and I feel weak,symptom_report
I have vomiting and stomach cramps and I feel weak should I worry,symptom_report
I have vomiting and stomach cramps and I feel weak and it is making me uncomfortable,symptom_report
I have vomiting and stomach cramps and I feel weak and I need guidance,symptom_report
I have vomiting and stomach cramps with no appetite,symptom_report
I have vomiting and stomach cramps with no appetite should I worry,symptom_report
I have vomiting and stomach cramps with no appetite and it is making me uncomfortable,symptom_report
I have vomiting and stomach cramps with no appetite and I need guidance,symptom_report
I have blocked nose and sneezing,symptom_report
I have blocked nose and sneezing should I worry,symptom_report
I have blocked nose and sneezing and it is making me uncomfortable,symptom_report
I have blocked nose and sneezing and I need guidance,symptom_report
I have blocked nose and sneezing after eating,symptom_report
I have blocked nose and sneezing after eating should I worry,symptom_report
I have blocked nose and sneezing after eating and it is making me uncomfortable,symptom_report
I have blocked nose and sneezing after eating and I need guidance,symptom_report
I have blocked nose and sneezing since last night,symptom_report
I have blocked nose and sneezing since last night should I worry,symptom_report
I have blocked nose and sneezing since last night and it is making me uncomfortable,symptom_report
I have blocked nose and sneezing since last night and I need guidance,symptom_report
I have blocked nose and sneezing since yesterday evening,symptom_report
I have blocked nose and sneezing since yesterday evening should I worry,symptom_report
I have blocked nose and sneezing since yesterday evening and it is making me uncomfortable,symptom_report
I have blocked nose and sneezing since yesterday evening and I need guidance,symptom_report
I have blocked nose and sneezing that keeps getting worse,symptom_report
I have blocked nose and sneezing that keeps getting worse should I worry,symptom_report
I have blocked nose and sneezing that keeps getting worse and it is making me uncomfortable,symptom_report
I have blocked nose and sneezing that keeps getting worse and I need guidance,symptom_report
I have blocked nose and sneezing and I feel weak,symptom_report
I have blocked nose and sneezing and I feel weak should I worry,symptom_report
I have blocked nose and sneezing and I feel weak and it is making me uncomfortable,symptom_report
I have blocked nose and sneezing and I feel weak and I need guidance,symptom_report
I have blocked nose and sneezing with no appetite,symptom_report
I have blocked nose and sneezing with no appetite should I worry,symptom_report
I have blocked nose and sneezing with no appetite and it is making me uncomfortable,symptom_report
I have blocked nose and sneezing with no appetite and I need guidance,symptom_report
I have back pain and fatigue,symptom_report
I have back pain and fatigue should I worry,symptom_report
I have back pain and fatigue and it is making me uncomfortable,symptom_report
I have back pain and fatigue and I need guidance,symptom_report
I have back pain and fatigue after eating,symptom_report
I have back pain and fatigue after eating should I worry,symptom_report
I have back pain and fatigue after eating and it is making me uncomfortable,symptom_report
I have back pain and fatigue after eating and I need guidance,symptom_report
I have back pain and fatigue since last night,symptom_report
I have back pain and fatigue since last night should I worry,symptom_report
I have back pain and fatigue since last night and it is making me uncomfortable,symptom_report
I have back pain and fatigue since last night and I need guidance,symptom_report
I have back pain and fatigue since yesterday evening,symptom_report
I have back pain and fatigue since yesterday evening should I worry,symptom_report
I have back pain and fatigue since yesterday evening and it is making me uncomfortable,symptom_report
I have back pain and fatigue since yesterday evening and I need guidance,symptom_report
I have back pain and fatigue that keeps getting worse,symptom_report
I have back pain and fatigue that keeps getting worse should I worry,symptom_report
I have back pain and fatigue that keeps getting worse and it is making me uncomfortable,symptom_report
I have back pain and fatigue that keeps getting worse and I need guidance,symptom_report
I have back pain and fatigue and I feel weak,symptom_report
I have back pain and fatigue and I feel weak should I worry,symptom_report
I have back pain and fatigue and I feel weak and it is making me uncomfortable,symptom_report
I have back pain and fatigue and I feel weak and I need guidance,symptom_report
I have back pain and fatigue with no appetite,symptom_report
I have back pain and fatigue with no appetite should I worry,symptom_report
I have back pain and fatigue with no appetite and it is making me uncomfortable,symptom_report
I have back pain and fatigue with no appetite and I need guidance,symptom_report
I am having a fever and body aches,symptom_report
I am having a fever and body aches should I worry,symptom_report
I am having a fever and body aches and it is making me uncomfortable,symptom_report
I am having a fever and body aches and I need guidance,symptom_report
I am having a fever and body aches after eating,symptom_report
I am having a fever and body aches after eating should I worry,symptom_report
I am having a fever and body aches after eating and it is making me uncomfortable,symptom_report
I am having a fever and body aches after eating and I need guidance,symptom_report
I am having a fever and body aches since last night,symptom_report
I am having a fever and body aches since last night should I worry,symptom_report
I am having a fever and body aches since last night and it is making me uncomfortable,symptom_report
I am having a fever and body aches since last night and I need guidance,symptom_report
I am having a fever and body aches since yesterday evening,symptom_report
I am having a fever and body aches since yesterday evening should I worry,symptom_report
I am having a fever and body aches since yesterday evening and it is making me uncomfortable,symptom_report
I am having a fever and body aches since yesterday evening and I need guidance,symptom_report
I am having a fever and body aches that keeps getting worse,symptom_report
I am having a fever and body aches that keeps getting worse should I worry,symptom_report
I am having a fever and body aches that keeps getting worse and it is making me uncomfortable,symptom_report
I am having a fever and body aches that keeps getting worse and I need guidance,symptom_report
I am having a fever and body aches and I feel weak,symptom_report
I am having a fever and body aches and I feel weak should I worry,symptom_report
I am having a fever and body aches and I feel weak and it is making me uncomfortable,symptom_report
I am having a fever and body aches and I feel weak and I need guidance,symptom_report
I am having a fever and body aches with no appetite,symptom_report
I am having a fever and body aches with no appetite should I worry,symptom_report
I am having a fever and body aches with no appetite and it is making me uncomfortable,symptom_report
I am having a fever and body aches with no appetite and I need guidance,symptom_report
I am having a cold with a sore throat,symptom_report
I am having a cold with a sore throat should I worry,symptom_report
I am having a cold with a sore throat and it is making me uncomfortable,symptom_report
I am having a cold with a sore throat and I need guidance,symptom_report
I am having a cold with a sore throat after eating,symptom_report
I am having a cold with a sore throat after eating should I worry,symptom_report
I am having a cold with a sore throat after eating and it is making me uncomfortable,symptom_report
I am having a cold with a sore throat after eating and I need guidance,symptom_report
I am having a cold with a sore throat since last night,symptom_report
I am having a cold with a sore throat since last night should I worry,symptom_report
I am having a cold with a sore throat since last night and it is making me uncomfortable,symptom_report
I am having a cold with a sore throat since last night and I need guidance,symptom_report
I am having a cold with a sore throat since yesterday evening,symptom_report
I am having a cold with a sore throat since yesterday evening should I worry,symptom_report
I am having a cold with a sore throat since yesterday evening and it is making me uncomfortable,symptom_report
I am having a cold with a sore throat since yesterday evening and I need guidance,symptom_report
I am having a cold with a sore throat that keeps getting worse,symptom_report
I am having a cold with a sore throat that keeps getting worse should I worry,symptom_report
I am having a cold with a sore throat that keeps getting worse and it is making me uncomfortable,symptom_report
I am having a cold with a sore throat that keeps getting worse and I need guidance,symptom_report
I am having a cold with a sore throat and I feel weak,symptom_report
I am having a cold with a sore throat and I feel weak should I worry,symptom_report
I am having a cold with a sore throat and I feel weak and it is making me uncomfortable,symptom_report
I am having a cold with a sore throat and I feel weak and I need guidance,symptom_report
I am having a cold with a sore throat with no appetite,symptom_report
I am having a cold with a sore throat with no appetite should I worry,symptom_report
I am having a cold with a sore throat with no appetite and it is making me uncomfortable,symptom_report
I am having a cold with a sore throat with no appetite and I need guidance,symptom_report
I am having a bad cough and chills,symptom_report
I am having a bad cough and chills should I worry,symptom_report
I am having a bad cough and chills and it is making me uncomfortable,symptom_report
I am having a bad cough and chills and I need guidance,symptom_report
I am having a bad cough and chills after eating,symptom_report
I am having a bad cough and chills after eating should I worry,symptom_report
I am having a bad cough and chills after eating and it is making me uncomfortable,symptom_report
I am having a bad cough and chills after eating and I need guidance,symptom_report
I am having a bad cough and chills since last night,symptom_report
I am having a bad cough and chills since last night should I worry,symptom_report
I am having a bad cough and chills since last night and it is making me uncomfortable,symptom_report
I am having a bad cough and chills since last night and I need guidance,symptom_report
I am having a bad cough and chills since yesterday evening,symptom_report
I am having a bad cough and chills since yesterday evening should I worry,symptom_report
I am having a bad cough and chills since yesterday evening and it is making me uncomfortable,symptom_report
I am having a bad cough and chills since yesterday evening and I need guidance,symptom_report
I am having a bad cough and chills that keeps getting worse,symptom_report
I am having a bad cough and chills that keeps getting worse should I worry,symptom_report
I am having a bad cough and chills that keeps getting worse and it is making me uncomfortable,symptom_report
I am having a bad cough and chills that keeps getting worse and I need guidance,symptom_report
I am having a bad cough and chills and I feel weak,symptom_report
I am having a bad cough and chills and I feel weak should I worry,symptom_report
I am having a bad cough and chills and I feel weak and it is making me uncomfortable,symptom_report
I am having a bad cough and chills and I feel weak and I need guidance,symptom_report
I am having a bad cough and chills with no appetite,symptom_report
I am having a bad cough and chills with no appetite should I worry,symptom_report
I am having a bad cough and chills with no appetite and it is making me uncomfortable,symptom_report
I am having a bad cough and chills with no appetite and I need guidance,symptom_report
I am having headache and dizziness,symptom_report
I am having headache and dizziness should I worry,symptom_report
I am having headache and dizziness and it is making me uncomfortable,symptom_report
I am having headache and dizziness and I need guidance,symptom_report
I am having headache and dizziness after eating,symptom_report
I am having headache and dizziness after eating should I worry,symptom_report
I am having headache and dizziness after eating and it is making me uncomfortable,symptom_report
I am having headache and dizziness after eating and I need guidance,symptom_report
I am having headache and dizziness since last night,symptom_report
I am having headache and dizziness since last night should I worry,symptom_report
I am having headache and dizziness since last night and it is making me uncomfortable,symptom_report
I am having headache and dizziness since last night and I need guidance,symptom_report
I am having headache and dizziness since yesterday evening,symptom_report
I am having headache and dizziness since yesterday evening should I worry,symptom_report
I am having headache and dizziness since yesterday evening and it is making me uncomfortable,symptom_report
I am having headache and dizziness since yesterday evening and I need guidance,symptom_report
I am having headache and dizziness that keeps getting worse,symptom_report
I am having headache and dizziness that keeps getting worse should I worry,symptom_report
I am having headache and dizziness that keeps getting worse and it is making me uncomfortable,symptom_report
I am having headache and dizziness that keeps getting worse and I need guidance,symptom_report
I am having headache and dizziness and I feel weak,symptom_report
I am having headache and dizziness and I feel weak should I worry,symptom_report
I am having headache and dizziness and I feel weak and it is making me uncomfortable,symptom_report
I am having headache and dizziness and I feel weak and I need guidance,symptom_report
I am having headache and dizziness with no appetite,symptom_report
I am having headache and dizziness with no appetite should I worry,symptom_report
I am having headache and dizziness with no appetite and it is making me uncomfortable,symptom_report
I am having headache and dizziness with no appetite and I need guidance,symptom_report
I am having stomach pain and nausea,symptom_report
I am having stomach pain and nausea should I worry,symptom_report
I am having stomach pain and nausea and it is making me uncomfortable,symptom_report
I am having stomach pain and nausea and I need guidance,symptom_report
I am having stomach pain and nausea after eating,symptom_report
I am having stomach pain and nausea after eating should I worry,symptom_report
I am having stomach pain and nausea after eating and it is making me uncomfortable,symptom_report
I am having stomach pain and nausea after eating and I need guidance,symptom_report
I am having stomach pain and nausea since last night,symptom_report
I am having stomach pain and nausea since last night should I worry,symptom_report
I am having stomach pain and nausea since last night and it is making me uncomfortable,symptom_report
I am having stomach pain and nausea since last night and I need guidance,symptom_report
I am having stomach pain and nausea since yesterday evening,symptom_report
I am having stomach pain and nausea since yesterday evening should I worry,symptom_report
I am having stomach pain and nausea since yesterday evening and it is making me uncomfortable,symptom_report
I am having stomach pain and nausea since yesterday evening and I need guidance,symptom_report
I am having stomach pain and nausea that keeps getting worse,symptom_report
I am having stomach pain and nausea that keeps getting worse should I worry,symptom_report
I am having stomach pain and nausea that keeps getting worse and it is making me uncomfortable,symptom_report
I am having stomach pain and nausea that keeps getting worse and I need guidance,symptom_report
I am having stomach pain and nausea and I feel weak,symptom_report
I am having stomach pain and nausea and I feel weak should I worry,symptom_report
I am having stomach pain and nausea and I feel weak and it is making me uncomfortable,symptom_report
I am having stomach pain and nausea and I feel weak and I need guidance,symptom_report
I am having stomach pain and nausea with no appetite,symptom_report
I am having stomach pain and nausea with no appetite should I worry,symptom_report
I am having stomach pain and nausea with no appetite and it is making me uncomfortable,symptom_report
I am having stomach pain and nausea with no appetite and I need guidance,symptom_report
I am having loose motion and weakness,symptom_report
I am having loose motion and weakness should I worry,symptom_report
I am having loose motion and weakness and it is making me uncomfortable,symptom_report
I am having loose motion and weakness and I need guidance,symptom_report
I am having loose motion and weakness after eating,symptom_report
I am having loose motion and weakness after eating should I worry,symptom_report
I am having loose motion and weakness after eating and it is making me uncomfortable,symptom_report
I am having loose motion and weakness after eating and I need guidance,symptom_report
I am having loose motion and weakness since last night,symptom_report
I am having loose motion and weakness since last night should I worry,symptom_report
I am having loose motion and weakness since last night and it is making me uncomfortable,symptom_report
I am having loose motion and weakness since last night and I need guidance,symptom_report
I am having loose motion and weakness since yesterday evening,symptom_report
I am having loose motion and weakness since yesterday evening should I worry,symptom_report
I am having loose motion and weakness since yesterday evening and it is making me uncomfortable,symptom_report
I am having loose motion and weakness since yesterday evening and I need guidance,symptom_report
I am having loose motion and weakness that keeps getting worse,symptom_report
I am having loose motion and weakness that keeps getting worse should I worry,symptom_report
I am having loose motion and weakness that keeps getting worse and it is making me uncomfortable,symptom_report
I am having loose motion and weakness that keeps getting worse and I need guidance,symptom_report
I am having loose motion and weakness and I feel weak,symptom_report
I am having loose motion and weakness and I feel weak should I worry,symptom_report
I am having loose motion and weakness and I feel weak and it is making me uncomfortable,symptom_report
I am having loose motion and weakness and I feel weak and I need guidance,symptom_report
I am having loose motion and weakness with no appetite,symptom_report
I am having loose motion and weakness with no appetite should I worry,symptom_report
I am having loose motion and weakness with no appetite and it is making me uncomfortable,symptom_report
I am having loose motion and weakness with no appetite and I need guidance,symptom_report
I am having chest tightness and fast heartbeat,symptom_report
I am having chest tightness and fast heartbeat should I worry,symptom_report
I am having chest tightness and fast heartbeat and it is making me uncomfortable,symptom_report
I am having chest tightness and fast heartbeat and I need guidance,symptom_report
I am having chest tightness and fast heartbeat after eating,symptom_report
I am having chest tightness and fast heartbeat after eating should I worry,symptom_report
I am having chest tightness and fast heartbeat after eating and it is making me uncomfortable,symptom_report
I am having chest tightness and fast heartbeat after eating and I need guidance,symptom_report
I am having chest tightness and fast heartbeat since last night,symptom_report
I am having chest tightness and fast heartbeat since last night should I worry,symptom_report
I am having chest tightness and fast heartbeat since last night and it is making me uncomfortable,symptom_report
I am having chest tightness and fast heartbeat since last night and I need guidance,symptom_report
I am having chest tightness and fast heartbeat since yesterday evening,symptom_report
I am having chest tightness and fast heartbeat since yesterday evening should I worry,symptom_report
I am having chest tightness and fast heartbeat since yesterday evening and it is making me uncomfortable,symptom_report
I am having chest tightness and fast heartbeat since yesterday evening and I need guidance,symptom_report
I am having chest tightness and fast heartbeat that keeps getting worse,symptom_report
I am having chest tightness and fast heartbeat that keeps getting worse should I worry,symptom_report
I am having chest tightness and fast heartbeat that keeps getting worse and it is making me uncomfortable,symptom_report
I am having chest tightness and fast heartbeat that keeps getting worse and I need guidance,symptom_report
I am having chest tightness and fast heartbeat and I feel weak,symptom_report
I am having chest tightness and fast heartbeat and I feel weak should I worry,symptom_report
I am having chest tightness and fast heartbeat and I feel weak and it is making me uncomfortable,symptom_report
I am having chest tightness and fast heartbeat and I feel weak and I need guidance,symptom_report
I am having chest tightness and fast heartbeat with no appetite,symptom_report
I am having chest tightness and fast heartbeat with no appetite should I worry,symptom_report
I am having chest tightness and fast heartbeat with no appetite and it is making me uncomfortable,symptom_report
I am having chest tightness and fast heartbeat with no appetite and I need guidance,symptom_report
I am having vomiting and stomach cramps,symptom_report
I am having vomiting and stomach cramps should I worry,symptom_report
I am having vomiting and stomach cramps and it is making me uncomfortable,symptom_report
I am having vomiting and stomach cramps and I need guidance,symptom_report
I am having vomiting and stomach cramps after eating,symptom_report
I am having vomiting and stomach cramps after eating should I worry,symptom_report
I am having vomiting and stomach cramps after eating and it is making me uncomfortable,symptom_report
I am having vomiting and stomach cramps after eating and I need guidance,symptom_report
I am having vomiting and stomach cramps since last night,symptom_report
I am having vomiting and stomach cramps since last night should I worry,symptom_report
I am having vomiting and stomach cramps since last night and it is making me uncomfortable,symptom_report
I am having vomiting and stomach cramps since last night and I need guidance,symptom_report
I am having vomiting and stomach cramps since yesterday evening,symptom_report
I am having vomiting and stomach cramps since yesterday evening should I worry,symptom_report
I am having vomiting and stomach cramps since yesterday evening and it is making me uncomfortable,symptom_report
I am having vomiting and stomach cramps since yesterday evening and I need guidance,symptom_report
I am having vomiting and stomach cramps that keeps getting worse,symptom_report
I am having vomiting and stomach cramps that keeps getting worse should I worry,symptom_report
I am having vomiting and stomach cramps that keeps getting worse and it is making me uncomfortable,symptom_report
I am having vomiting and stomach cramps that keeps getting worse and I need guidance,symptom_report
I am having vomiting and stomach cramps and I feel weak,symptom_report
I am having vomiting and stomach cramps and I feel weak should I worry,symptom_report
I am having vomiting and stomach cramps and I feel weak and it is making me uncomfortable,symptom_report
I am having vomiting and stomach cramps and I feel weak and I need guidance,symptom_report
I am having vomiting and stomach cramps with no appetite,symptom_report
I am having vomiting and stomach cramps with no appetite should I worry,symptom_report
I am having vomiting and stomach cramps with no appetite and it is making me uncomfortable,symptom_report
I am having vomiting and stomach cramps with no appetite and I need guidance,symptom_report
I am having blocked nose and sneezing,symptom_report
I am having blocked nose and sneezing should I worry,symptom_report
I am having blocked nose and sneezing and it is making me uncomfortable,symptom_report
I am having blocked nose and sneezing and I need guidance,symptom_report
I am having blocked nose and sneezing after eating,symptom_report
I am having blocked nose and sneezing after eating should I worry,symptom_report
I am having blocked nose and sneezing after eating and it is making me uncomfortable,symptom_report
I am having blocked nose and sneezing after eating and I need guidance,symptom_report
I am having blocked nose and sneezing since last night,symptom_report
I am having blocked nose and sneezing since last night should I worry,symptom_report
I am having blocked nose and sneezing since last night and it is making me uncomfortable,symptom_report
I am having blocked nose and sneezing since last night and I need guidance,symptom_report
I am having blocked nose and sneezing since yesterday evening,symptom_report
I am having blocked nose and sneezing since yesterday evening should I worry,symptom_report
I am having blocked nose and sneezing since yesterday evening and it is making me uncomfortable,symptom_report
I am having blocked nose and sneezing since yesterday evening and I need guidance,symptom_report
I am having blocked nose and sneezing that keeps getting worse,symptom_report
I am having blocked nose and sneezing that keeps getting worse should I worry,symptom_report
I am having blocked nose and sneezing that keeps getting worse and it is making me uncomfortable,symptom_report
I am having blocked nose and sneezing that keeps getting worse and I need guidance,symptom_report
I am having blocked nose and sneezing and I feel weak,symptom_report
I am having blocked nose and sneezing and I feel weak should I worry,symptom_report
I am having blocked nose and sneezing and I feel weak and it is making me uncomfortable,symptom_report
I am having blocked nose and sneezing and I feel weak and I need guidance,symptom_report
I am having blocked nose and sneezing with no appetite,symptom_report
I am having blocked nose and sneezing with no appetite should I worry,symptom_report
I am having blocked nose and sneezing with no appetite and it is making me uncomfortable,symptom_report
I am having blocked nose and sneezing with no appetite and I need guidance,symptom_report
I am having back pain and fatigue,symptom_report
I am having back pain and fatigue should I worry,symptom_report
I am having back pain and fatigue and it is making me uncomfortable,symptom_report
I am having back pain and fatigue and I need guidance,symptom_report
I am having back pain and fatigue after eating,symptom_report
I am having back pain and fatigue after eating should I worry,symptom_report
I am having back pain and fatigue after eating and it is making me uncomfortable,symptom_report
I am having back pain and fatigue after eating and I need guidance,symptom_report
I am having back pain and fatigue since last night,symptom_report
I am having back pain and fatigue since last night should I worry,symptom_report
I am having back pain and fatigue since last night and it is making me uncomfortable,symptom_report
I am having back pain and fatigue since last night and I need guidance,symptom_report
I am having back pain and fatigue since yesterday evening,symptom_report
I am having back pain and fatigue since yesterday evening should I worry,symptom_report
I am having back pain and fatigue since yesterday evening and it is making me uncomfortable,symptom_report
I am having back pain and fatigue since yesterday evening and I need guidance,symptom_report
I am having back pain and fatigue that keeps getting worse,symptom_report
I am having back pain and fatigue that keeps getting worse should I worry,symptom_report
I am having back pain and fatigue that keeps getting worse and it is making me uncomfortable,symptom_report
I am having back pain and fatigue that keeps getting worse and I need guidance,symptom_report
I am having back pain and fatigue and I feel weak,symptom_report
I am having back pain and fatigue and I feel weak should I worry,symptom_report
I am having back pain and fatigue and I feel weak and it is making me uncomfortable,symptom_report
I am having back pain and fatigue and I feel weak and I need guidance,symptom_report
I am having back pain and fatigue with no appetite,symptom_report
I am having back pain and fatigue with no appetite should I worry,symptom_report
I am having back pain and fatigue with no appetite and it is making me uncomfortable,symptom_report
I am having back pain and fatigue with no appetite and I need guidance,symptom_report
I keep getting a fever and body aches,symptom_report
I keep getting a fever and body aches should I worry,symptom_report
I keep getting a fever and body aches and it is making me uncomfortable,symptom_report
I keep getting a fever and body aches and I need guidance,symptom_report
I keep getting a fever and body aches after eating,symptom_report
I keep getting a fever and body aches after eating should I worry,symptom_report
I keep getting a fever and body aches after eating and it is making me uncomfortable,symptom_report
I keep getting a fever and body aches after eating and I need guidance,symptom_report
I keep getting a fever and body aches since last night,symptom_report
I keep getting a fever and body aches since last night should I worry,symptom_report
I keep getting a fever and body aches since last night and it is making me uncomfortable,symptom_report
I keep getting a fever and body aches since last night and I need guidance,symptom_report
I keep getting a fever and body aches since yesterday evening,symptom_report
I keep getting a fever and body aches since yesterday evening should I worry,symptom_report
I keep getting a fever and body aches since yesterday evening and it is making me uncomfortable,symptom_report
I keep getting a fever and body aches since yesterday evening and I need guidance,symptom_report
I keep getting a fever and body aches that keeps getting worse,symptom_report
I keep getting a fever and body aches that keeps getting worse should I worry,symptom_report
I keep getting a fever and body aches that keeps getting worse and it is making me uncomfortable,symptom_report
I keep getting a fever and body aches that keeps getting worse and I need guidance,symptom_report
I keep getting a fever and body aches and I feel weak,symptom_report
I keep getting a fever and body aches and I feel weak should I worry,symptom_report
I keep getting a fever and body aches and I feel weak and it is making me uncomfortable,symptom_report
I keep getting a fever and body aches and I feel weak and I need guidance,symptom_report
I keep getting a fever and body aches with no appetite,symptom_report
I keep getting a fever and body aches with no appetite should I worry,symptom_report
I keep getting a fever and body aches with no appetite and it is making me uncomfortable,symptom_report
I keep getting a fever and body aches with no appetite and I need guidance,symptom_report
I keep getting a cold with a sore throat,symptom_report
I keep getting a cold with a sore throat should I worry,symptom_report
I keep getting a cold with a sore throat and it is making me uncomfortable,symptom_report
I keep getting a cold with a sore throat and I need guidance,symptom_report
I keep getting a cold with a sore throat after eating,symptom_report
I keep getting a cold with a sore throat after eating should I worry,symptom_report
I keep getting a cold with a sore throat after eating and it is making me uncomfortable,symptom_report
I keep getting a cold with a sore throat after eating and I need guidance,symptom_report
I keep getting a cold with a sore throat since last night,symptom_report
I keep getting a cold with a sore throat since last night should I worry,symptom_report
I keep getting a cold with a sore throat since last night and it is making me uncomfortable,symptom_report
I keep getting a cold with a sore throat since last night and I need guidance,symptom_report
I keep getting a cold with a sore throat since yesterday evening,symptom_report
I keep getting a cold with a sore throat since yesterday evening should I worry,symptom_report
I keep getting a cold with a sore throat since yesterday evening and it is making me uncomfortable,symptom_report
I keep getting a cold with a sore throat since yesterday evening and I need guidance,symptom_report
I keep getting a cold with a sore throat that keeps getting worse,symptom_report
I keep getting a cold with a sore throat that keeps getting worse should I worry,symptom_report
I keep getting a cold with a sore throat that keeps getting worse and it is making me uncomfortable,symptom_report
I keep getting a cold with a sore throat that keeps getting worse and I need guidance,symptom_report
I keep getting a cold with a sore throat and I feel weak,symptom_report
I keep getting a cold with a sore throat and I feel weak should I worry,symptom_report
I keep getting a cold with a sore throat and I feel weak and it is making me uncomfortable,symptom_report
I keep getting a cold with a sore throat and I feel weak and I need guidance,symptom_report
I keep getting a cold with a sore throat with no appetite,symptom_report
I keep getting a cold with a sore throat with no appetite should I worry,symptom_report
I keep getting a cold with a sore throat with no appetite and it is making me uncomfortable,symptom_report
I keep getting a cold with a sore throat with no appetite and I need guidance,symptom_report
I keep getting a bad cough and chills,symptom_report
I keep getting a bad cough and chills should I worry,symptom_report
I keep getting a bad cough and chills and it is making me uncomfortable,symptom_report
I keep getting a bad cough and chills and I need guidance,symptom_report
I keep getting a bad cough and chills after eating,symptom_report
I keep getting a bad cough and chills after eating should I worry,symptom_report
I keep getting a bad cough and chills after eating and it is making me uncomfortable,symptom_report
I keep getting a bad cough and chills after eating and I need guidance,symptom_report
I keep getting a bad cough and chills since last night,symptom_report
I keep getting a bad cough and chills since last night should I worry,symptom_report
I keep getting a bad cough and chills since last night and it is making me uncomfortable,symptom_report
I keep getting a bad cough and chills since last night and I need guidance,symptom_report
I keep getting a bad cough and chills since yesterday evening,symptom_report
I keep getting a bad cough and chills since yesterday evening should I worry,symptom_report
I keep getting a bad cough and chills since yesterday evening and it is making me uncomfortable,symptom_report
I keep getting a bad cough and chills since yesterday evening and I need guidance,symptom_report
I keep getting a bad cough and chills that keeps getting worse,symptom_report
I keep getting a bad cough and chills that keeps getting worse should I worry,symptom_report
I keep getting a bad cough and chills that keeps getting worse and it is making me uncomfortable,symptom_report
I keep getting a bad cough and chills that keeps getting worse and I need guidance,symptom_report
I keep getting a bad cough and chills and I feel weak,symptom_report
I keep getting a bad cough and chills and I feel weak should I worry,symptom_report
I keep getting a bad cough and chills and I feel weak and it is making me uncomfortable,symptom_report
I keep getting a bad cough and chills and I feel weak and I need guidance,symptom_report
I keep getting a bad cough and chills with no appetite,symptom_report
I keep getting a bad cough and chills with no appetite should I worry,symptom_report
I keep getting a bad cough and chills with no appetite and it is making me uncomfortable,symptom_report
I keep getting a bad cough and chills with no appetite and I need guidance,symptom_report
I keep getting headache and dizziness,symptom_report
I keep getting headache and dizziness should I worry,symptom_report
I keep getting headache and dizziness and it is making me uncomfortable,symptom_report
I keep getting headache and dizziness and I need guidance,symptom_report
I keep getting headache and dizziness after eating,symptom_report
I keep getting headache and dizziness after eating should I worry,symptom_report
I keep getting headache and dizziness after eating and it is making me uncomfortable,symptom_report
I keep getting headache and dizziness after eating and I need guidance,symptom_report
I keep getting headache and dizziness since last night,symptom_report
I keep getting headache and dizziness since last night should I worry,symptom_report
I keep getting headache and dizziness since last night and it is making me uncomfortable,symptom_report
I keep getting headache and dizziness since last night and I need guidance,symptom_report
I keep getting headache and dizziness since yesterday evening,symptom_report
I keep getting headache and dizziness since yesterday evening should I worry,symptom_report
I keep getting headache and dizziness since yesterday evening and it is making me uncomfortable,symptom_report
I keep getting headache and dizziness since yesterday evening and I need guidance,symptom_report
I keep getting headache and dizziness that keeps getting worse,symptom_report
I keep getting headache and dizziness that keeps getting worse should I worry,symptom_report
I keep getting headache and dizziness that keeps getting worse and it is making me uncomfortable,symptom_report
I keep getting headache and dizziness that keeps getting worse and I need guidance,symptom_report
I keep getting headache and dizziness and I feel weak,symptom_report
I keep getting headache and dizziness and I feel weak should I worry,symptom_report
I keep getting headache and dizziness and I feel weak and it is making me uncomfortable,symptom_report
I keep getting headache and dizziness and I feel weak and I need guidance,symptom_report
I keep getting headache and dizziness with no appetite,symptom_report
I keep getting headache and dizziness with no appetite should I worry,symptom_report
I keep getting headache and dizziness with no appetite and it is making me uncomfortable,symptom_report
I keep getting headache and dizziness with no appetite and I need guidance,symptom_report
I keep getting stomach pain and nausea,symptom_report
I keep getting stomach pain and nausea should I worry,symptom_report
I keep getting stomach pain and nausea and it is making me uncomfortable,symptom_report
I keep getting stomach pain and nausea and I need guidance,symptom_report
I keep getting stomach pain and nausea after eating,symptom_report
I keep getting stomach pain and nausea after eating should I worry,symptom_report
I keep getting stomach pain and nausea after eating and it is making me uncomfortable,symptom_report
I keep getting stomach pain and nausea after eating and I need guidance,symptom_report
I keep getting stomach pain and nausea since last night,symptom_report
I keep getting stomach pain and nausea since last night should I worry,symptom_report
I keep getting stomach pain and nausea since last night and it is making me uncomfortable,symptom_report
I keep getting stomach pain and nausea since last night and I need guidance,symptom_report
I keep getting stomach pain and nausea since yesterday evening,symptom_report
I keep getting stomach pain and nausea since yesterday evening should I worry,symptom_report
I keep getting stomach pain and nausea since yesterday evening and it is making me uncomfortable,symptom_report
I keep getting stomach pain and nausea since yesterday evening and I need guidance,symptom_report
I keep getting stomach pain and nausea that keeps getting worse,symptom_report
I keep getting stomach pain and nausea that keeps getting worse should I worry,symptom_report
I keep getting stomach pain and nausea that keeps getting worse and it is making me uncomfortable,symptom_report
I keep getting stomach pain and nausea that keeps getting worse and I need guidance,symptom_report
I keep getting stomach pain and nausea and I feel weak,symptom_report
I keep getting stomach pain and nausea and I feel weak should I worry,symptom_report
I keep getting stomach pain and nausea and I feel weak and it is making me uncomfortable,symptom_report
I keep getting stomach pain and nausea and I feel weak and I need guidance,symptom_report
I keep getting stomach pain and nausea with no appetite,symptom_report
I keep getting stomach pain and nausea with no appetite should I worry,symptom_report
I keep getting stomach pain and nausea with no appetite and it is making me uncomfortable,symptom_report
I keep getting stomach pain and nausea with no appetite and I need guidance,symptom_report
I keep getting loose motion and weakness,symptom_report
I keep getting loose motion and weakness should I worry,symptom_report
I keep getting loose motion and weakness and it is making me uncomfortable,symptom_report
I keep getting loose motion and weakness and I need guidance,symptom_report
I keep getting loose motion and weakness after eating,symptom_report
I keep getting loose motion and weakness after eating should I worry,symptom_report
I keep getting loose motion and weakness after eating and it is making me uncomfortable,symptom_report
I keep getting loose motion and weakness after eating and I need guidance,symptom_report
I keep getting loose motion and weakness since last night,symptom_report
I keep getting loose motion and weakness since last night should I worry,symptom_report
I keep getting loose motion and weakness since last night and it is making me uncomfortable,symptom_report
I keep getting loose motion and weakness since last night and I need guidance,symptom_report
I keep getting loose motion and weakness since yesterday evening,symptom_report
I keep getting loose motion and weakness since yesterday evening should I worry,symptom_report
I keep getting loose motion and weakness since yesterday evening and it is making me uncomfortable,symptom_report
I keep getting loose motion and weakness since yesterday evening and I need guidance,symptom_report
I keep getting loose motion and weakness that keeps getting worse,symptom_report
I keep getting loose motion and weakness that keeps getting worse should I worry,symptom_report
I keep getting loose motion and weakness that keeps getting worse and it is making me uncomfortable,symptom_report
I keep getting loose motion and weakness that keeps getting worse and I need guidance,symptom_report
I keep getting loose motion and weakness and I feel weak,symptom_report
I keep getting loose motion and weakness and I feel weak should I worry,symptom_report
I keep getting loose motion and weakness and I feel weak and it is making me uncomfortable,symptom_report
I keep getting loose motion and weakness and I feel weak and I need guidance,symptom_report
I keep getting loose motion and weakness with no appetite,symptom_report
I keep getting loose motion and weakness with no appetite should I worry,symptom_report
I keep getting loose motion and weakness with no appetite and it is making me uncomfortable,symptom_report
I keep getting loose motion and weakness with no appetite and I need guidance,symptom_report
I keep getting chest tightness and fast heartbeat,symptom_report
I keep getting chest tightness and fast heartbeat should I worry,symptom_report
I keep getting chest tightness and fast heartbeat and it is making me uncomfortable,symptom_report
I keep getting chest tightness and fast heartbeat and I need guidance,symptom_report
I keep getting chest tightness and fast heartbeat after eating,symptom_report
I keep getting chest tightness and fast heartbeat after eating should I worry,symptom_report
I keep getting chest tightness and fast heartbeat after eating and it is making me uncomfortable,symptom_report
I keep getting chest tightness and fast heartbeat after eating and I need guidance,symptom_report
I keep getting chest tightness and fast heartbeat since last night,symptom_report
I keep getting chest tightness and fast heartbeat since last night should I worry,symptom_report
I keep getting chest tightness and fast heartbeat since last night and it is making me uncomfortable,symptom_report
I keep getting chest tightness and fast heartbeat since last night and I need guidance,symptom_report
I keep getting chest tightness and fast heartbeat since yesterday evening,symptom_report
I keep getting chest tightness and fast heartbeat since yesterday evening should I worry,symptom_report
I keep getting chest tightness and fast heartbeat since yesterday evening and it is making me uncomfortable,symptom_report
I keep getting chest tightness and fast heartbeat since yesterday evening and I need guidance,symptom_report
I keep getting chest tightness and fast heartbeat that keeps getting worse,symptom_report
I keep getting chest tightness and fast heartbeat that keeps getting worse should I worry,symptom_report
I keep getting chest tightness and fast heartbeat that keeps getting worse and it is making me uncomfortable,symptom_report
I keep getting chest tightness and fast heartbeat that keeps getting worse and I need guidance,symptom_report
I keep getting chest tightness and fast heartbeat and I feel weak,symptom_report
I keep getting chest tightness and fast heartbeat and I feel weak should I worry,symptom_report
I keep getting chest tightness and fast heartbeat and I feel weak and it is making me uncomfortable,symptom_report
I keep getting chest tightness and fast heartbeat and I feel weak and I need guidance,symptom_report
I keep getting chest tightness and fast heartbeat with no appetite,symptom_report
I keep getting chest tightness and fast heartbeat with no appetite should I worry,symptom_report
I keep getting chest tightness and fast heartbeat with no appetite and it is making me uncomfortable,symptom_report
I keep getting chest tightness and fast heartbeat with no appetite and I need guidance,symptom_report
I keep getting vomiting and stomach cramps,symptom_report
I keep getting vomiting and stomach cramps should I worry,symptom_report
I keep getting vomiting and stomach cramps and it is making me uncomfortable,symptom_report
I keep getting vomiting and stomach cramps and I need guidance,symptom_report
I keep getting vomiting and stomach cramps after eating,symptom_report
I keep getting vomiting and stomach cramps after eating should I worry,symptom_report
I keep getting vomiting and stomach cramps after eating and it is making me uncomfortable,symptom_report
I keep getting vomiting and stomach cramps after eating and I need guidance,symptom_report
I keep getting vomiting and stomach cramps since last night,symptom_report
I keep getting vomiting and stomach cramps since last night should I worry,symptom_report
I keep getting vomiting and stomach cramps since last night and it is making me uncomfortable,symptom_report
I keep getting vomiting and stomach cramps since last night and I need guidance,symptom_report
I keep getting vomiting and stomach cramps since yesterday evening,symptom_report
I keep getting vomiting and stomach cramps since yesterday evening should I worry,symptom_report
I keep getting vomiting and stomach cramps since yesterday evening and it is making me uncomfortable,symptom_report
I keep getting vomiting and stomach cramps since yesterday evening and I need guidance,symptom_report
I keep getting vomiting and stomach cramps that keeps getting worse,symptom_report
I keep getting vomiting and stomach cramps that keeps getting worse should I worry,symptom_report
I keep getting vomiting and stomach cramps that keeps getting worse and it is making me uncomfortable,symptom_report
I keep getting vomiting and stomach cramps that keeps getting worse and I need guidance,symptom_report
I keep getting vomiting and stomach cramps and I feel weak,symptom_report
I keep getting vomiting and stomach cramps and I feel weak should I worry,symptom_report
I keep getting vomiting and stomach cramps and I feel weak and it is making me uncomfortable,symptom_report
I keep getting vomiting and stomach cramps and I feel weak and I need guidance,symptom_report
I keep getting vomiting and stomach cramps with no appetite,symptom_report
I keep getting vomiting and stomach cramps with no appetite should I worry,symptom_report
I keep getting vomiting and stomach cramps with no appetite and it is making me uncomfortable,symptom_report
I keep getting vomiting and stomach cramps with no appetite and I need guidance,symptom_report
I keep getting blocked nose and sneezing,symptom_report
I keep getting blocked nose and sneezing should I worry,symptom_report
I keep getting blocked nose and sneezing and it is making me uncomfortable,symptom_report
I keep getting blocked nose and sneezing and I need guidance,symptom_report
I keep getting blocked nose and sneezing after eating,symptom_report
I keep getting blocked nose and sneezing after eating should I worry,symptom_report
I keep getting blocked nose and sneezing after eating and it is making me uncomfortable,symptom_report
I keep getting blocked nose and sneezing after eating and I need guidance,symptom_report
I keep getting blocked nose and sneezing since last night,symptom_report
I keep getting blocked nose and sneezing since last night should I worry,symptom_report
I keep getting blocked nose and sneezing since last night and it is making me uncomfortable,symptom_report
I keep getting blocked nose and sneezing since last night and I need guidance,symptom_report
I keep getting blocked nose and sneezing since yesterday evening,symptom_report
I keep getting blocked nose and sneezing since yesterday evening should I worry,symptom_report
I keep getting blocked nose and sneezing since yesterday evening and it is making me uncomfortable,symptom_report
I keep getting blocked nose and sneezing since yesterday evening and I need guidance,symptom_report
I keep getting blocked nose and sneezing that keeps getting worse,symptom_report
I keep getting blocked nose and sneezing that keeps getting worse should I worry,symptom_report
I keep getting blocked nose and sneezing that keeps getting worse and it is making me uncomfortable,symptom_report
I keep getting blocked nose and sneezing that keeps getting worse and I need guidance,symptom_report
I keep getting blocked nose and sneezing and I feel weak,symptom_report
I keep getting blocked nose and sneezing and I feel weak should I worry,symptom_report
I keep getting blocked nose and sneezing and I feel weak and it is making me uncomfortable,symptom_report
I keep getting blocked nose and sneezing and I feel weak and I need guidance,symptom_report
I keep getting blocked nose and sneezing with no appetite,symptom_report
I keep getting blocked nose and sneezing with no appetite should I worry,symptom_report
I keep getting blocked nose and sneezing with no appetite and it is making me uncomfortable,symptom_report
I keep getting blocked nose and sneezing with no appetite and I need guidance,symptom_report
I keep getting back pain and fatigue,symptom_report
I keep getting back pain and fatigue should I worry,symptom_report
I keep getting back pain and fatigue and it is making me uncomfortable,symptom_report
I keep getting back pain and fatigue and I need guidance,symptom_report
I keep getting back pain and fatigue after eating,symptom_report
I keep getting back pain and fatigue after eating should I worry,symptom_report
I keep getting back pain and fatigue after eating and it is making me uncomfortable,symptom_report
I keep getting back pain and fatigue after eating and I need guidance,symptom_report
I keep getting back pain and fatigue since last night,symptom_report
I keep getting back pain and fatigue since last night should I worry,symptom_report
I keep getting back pain and fatigue since last night and it is making me uncomfortable,symptom_report
I keep getting back pain and fatigue since last night and I need guidance,symptom_report
I keep getting back pain and fatigue since yesterday evening,symptom_report
I keep getting back pain and fatigue since yesterday evening should I worry,symptom_report
I keep getting back pain and fatigue since yesterday evening and it is making me uncomfortable,symptom_report
I keep getting back pain and fatigue since yesterday evening and I need guidance,symptom_report
I keep getting back pain and fatigue that keeps getting worse,symptom_report
I keep getting back pain and fatigue that keeps getting worse should I worry,symptom_report
I keep getting back pain and fatigue that keeps getting worse and it is making me uncomfortable,symptom_report
I keep getting back pain and fatigue that keeps getting worse and I need guidance,symptom_report
I keep getting back pain and fatigue and I feel weak,symptom_report
I keep getting back pain and fatigue and I feel weak should I worry,symptom_report
I keep getting back pain and fatigue and I feel weak and it is making me uncomfortable,symptom_report
I keep getting back pain and fatigue and I feel weak and I need guidance,symptom_report
I keep getting back pain and fatigue with no appetite,symptom_report
I keep getting back pain and fatigue with no appetite should I worry,symptom_report
I keep getting back pain and fatigue with no appetite and it is making me uncomfortable,symptom_report
I keep getting back pain and fatigue with no appetite and I need guidance,symptom_report
Since morning I have a fever and body aches,symptom_report
Since morning I have a fever and body aches should I worry,symptom_report
Since morning I have a fever and body aches and it is making me uncomfortable,symptom_report
Since morning I have a fever and body aches and I need guidance,symptom_report
Since morning I have a fever and body aches after eating,symptom_report
Since morning I have a fever and body aches after eating should I worry,symptom_report
Since morning I have a fever and body aches after eating and it is making me uncomfortable,symptom_report
Since morning I have a fever and body aches after eating and I need guidance,symptom_report
Since morning I have a fever and body aches since last night,symptom_report
Since morning I have a fever and body aches since last night should I worry,symptom_report
Since morning I have a fever and body aches since last night and it is making me uncomfortable,symptom_report
Since morning I have a fever and body aches since last night and I need guidance,symptom_report
Since morning I have a fever and body aches since yesterday evening,symptom_report
Since morning I have a fever and body aches since yesterday evening should I worry,symptom_report
Since morning I have a fever and body aches since yesterday evening and it is making me uncomfortable,symptom_report
Since morning I have a fever and body aches since yesterday evening and I need guidance,symptom_report
Since morning I have a fever and body aches that keeps getting worse,symptom_report
Since morning I have a fever and body aches that keeps getting worse should I worry,symptom_report
Since morning I have a fever and body aches that keeps getting worse and it is making me uncomfortable,symptom_report
Since morning I have a fever and body aches that keeps getting worse and I need guidance,symptom_report
Since morning I have a fever and body aches and I feel weak,symptom_report
Since morning I have a fever and body aches and I feel weak should I worry,symptom_report
Since morning I have a fever and body aches and I feel weak and it is making me uncomfortable,symptom_report
Since morning I have a fever and body aches and I feel weak and I need guidance,symptom_report
Since morning I have a fever and body aches with no appetite,symptom_report
Since morning I have a fever and body aches with no appetite should I worry,symptom_report
Since morning I have a fever and body aches with no appetite and it is making me uncomfortable,symptom_report
Since morning I have a fever and body aches with no appetite and I need guidance,symptom_report
Since morning I have a cold with a sore throat,symptom_report
Since morning I have a cold with a sore throat should I worry,symptom_report
Since morning I have a cold with a sore throat and it is making me uncomfortable,symptom_report
Since morning I have a cold with a sore throat and I need guidance,symptom_report
Since morning I have a cold with a sore throat after eating,symptom_report
Since morning I have a cold with a sore throat after eating should I worry,symptom_report
Since morning I have a cold with a sore throat after eating and it is making me uncomfortable,symptom_report
Since morning I have a cold with a sore throat after eating and I need guidance,symptom_report
Since morning I have a cold with a sore throat since last night,symptom_report
Since morning I have a cold with a sore throat since last night should I worry,symptom_report
Since morning I have a cold with a sore throat since last night and it is making me uncomfortable,symptom_report
Since morning I have a cold with a sore throat since last night and I need guidance,symptom_report
Since morning I have a cold with a sore throat since yesterday evening,symptom_report
Since morning I have a cold with a sore throat since yesterday evening should I worry,symptom_report
Since morning I have a cold with a sore throat since yesterday evening and it is making me uncomfortable,symptom_report
Since morning I have a cold with a sore throat since yesterday evening and I need guidance,symptom_report
Since morning I have a cold with a sore throat that keeps getting worse,symptom_report
Since morning I have a cold with a sore throat that keeps getting worse should I worry,symptom_report
Since morning I have a cold with a sore throat that keeps getting worse and it is making me uncomfortable,symptom_report
Since morning I have a cold with a sore throat that keeps getting worse and I need guidance,symptom_report
Since morning I have a cold with a sore throat and I feel weak,symptom_report
Since morning I have a cold with a sore throat and I feel weak should I worry,symptom_report
Since morning I have a cold with a sore throat and I feel weak and it is making me uncomfortable,symptom_report
Since morning I have a cold with a sore throat and I feel weak and I need guidance,symptom_report
Since morning I have a cold with a sore throat with no appetite,symptom_report
Since morning I have a cold with a sore throat with no appetite should I worry,symptom_report
Since morning I have a cold with a sore throat with no appetite and it is making me uncomfortable,symptom_report
Since morning I have a cold with a sore throat with no appetite and I need guidance,symptom_report
Since morning I have a bad cough and chills,symptom_report
Since morning I have a bad cough and chills should I worry,symptom_report
Since morning I have a bad cough and chills and it is making me uncomfortable,symptom_report
Since morning I have a bad cough and chills and I need guidance,symptom_report
Since morning I have a bad cough and chills after eating,symptom_report
Since morning I have a bad cough and chills after eating should I worry,symptom_report
Since morning I have a bad cough and chills after eating and it is making me uncomfortable,symptom_report
Since morning I have a bad cough and chills after eating and I need guidance,symptom_report
Since morning I have a bad cough and chills since last night,symptom_report
Since morning I have a bad cough and chills since last night should I worry,symptom_report
Since morning I have a bad cough and chills since last night and it is making me uncomfortable,symptom_report
Since morning I have a bad cough and chills since last night and I need guidance,symptom_report
Since morning I have a bad cough and chills since yesterday evening,symptom_report
Since morning I have a bad cough and chills since yesterday evening should I worry,symptom_report
Since morning I have a bad cough and chills since yesterday evening and it is making me uncomfortable,symptom_report
Since morning I have a bad cough and chills since yesterday evening and I need guidance,symptom_report
Since morning I have a bad cough and chills that keeps getting worse,symptom_report
Since morning I have a bad cough and chills that keeps getting worse should I worry,symptom_report
Since morning I have a bad cough and chills that keeps getting worse and it is making me uncomfortable,symptom_report
Since morning I have a bad cough and chills that keeps getting worse and I need guidance,symptom_report
Since morning I have a bad cough and chills and I feel weak,symptom_report
Since morning I have a bad cough and chills and I feel weak should I worry,symptom_report
Since morning I have a bad cough and chills and I feel weak and it is making me uncomfortable,symptom_report
Since morning I have a bad cough and chills and I feel weak and I need guidance,symptom_report
Since morning I have a bad cough and chills with no appetite,symptom_report
Since morning I have a bad cough and chills with no appetite should I worry,symptom_report
Since morning I have a bad cough and chills with no appetite and it is making me uncomfortable,symptom_report
Since morning I have a bad cough and chills with no appetite and I need guidance,symptom_report
Since morning I have headache and dizziness,symptom_report
Since morning I have headache and dizziness should I worry,symptom_report
Since morning I have headache and dizziness and it is making me uncomfortable,symptom_report
Since morning I have headache and dizziness and I need guidance,symptom_report
Since morning I have headache and dizziness after eating,symptom_report
Since morning I have headache and dizziness after eating should I worry,symptom_report
Since morning I have headache and dizziness after eating and it is making me uncomfortable,symptom_report
Since morning I have headache and dizziness after eating and I need guidance,symptom_report
Since morning I have headache and dizziness since last night,symptom_report
Since morning I have headache and dizziness since last night should I worry,symptom_report
Since morning I have headache and dizziness since last night and it is making me uncomfortable,symptom_report
Since morning I have headache and dizziness since last night and I need guidance,symptom_report
Since morning I have headache and dizziness since yesterday evening,symptom_report
Since morning I have headache and dizziness since yesterday evening should I worry,symptom_report
Since morning I have headache and dizziness since yesterday evening and it is making me uncomfortable,symptom_report
Since morning I have headache and dizziness since yesterday evening and I need guidance,symptom_report
Since morning I have headache and dizziness that keeps getting worse,symptom_report
Since morning I have headache and dizziness that keeps getting worse should I worry,symptom_report
Since morning I have headache and dizziness that keeps getting worse and it is making me uncomfortable,symptom_report
Since morning I have headache and dizziness that keeps getting worse and I need guidance,symptom_report
Since morning I have headache and dizziness and I feel weak,symptom_report
Since morning I have headache and dizziness and I feel weak should I worry,symptom_report
Since morning I have headache and dizziness and I feel weak and it is making me uncomfortable,symptom_report
Since morning I have headache and dizziness and I feel weak and I need guidance,symptom_report
Since morning I have headache and dizziness with no appetite,symptom_report
Since morning I have headache and dizziness with no appetite should I worry,symptom_report
Since morning I have headache and dizziness with no appetite and it is making me uncomfortable,symptom_report
Since morning I have headache and dizziness with no appetite and I need guidance,symptom_report
Since morning I have stomach pain and nausea,symptom_report
Since morning I have stomach pain and nausea should I worry,symptom_report
Since morning I have stomach pain and nausea and it is making me uncomfortable,symptom_report
Since morning I have stomach pain and nausea and I need guidance,symptom_report
Since morning I have stomach pain and nausea after eating,symptom_report
Since morning I have stomach pain and nausea after eating should I worry,symptom_report
Since morning I have stomach pain and nausea after eating and it is making me uncomfortable,symptom_report
Since morning I have stomach pain and nausea after eating and I need guidance,symptom_report
Since morning I have stomach pain and nausea since last night,symptom_report
Since morning I have stomach pain and nausea since last night should I worry,symptom_report
Since morning I have stomach pain and nausea since last night and it is making me uncomfortable,symptom_report
Since morning I have stomach pain and nausea since last night and I need guidance,symptom_report
Since morning I have stomach pain and nausea since yesterday evening,symptom_report
Since morning I have stomach pain and nausea since yesterday evening should I worry,symptom_report
Since morning I have stomach pain and nausea since yesterday evening and it is making me uncomfortable,symptom_report
Since morning I have stomach pain and nausea since yesterday evening and I need guidance,symptom_report
Since morning I have stomach pain and nausea that keeps getting worse,symptom_report
Since morning I have stomach pain and nausea that keeps getting worse should I worry,symptom_report
Since morning I have stomach pain and nausea that keeps getting worse and it is making me uncomfortable,symptom_report
Since morning I have stomach pain and nausea that keeps getting worse and I need guidance,symptom_report
Since morning I have stomach pain and nausea and I feel weak,symptom_report
Since morning I have stomach pain and nausea and I feel weak should I worry,symptom_report
Since morning I have stomach pain and nausea and I feel weak and it is making me uncomfortable,symptom_report
Since morning I have stomach pain and nausea and I feel weak and I need guidance,symptom_report
Since morning I have stomach pain and nausea with no appetite,symptom_report
Since morning I have stomach pain and nausea with no appetite should I worry,symptom_report
Since morning I have stomach pain and nausea with no appetite and it is making me uncomfortable,symptom_report
Since morning I have stomach pain and nausea with no appetite and I need guidance,symptom_report
Since morning I have loose motion and weakness,symptom_report
Since morning I have loose motion and weakness should I worry,symptom_report
Since morning I have loose motion and weakness and it is making me uncomfortable,symptom_report
Since morning I have loose motion and weakness and I need guidance,symptom_report
Since morning I have loose motion and weakness after eating,symptom_report
Since morning I have loose motion and weakness after eating should I worry,symptom_report
Since morning I have loose motion and weakness after eating and it is making me uncomfortable,symptom_report
Since morning I have loose motion and weakness after eating and I need guidance,symptom_report
Since morning I have loose motion and weakness since last night,symptom_report
Since morning I have loose motion and weakness since last night should I worry,symptom_report
Since morning I have loose motion and weakness since last night and it is making me uncomfortable,symptom_report
Since morning I have loose motion and weakness since last night and I need guidance,symptom_report
Since morning I have loose motion and weakness since yesterday evening,symptom_report
Since morning I have loose motion and weakness since yesterday evening should I worry,symptom_report
Since morning I have loose motion and weakness since yesterday evening and it is making me uncomfortable,symptom_report
Since morning I have loose motion and weakness since yesterday evening and I need guidance,symptom_report
Since morning I have loose motion and weakness that keeps getting worse,symptom_report
Since morning I have loose motion and weakness that keeps getting worse should I worry,symptom_report
Since morning I have loose motion and weakness that keeps getting worse and it is making me uncomfortable,symptom_report
Since morning I have loose motion and weakness that keeps getting worse and I need guidance,symptom_report
Since morning I have loose motion and weakness and I feel weak,symptom_report
Since morning I have loose motion and weakness and I feel weak should I worry,symptom_report
Since morning I have loose motion and weakness and I feel weak and it is making me uncomfortable,symptom_report
Since morning I have loose motion and weakness and I feel weak and I need guidance,symptom_report
Since morning I have loose motion and weakness with no appetite,symptom_report
Since morning I have loose motion and weakness with no appetite should I worry,symptom_report
Since morning I have loose motion and weakness with no appetite and it is making me uncomfortable,symptom_report
Since morning I have loose motion and weakness with no appetite and I need guidance,symptom_report
Since morning I have chest tightness and fast heartbeat,symptom_report
Since morning I have chest tightness and fast heartbeat should I worry,symptom_report
Since morning I have chest tightness and fast heartbeat and it is making me uncomfortable,symptom_report
Since morning I have chest tightness and fast heartbeat and I need guidance,symptom_report
Since morning I have chest tightness and fast heartbeat after eating,symptom_report
Since morning I have chest tightness and fast heartbeat after eating should I worry,symptom_report
Since morning I have chest tightness and fast heartbeat after eating and it is making me uncomfortable,symptom_report
Since morning I have chest tightness and fast heartbeat after eating and I need guidance,symptom_report
Since morning I have chest tightness and fast heartbeat since last night,symptom_report
Since morning I have chest tightness and fast heartbeat since last night should I worry,symptom_report
Since morning I have chest tightness and fast heartbeat since last night and it is making me uncomfortable,symptom_report
Since morning I have chest tightness and fast heartbeat since last night and I need guidance,symptom_report
Since morning I have chest tightness and fast heartbeat since yesterday evening,symptom_report
Since morning I have chest tightness and fast heartbeat since yesterday evening should I worry,symptom_report
Since morning I have chest tightness and fast heartbeat since yesterday evening and it is making me uncomfortable,symptom_report
Since morning I have chest tightness and fast heartbeat since yesterday evening and I need guidance,symptom_report
Since morning I have chest tightness and fast heartbeat that keeps getting worse,symptom_report
Since morning I have chest tightness and fast heartbeat that keeps getting worse should I worry,symptom_report
Since morning I have chest tightness and fast heartbeat that keeps getting worse and it is making me uncomfortable,symptom_report
Since morning I have chest tightness and fast heartbeat that keeps getting worse and I need guidance,symptom_report
Since morning I have chest tightness and fast heartbeat and I feel weak,symptom_report
Since morning I have chest tightness and fast heartbeat and I feel weak should I worry,symptom_report
Since morning I have chest tightness and fast heartbeat and I feel weak and it is making me uncomfortable,symptom_report
Since morning I have chest tightness and fast heartbeat and I feel weak and I need guidance,symptom_report
Since morning I have chest tightness and fast heartbeat with no appetite,symptom_report
Since morning I have chest tightness and fast heartbeat with no appetite should I worry,symptom_report
Since morning I have chest tightness and fast heartbeat with no appetite and it is making me uncomfortable,symptom_report
Since morning I have chest tightness and fast heartbeat with no appetite and I need guidance,symptom_report
Since morning I have vomiting and stomach cramps,symptom_report
Since morning I have vomiting and stomach cramps should I worry,symptom_report
Since morning I have vomiting and stomach cramps and it is making me uncomfortable,symptom_report
Since morning I have vomiting and stomach cramps and I need guidance,symptom_report
Since morning I have vomiting and stomach cramps after eating,symptom_report
Since morning I have vomiting and stomach cramps after eating should I worry,symptom_report
Since morning I have vomiting and stomach cramps after eating and it is making me uncomfortable,symptom_report
Since morning I have vomiting and stomach cramps after eating and I need guidance,symptom_report
Since morning I have vomiting and stomach cramps since last night,symptom_report
Since morning I have vomiting and stomach cramps since last night should I worry,symptom_report
Since morning I have vomiting and stomach cramps since last night and it is making me uncomfortable,symptom_report
Since morning I have vomiting and stomach cramps since last night and I need guidance,symptom_report
Since morning I have vomiting and stomach cramps since yesterday evening,symptom_report
Since morning I have vomiting and stomach cramps since yesterday evening should I worry,symptom_report
Since morning I have vomiting and stomach cramps since yesterday evening and it is making me uncomfortable,symptom_report
Since morning I have vomiting and stomach cramps since yesterday evening and I need guidance,symptom_report
Since morning I have vomiting and stomach cramps that keeps getting worse,symptom_report
Since morning I have vomiting and stomach cramps that keeps getting worse should I worry,symptom_report
Since morning I have vomiting and stomach cramps that keeps getting worse and it is making me uncomfortable,symptom_report
Since morning I have vomiting and stomach cramps that keeps getting worse and I need guidance,symptom_report
Since morning I have vomiting and stomach cramps and I feel weak,symptom_report
Since morning I have vomiting and stomach cramps and I feel weak should I worry,symptom_report
Since morning I have vomiting and stomach cramps and I feel weak and it is making me uncomfortable,symptom_report
Since morning I have vomiting and stomach cramps and I feel weak and I need guidance,symptom_report
Since morning I have vomiting and stomach cramps with no appetite,symptom_report
Since morning I have vomiting and stomach cramps with no appetite should I worry,symptom_report
Since morning I have vomiting and stomach cramps with no appetite and it is making me uncomfortable,symptom_report
Since morning I have vomiting and stomach cramps with no appetite and I need guidance,symptom_report
Since morning I have blocked nose and sneezing,symptom_report
Since morning I have blocked nose and sneezing should I worry,symptom_report
Since morning I have blocked nose and sneezing and it is making me uncomfortable,symptom_report
Since morning I have blocked nose and sneezing and I need guidance,symptom_report
Since morning I have blocked nose and sneezing after eating,symptom_report
Since morning I have blocked nose and sneezing after eating should I worry,symptom_report
Since morning I have blocked nose and sneezing after eating and it is making me uncomfortable,symptom_report
Since morning I have blocked nose and sneezing after eating and I need guidance,symptom_report
Since morning I have blocked nose and sneezing since last night,symptom_report
Since morning I have blocked nose and sneezing since last night should I worry,symptom_report
Since morning I have blocked nose and sneezing since last night and it is making me uncomfortable,symptom_report
Since morning I have blocked nose and sneezing since last night and I need guidance,symptom_report
Since morning I have blocked nose and sneezing since yesterday evening,symptom_report
Since morning I have blocked nose and sneezing since yesterday evening should I worry,symptom_report
Since morning I have blocked nose and sneezing since yesterday evening and it is making me uncomfortable,symptom_report
Since morning I have blocked nose and sneezing since yesterday evening and I need guidance,symptom_report
Since morning I have blocked nose and sneezing that keeps getting worse,symptom_report
Since morning I have blocked nose and sneezing that keeps getting worse should I worry,symptom_report
Since morning I have blocked nose and sneezing that keeps getting worse and it is making me uncomfortable,symptom_report
Since morning I have blocked nose and sneezing that keeps getting worse and I need guidance,symptom_report
Since morning I have blocked nose and sneezing and I feel weak,symptom_report
Since morning I have blocked nose and sneezing and I feel weak should I worry,symptom_report
Since morning I have blocked nose and sneezing and I feel weak and it is making me uncomfortable,symptom_report
Since morning I have blocked nose and sneezing and I feel weak and I need guidance,symptom_report
Since morning I have blocked nose and sneezing with no appetite,symptom_report
Since morning I have blocked nose and sneezing with no appetite should I worry,symptom_report
Since morning I have blocked nose and sneezing with no appetite and it is making me uncomfortable,symptom_report
Since morning I have blocked nose and sneezing with no appetite and I need guidance,symptom_report
Since morning I have back pain and fatigue,symptom_report
Since morning I have back pain and fatigue should I worry,symptom_report
Since morning I have back pain and fatigue and it is making me uncomfortable,symptom_report
Since morning I have back pain and fatigue and I need guidance,symptom_report
Since morning I have back pain and fatigue after eating,symptom_report
Since morning I have back pain and fatigue after eating should I worry,symptom_report
Since morning I have back pain and fatigue after eating and it is making me uncomfortable,symptom_report
Since morning I have back pain and fatigue after eating and I need guidance,symptom_report
Since morning I have back pain and fatigue since last night,symptom_report
Since morning I have back pain and fatigue since last night should I worry,symptom_report
Since morning I have back pain and fatigue since last night and it is making me uncomfortable,symptom_report
Since morning I have back pain and fatigue since last night and I need guidance,symptom_report
Since morning I have back pain and fatigue since yesterday evening,symptom_report
Since morning I have back pain and fatigue since yesterday evening should I worry,symptom_report
Since morning I have back pain and fatigue since yesterday evening and it is making me uncomfortable,symptom_report
Since morning I have back pain and fatigue since yesterday evening and I need guidance,symptom_report
Since morning I have back pain and fatigue that keeps getting worse,symptom_report
Since morning I have back pain and fatigue that keeps getting worse should I worry,symptom_report
Since morning I have back pain and fatigue that keeps getting worse and it is making me uncomfortable,symptom_report
Since morning I have back pain and fatigue that keeps getting worse and I need guidance,symptom_report
Since morning I have back pain and fatigue and I feel weak,symptom_report
Since morning I have back pain and fatigue and I feel weak should I worry,symptom_report
Since morning I have back pain and fatigue and I feel weak and it is making me uncomfortable,symptom_report
Since morning I have back pain and fatigue and I feel weak and I need guidance,symptom_report
Since morning I have back pain and fatigue with no appetite,symptom_report
Since morning I have back pain and fatigue with no appetite should I worry,symptom_report
Since morning I have back pain and fatigue with no appetite and it is making me uncomfortable,symptom_report
Since morning I have back pain and fatigue with no appetite and I need guidance,symptom_report
Today I have a fever and body aches,symptom_report
Today I have a fever and body aches should I worry,symptom_report
Today I have a fever and body aches and it is making me uncomfortable,symptom_report
Today I have a fever and body aches and I need guidance,symptom_report
Today I have a fever and body aches after eating,symptom_report
Today I have a fever and body aches after eating should I worry,symptom_report
Today I have a fever and body aches after eating and it is making me uncomfortable,symptom_report
Today I have a fever and body aches after eating and I need guidance,symptom_report
Today I have a fever and body aches since last night,symptom_report
Today I have a fever and body aches since last night should I worry,symptom_report
Today I have a fever and body aches since last night and it is making me uncomfortable,symptom_report
Today I have a fever and body aches since last night and I need guidance,symptom_report
Today I have a fever and body aches since yesterday evening,symptom_report
Today I have a fever and body aches since yesterday evening should I worry,symptom_report
Today I have a fever and body aches since yesterday evening and it is making me uncomfortable,symptom_report
Today I have a fever and body aches since yesterday evening and I need guidance,symptom_report
Today I have a fever and body aches that keeps getting worse,symptom_report
Today I have a fever and body aches that keeps getting worse should I worry,symptom_report
Today I have a fever and body aches that keeps getting worse and it is making me uncomfortable,symptom_report
Today I have a fever and body aches that keeps getting worse and I need guidance,symptom_report
Today I have a fever and body aches and I feel weak,symptom_report
Today I have a fever and body aches and I feel weak should I worry,symptom_report
Today I have a fever and body aches and I feel weak and it is making me uncomfortable,symptom_report
Today I have a fever and body aches and I feel weak and I need guidance,symptom_report
Today I have a fever and body aches with no appetite,symptom_report
Today I have a fever and body aches with no appetite should I worry,symptom_report
Today I have a fever and body aches with no appetite and it is making me uncomfortable,symptom_report
Today I have a fever and body aches with no appetite and I need guidance,symptom_report
Today I have a cold with a sore throat,symptom_report
Today I have a cold with a sore throat should I worry,symptom_report
Today I have a cold with a sore throat and it is making me uncomfortable,symptom_report
Today I have a cold with a sore throat and I need guidance,symptom_report
Today I have a cold with a sore throat after eating,symptom_report
Today I have a cold with a sore throat after eating should I worry,symptom_report
Today I have a cold with a sore throat after eating and it is making me uncomfortable,symptom_report
Today I have a cold with a sore throat after eating and I need guidance,symptom_report
Today I have a cold with a sore throat since last night,symptom_report
Today I have a cold with a sore throat since last night should I worry,symptom_report
Today I have a cold with a sore throat since last night and it is making me uncomfortable,symptom_report
Today I have a cold with a sore throat since last night and I need guidance,symptom_report
Today I have a cold with a sore throat since yesterday evening,symptom_report
Today I have a cold with a sore throat since yesterday evening should I worry,symptom_report
Today I have a cold with a sore throat since yesterday evening and it is making me uncomfortable,symptom_report
Today I have a cold with a sore throat since yesterday evening and I need guidance,symptom_report
Today I have a cold with a sore throat that keeps getting worse,symptom_report
Today I have a cold with a sore throat that keeps getting worse should I worry,symptom_report
Today I have a cold with a sore throat that keeps getting worse and it is making me uncomfortable,symptom_report
Today I have a cold with a sore throat that keeps getting worse and I need guidance,symptom_report
Today I have a cold with a sore throat and I feel weak,symptom_report
Today I have a cold with a sore throat and I feel weak should I worry,symptom_report
Today I have a cold with a sore throat and I feel weak and it is making me uncomfortable,symptom_report
Today I have a cold with a sore throat and I feel weak and I need guidance,symptom_report
Today I have a cold with a sore throat with no appetite,symptom_report
Today I have a cold with a sore throat with no appetite should I worry,symptom_report
Today I have a cold with a sore throat with no appetite and it is making me uncomfortable,symptom_report
Today I have a cold with a sore throat with no appetite and I need guidance,symptom_report
Today I have a bad cough and chills,symptom_report
Today I have a bad cough and chills should I worry,symptom_report
Today I have a bad cough and chills and it is making me uncomfortable,symptom_report
Today I have a bad cough and chills and I need guidance,symptom_report
Today I have a bad cough and chills after eating,symptom_report
Today I have a bad cough and chills after eating should I worry,symptom_report
Today I have a bad cough and chills after eating and it is making me uncomfortable,symptom_report
Today I have a bad cough and chills after eating and I need guidance,symptom_report
Today I have a bad cough and chills since last night,symptom_report
Today I have a bad cough and chills since last night should I worry,symptom_report
Today I have a bad cough and chills since last night and it is making me uncomfortable,symptom_report
Today I have a bad cough and chills since last night and I need guidance,symptom_report
Today I have a bad cough and chills since yesterday evening,symptom_report
Today I have a bad cough and chills since yesterday evening should I worry,symptom_report
Today I have a bad cough and chills since yesterday evening and it is making me uncomfortable,symptom_report
Today I have a bad cough and chills since yesterday evening and I need guidance,symptom_report
Today I have a bad cough and chills that keeps getting worse,symptom_report
Today I have a bad cough and chills that keeps getting worse should I worry,symptom_report
Today I have a bad cough and chills that keeps getting worse and it is making me uncomfortable,symptom_report
Today I have a bad cough and chills that keeps getting worse and I need guidance,symptom_report
Today I have a bad cough and chills and I feel weak,symptom_report
Today I have a bad cough and chills and I feel weak should I worry,symptom_report
Today I have a bad cough and chills and I feel weak and it is making me uncomfortable,symptom_report
Today I have a bad cough and chills and I feel weak and I need guidance,symptom_report
Today I have a bad cough and chills with no appetite,symptom_report
Today I have a bad cough and chills with no appetite should I worry,symptom_report
Today I have a bad cough and chills with no appetite and it is making me uncomfortable,symptom_report
Today I have a bad cough and chills with no appetite and I need guidance,symptom_report
Today I have headache and dizziness,symptom_report
Today I have headache and dizziness should I worry,symptom_report
Today I have headache and dizziness and it is making me uncomfortable,symptom_report
Today I have headache and dizziness and I need guidance,symptom_report
Today I have headache and dizziness after eating,symptom_report
Today I have headache and dizziness after eating should I worry,symptom_report
Today I have headache and dizziness after eating and it is making me uncomfortable,symptom_report
Today I have headache and dizziness after eating and I need guidance,symptom_report
Today I have headache and dizziness since last night,symptom_report
Today I have headache and dizziness since last night should I worry,symptom_report
Today I have headache and dizziness since last night and it is making me uncomfortable,symptom_report
Today I have headache and dizziness since last night and I need guidance,symptom_report
Today I have headache and dizziness since yesterday evening,symptom_report
Today I have headache and dizziness since yesterday evening should I worry,symptom_report
Today I have headache and dizziness since yesterday evening and it is making me uncomfortable,symptom_report
Today I have headache and dizziness since yesterday evening and I need guidance,symptom_report
Today I have headache and dizziness that keeps getting worse,symptom_report
Today I have headache and dizziness that keeps getting worse should I worry,symptom_report
Today I have headache and dizziness that keeps getting worse and it is making me uncomfortable,symptom_report
Today I have headache and dizziness that keeps getting worse and I need guidance,symptom_report
Today I have headache and dizziness and I feel weak,symptom_report
Today I have headache and dizziness and I feel weak should I worry,symptom_report
Today I have headache and dizziness and I feel weak and it is making me uncomfortable,symptom_report
Today I have headache and dizziness and I feel weak and I need guidance,symptom_report
Today I have headache and dizziness with no appetite,symptom_report
Today I have headache and dizziness with no appetite should I worry,symptom_report
Today I have headache and dizziness with no appetite and it is making me uncomfortable,symptom_report
Today I have headache and dizziness with no appetite and I need guidance,symptom_report
Today I have stomach pain and nausea,symptom_report
Today I have stomach pain and nausea should I worry,symptom_report
Today I have stomach pain and nausea and it is making me uncomfortable,symptom_report
Today I have stomach pain and nausea and I need guidance,symptom_report
Today I have stomach pain and nausea after eating,symptom_report
Today I have stomach pain and nausea after eating should I worry,symptom_report
Today I have stomach pain and nausea after eating and it is making me uncomfortable,symptom_report
Today I have stomach pain and nausea after eating and I need guidance,symptom_report
Today I have stomach pain and nausea since last night,symptom_report
Today I have stomach pain and nausea since last night should I worry,symptom_report
Today I have stomach pain and nausea since last night and it is making me uncomfortable,symptom_report
Today I have stomach pain and nausea since last night and I need guidance,symptom_report
Today I have stomach pain and nausea since yesterday evening,symptom_report
Today I have stomach pain and nausea since yesterday evening should I worry,symptom_report
Today I have stomach pain and nausea since yesterday evening and it is making me uncomfortable,symptom_report
Today I have stomach pain and nausea since yesterday evening and I need guidance,symptom_report
Today I have stomach pain and nausea that keeps getting worse,symptom_report
Today I have stomach pain and nausea that keeps getting worse should I worry,symptom_report
Today I have stomach pain and nausea that keeps getting worse and it is making me uncomfortable,symptom_report
Today I have stomach pain and nausea that keeps getting worse and I need guidance,symptom_report
Today I have stomach pain and nausea and I feel weak,symptom_report
Today I have stomach pain and nausea and I feel weak should I worry,symptom_report
Today I have stomach pain and nausea and I feel weak and it is making me uncomfortable,symptom_report
Today I have stomach pain and nausea and I feel weak and I need guidance,symptom_report
Today I have stomach pain and nausea with no appetite,symptom_report
Today I have stomach pain and nausea with no appetite should I worry,symptom_report
Today I have stomach pain and nausea with no appetite and it is making me uncomfortable,symptom_report
Today I have stomach pain and nausea with no appetite and I need guidance,symptom_report
Today I have loose motion and weakness,symptom_report
Today I have loose motion and weakness should I worry,symptom_report
Today I have loose motion and weakness and it is making me uncomfortable,symptom_report
Today I have loose motion and weakness and I need guidance,symptom_report
Today I have loose motion and weakness after eating,symptom_report
Today I have loose motion and weakness after eating should I worry,symptom_report
Today I have loose motion and weakness after eating and it is making me uncomfortable,symptom_report
Today I have loose motion and weakness after eating and I need guidance,symptom_report
Today I have loose motion and weakness since last night,symptom_report
Today I have loose motion and weakness since last night should I worry,symptom_report
Today I have loose motion and weakness since last night and it is making me uncomfortable,symptom_report
Today I have loose motion and weakness since last night and I need guidance,symptom_report
Today I have loose motion and weakness since yesterday evening,symptom_report
Today I have loose motion and weakness since yesterday evening should I worry,symptom_report
Today I have loose motion and weakness since yesterday evening and it is making me uncomfortable,symptom_report
Today I have loose motion and weakness since yesterday evening and I need guidance,symptom_report
Today I have loose motion and weakness that keeps getting worse,symptom_report
Today I have loose motion and weakness that keeps getting worse should I worry,symptom_report
Today I have loose motion and weakness that keeps getting worse and it is making me uncomfortable,symptom_report
Today I have loose motion and weakness that keeps getting worse and I need guidance,symptom_report
Today I have loose motion and weakness and I feel weak,symptom_report
Today I have loose motion and weakness and I feel weak should I worry,symptom_report
Today I have loose motion and weakness and I feel weak and it is making me uncomfortable,symptom_report
Today I have loose motion and weakness and I feel weak and I need guidance,symptom_report
Today I have loose motion and weakness with no appetite,symptom_report
Today I have loose motion and weakness with no appetite should I worry,symptom_report
Today I have loose motion and weakness with no appetite and it is making me uncomfortable,symptom_report
Today I have loose motion and weakness with no appetite and I need guidance,symptom_report
Today I have chest tightness and fast heartbeat,symptom_report
Today I have chest tightness and fast heartbeat should I worry,symptom_report
Today I have chest tightness and fast heartbeat and it is making me uncomfortable,symptom_report
Today I have chest tightness and fast heartbeat and I need guidance,symptom_report
Today I have chest tightness and fast heartbeat after eating,symptom_report
Today I have chest tightness and fast heartbeat after eating should I worry,symptom_report
Today I have chest tightness and fast heartbeat after eating and it is making me uncomfortable,symptom_report
Today I have chest tightness and fast heartbeat after eating and I need guidance,symptom_report
Today I have chest tightness and fast heartbeat since last night,symptom_report
Today I have chest tightness and fast heartbeat since last night should I worry,symptom_report
Today I have chest tightness and fast heartbeat since last night and it is making me uncomfortable,symptom_report
Today I have chest tightness and fast heartbeat since last night and I need guidance,symptom_report
Today I have chest tightness and fast heartbeat since yesterday evening,symptom_report
Today I have chest tightness and fast heartbeat since yesterday evening should I worry,symptom_report
Today I have chest tightness and fast heartbeat since yesterday evening and it is making me uncomfortable,symptom_report
Today I have chest tightness and fast heartbeat since yesterday evening and I need guidance,symptom_report
Today I have chest tightness and fast heartbeat that keeps getting worse,symptom_report
Today I have chest tightness and fast heartbeat that keeps getting worse should I worry,symptom_report
Today I have chest tightness and fast heartbeat that keeps getting worse and it is making me uncomfortable,symptom_report
Today I have chest tightness and fast heartbeat that keeps getting worse and I need guidance,symptom_report
Today I have chest tightness and fast heartbeat and I feel weak,symptom_report
Today I have chest tightness and fast heartbeat and I feel weak should I worry,symptom_report
Today I have chest tightness and fast heartbeat and I feel weak and it is making me uncomfortable,symptom_report
Today I have chest tightness and fast heartbeat and I feel weak and I need guidance,symptom_report
Today I have chest tightness and fast heartbeat with no appetite,symptom_report
Today I have chest tightness and fast heartbeat with no appetite should I worry,symptom_report
Today I have chest tightness and fast heartbeat with no appetite and it is making me uncomfortable,symptom_report
Today I have chest tightness and fast heartbeat with no appetite and I need guidance,symptom_report
Today I have vomiting and stomach cramps,symptom_report
Today I have vomiting and stomach cramps should I worry,symptom_report
Today I have vomiting and stomach cramps and it is making me uncomfortable,symptom_report
Today I have vomiting and stomach cramps and I need guidance,symptom_report
Today I have vomiting and stomach cramps after eating,symptom_report
Today I have vomiting and stomach cramps after eating should I worry,symptom_report
Today I have vomiting and stomach cramps after eating and it is making me uncomfortable,symptom_report
Today I have vomiting and stomach cramps after eating and I need guidance,symptom_report
Today I have vomiting and stomach cramps since last night,symptom_report
Today I have vomiting and stomach cramps since last night should I worry,symptom_report
Today I have vomiting and stomach cramps since last night and it is making me uncomfortable,symptom_report
Today I have vomiting and stomach cramps since last night and I need guidance,symptom_report
Today I have vomiting and stomach cramps since yesterday evening,symptom_report
Today I have vomiting and stomach cramps since yesterday evening should I worry,symptom_report
Today I have vomiting and stomach cramps since yesterday evening and it is making me uncomfortable,symptom_report
Today I have vomiting and stomach cramps since yesterday evening and I need guidance,symptom_report
Today I have vomiting and stomach cramps that keeps getting worse,symptom_report
Today I have vomiting and stomach cramps that keeps getting worse should I worry,symptom_report
Today I have vomiting and stomach cramps that keeps getting worse and it is making me uncomfortable,symptom_report
Today I have vomiting and stomach cramps that keeps getting worse and I need guidance,symptom_report
Today I have vomiting and stomach cramps and I feel weak,symptom_report
Today I have vomiting and stomach cramps and I feel weak should I worry,symptom_report
Today I have vomiting and stomach cramps and I feel weak and it is making me uncomfortable,symptom_report
Today I have vomiting and stomach cramps and I feel weak and I need guidance,symptom_report
Today I have vomiting and stomach cramps with no appetite,symptom_report
Today I have vomiting and stomach cramps with no appetite should I worry,symptom_report
Today I have vomiting and stomach cramps with no appetite and it is making me uncomfortable,symptom_report
Today I have vomiting and stomach cramps with no appetite and I need guidance,symptom_report
Today I have blocked nose and sneezing,symptom_report
Today I have blocked nose and sneezing should I worry,symptom_report
Today I have blocked nose and sneezing and it is making me uncomfortable,symptom_report
Today I have blocked nose and sneezing and I need guidance,symptom_report
Today I have blocked nose and sneezing after eating,symptom_report
Today I have blocked nose and sneezing after eating should I worry,symptom_report
Today I have blocked nose and sneezing after eating and it is making me uncomfortable,symptom_report
Today I have blocked nose and sneezing after eating and I need guidance,symptom_report
Today I have blocked nose and sneezing since last night,symptom_report
Today I have blocked nose and sneezing since last night should I worry,symptom_report
Today I have blocked nose and sneezing since last night and it is making me uncomfortable,symptom_report
Today I have blocked nose and sneezing since last night and I need guidance,symptom_report
Today I have blocked nose and sneezing since yesterday evening,symptom_report
Today I have blocked nose and sneezing since yesterday evening should I worry,symptom_report
Today I have blocked nose and sneezing since yesterday evening and it is making me uncomfortable,symptom_report
Today I have blocked nose and sneezing since yesterday evening and I need guidance,symptom_report
Today I have blocked nose and sneezing that keeps getting worse,symptom_report
Today I have blocked nose and sneezing that keeps getting worse should I worry,symptom_report
Today I have blocked nose and sneezing that keeps getting worse and it is making me uncomfortable,symptom_report
Today I have blocked nose and sneezing that keeps getting worse and I need guidance,symptom_report
Today I have blocked nose and sneezing and I feel weak,symptom_report
Today I have blocked nose and sneezing and I feel weak should I worry,symptom_report
Today I have blocked nose and sneezing and I feel weak and it is making me uncomfortable,symptom_report
Today I have blocked nose and sneezing and I feel weak and I need guidance,symptom_report
Today I have blocked nose and sneezing with no appetite,symptom_report
Today I have blocked nose and sneezing with no appetite should I worry,symptom_report
Today I have blocked nose and sneezing with no appetite and it is making me uncomfortable,symptom_report
Today I have blocked nose and sneezing with no appetite and I need guidance,symptom_report
Today I have back pain and fatigue,symptom_report
Today I have back pain and fatigue should I worry,symptom_report
Today I have back pain and fatigue and it is making me uncomfortable,symptom_report
Today I have back pain and fatigue and I need guidance,symptom_report
Today I have back pain and fatigue after eating,symptom_report
Today I have back pain and fatigue after eating should I worry,symptom_report
Today I have back pain and fatigue after eating and it is making me uncomfortable,symptom_report
Today I have back pain and fatigue after eating and I need guidance,symptom_report
Today I have back pain and fatigue since last night,symptom_report
Today I have back pain and fatigue since last night should I worry,symptom_report
Today I have back pain and fatigue since last night and it is making me uncomfortable,symptom_report
Today I have back pain and fatigue since last night and I need guidance,symptom_report
Today I have back pain and fatigue since yesterday evening,symptom_report
Today I have back pain and fatigue since yesterday evening should I worry,symptom_report
Today I have back pain and fatigue since yesterday evening and it is making me uncomfortable,symptom_report
Today I have back pain and fatigue since yesterday evening and I need guidance,symptom_report
Today I have back pain and fatigue that keeps getting worse,symptom_report
Today I have back pain and fatigue that keeps getting worse should I worry,symptom_report
Today I have back pain and fatigue that keeps getting worse and it is making me uncomfortable,symptom_report
Today I have back pain and fatigue that keeps getting worse and I need guidance,symptom_report
Today I have back pain and fatigue and I feel weak,symptom_report
Today I have back pain and fatigue and I feel weak should I worry,symptom_report
Today I have back pain and fatigue and I feel weak and it is making me uncomfortable,symptom_report
Today I have back pain and fatigue and I feel weak and I need guidance,symptom_report
Today I have back pain and fatigue with no appetite,symptom_report
Today I have back pain and fatigue with no appetite should I worry,symptom_report
Today I have back pain and fatigue with no appetite and it is making me uncomfortable,symptom_report
Today I have back pain and fatigue with no appetite and I need guidance,symptom_report
For the last two days I have had a fever and body aches,symptom_report
For the last two days I have had a fever and body aches should I worry,symptom_report
For the last two days I have had a fever and body aches and it is making me uncomfortable,symptom_report
For the last two days I have had a fever and body aches and I need guidance,symptom_report
For the last two days I have had a fever and body aches after eating,symptom_report
For the last two days I have had a fever and body aches after eating should I worry,symptom_report
For the last two days I have had a fever and body aches after eating and it is making me uncomfortable,symptom_report
For the last two days I have had a fever and body aches after eating and I need guidance,symptom_report
For the last two days I have had a fever and body aches since last night,symptom_report
For the last two days I have had a fever and body aches since last night should I worry,symptom_report
For the last two days I have had a fever and body aches since last night and it is making me uncomfortable,symptom_report
For the last two days I have had a fever and body aches since last night and I need guidance,symptom_report
For the last two days I have had a fever and body aches since yesterday evening,symptom_report
For the last two days I have had a fever and body aches since yesterday evening should I worry,symptom_report
For the last two days I have had a fever and body aches since yesterday evening and it is making me uncomfortable,symptom_report
For the last two days I have had a fever and body aches since yesterday evening and I need guidance,symptom_report
For the last two days I have had a fever and body aches that keeps getting worse,symptom_report
For the last two days I have had a fever and body aches that keeps getting worse should I worry,symptom_report
For the last two days I have had a fever and body aches that keeps getting worse and it is making me uncomfortable,symptom_report
For the last two days I have had a fever and body aches that keeps getting worse and I need guidance,symptom_report
For the last two days I have had a fever and body aches and I feel weak,symptom_report
For the last two days I have had a fever and body aches and I feel weak should I worry,symptom_report
For the last two days I have had a fever and body aches and I feel weak and it is making me uncomfortable,symptom_report
For the last two days I have had a fever and body aches and I feel weak and I need guidance,symptom_report
For the last two days I have had a fever and body aches with no appetite,symptom_report
For the last two days I have had a fever and body aches with no appetite should I worry,symptom_report
For the last two days I have had a fever and body aches with no appetite and it is making me uncomfortable,symptom_report
For the last two days I have had a fever and body aches with no appetite and I need guidance,symptom_report
For the last two days I have had a cold with a sore throat,symptom_report
For the last two days I have had a cold with a sore throat should I worry,symptom_report
For the last two days I have had a cold with a sore throat and it is making me uncomfortable,symptom_report
For the last two days I have had a cold with a sore throat and I need guidance,symptom_report
For the last two days I have had a cold with a sore throat after eating,symptom_report
For the last two days I have had a cold with a sore throat after eating should I worry,symptom_report
For the last two days I have had a cold with a sore throat after eating and it is making me uncomfortable,symptom_report
For the last two days I have had a cold with a sore throat after eating and I need guidance,symptom_report
For the last two days I have had a cold with a sore throat since last night,symptom_report
For the last two days I have had a cold with a sore throat since last night should I worry,symptom_report
For the last two days I have had a cold with a sore throat since last night and it is making me uncomfortable,symptom_report
For the last two days I have had a cold with a sore throat since last night and I need guidance,symptom_report
For the last two days I have had a cold with a sore throat since yesterday evening,symptom_report
For the last two days I have had a cold with a sore throat since yesterday evening should I worry,symptom_report
For the last two days I have had a cold with a sore throat since yesterday evening and it is making me uncomfortable,symptom_report
For the last two days I have had a cold with a sore throat since yesterday evening and I need guidance,symptom_report
For the last two days I have had a cold with a sore throat that keeps getting worse,symptom_report
For the last two days I have had a cold with a sore throat that keeps getting worse should I worry,symptom_report
For the last two days I have had a cold with a sore throat that keeps getting worse and it is making me uncomfortable,symptom_report
For the last two days I have had a cold with a sore throat that keeps getting worse and I need guidance,symptom_report
For the last two days I have had a cold with a sore throat and I feel weak,symptom_report
For the last two days I have had a cold with a sore throat and I feel weak should I worry,symptom_report
For the last two days I have had a cold with a sore throat and I feel weak and it is making me uncomfortable,symptom_report
For the last two days I have had a cold with a sore throat and I feel weak and I need guidance,symptom_report
For the last two days I have had a cold with a sore throat with no appetite,symptom_report
For the last two days I have had a cold with a sore throat with no appetite should I worry,symptom_report
For the last two days I have had a cold with a sore throat with no appetite and it is making me uncomfortable,symptom_report
For the last two days I have had a cold with a sore throat with no appetite and I need guidance,symptom_report
For the last two days I have had a bad cough and chills,symptom_report
For the last two days I have had a bad cough and chills should I worry,symptom_report
For the last two days I have had a bad cough and chills and it is making me uncomfortable,symptom_report
For the last two days I have had a bad cough and chills and I need guidance,symptom_report
For the last two days I have had a bad cough and chills after eating,symptom_report
For the last two days I have had a bad cough and chills after eating should I worry,symptom_report
For the last two days I have had a bad cough and chills after eating and it is making me uncomfortable,symptom_report
For the last two days I have had a bad cough and chills after eating and I need guidance,symptom_report
For the last two days I have had a bad cough and chills since last night,symptom_report
For the last two days I have had a bad cough and chills since last night should I worry,symptom_report
For the last two days I have had a bad cough and chills since last night and it is making me uncomfortable,symptom_report
For the last two days I have had a bad cough and chills since last night and I need guidance,symptom_report
For the last two days I have had a bad cough and chills since yesterday evening,symptom_report
For the last two days I have had a bad cough and chills since yesterday evening should I worry,symptom_report
For the last two days I have had a bad cough and chills since yesterday evening and it is making me uncomfortable,symptom_report
For the last two days I have had a bad cough and chills since yesterday evening and I need guidance,symptom_report
For the last two days I have had a bad cough and chills that keeps getting worse,symptom_report
For the last two days I have had a bad cough and chills that keeps getting worse should I worry,symptom_report
For the last two days I have had a bad cough and chills that keeps getting worse and it is making me uncomfortable,symptom_report
For the last two days I have had a bad cough and chills that keeps getting worse and I need guidance,symptom_report
For the last two days I have had a bad cough and chills and I feel weak,symptom_report
For the last two days I have had a bad cough and chills and I feel weak should I worry,symptom_report
For the last two days I have had a bad cough and chills and I feel weak and it is making me uncomfortable,symptom_report
For the last two days I have had a bad cough and chills and I feel weak and I need guidance,symptom_report
For the last two days I have had a bad cough and chills with no appetite,symptom_report
For the last two days I have had a bad cough and chills with no appetite should I worry,symptom_report
For the last two days I have had a bad cough and chills with no appetite and it is making me uncomfortable,symptom_report
For the last two days I have had a bad cough and chills with no appetite and I need guidance,symptom_report
For the last two days I have had headache and dizziness,symptom_report
For the last two days I have had headache and dizziness should I worry,symptom_report
For the last two days I have had headache and dizziness and it is making me uncomfortable,symptom_report
For the last two days I have had headache and dizziness and I need guidance,symptom_report
For the last two days I have had headache and dizziness after eating,symptom_report
For the last two days I have had headache and dizziness after eating should I worry,symptom_report
For the last two days I have had headache and dizziness after eating and it is making me uncomfortable,symptom_report
For the last two days I have had headache and dizziness after eating and I need guidance,symptom_report
For the last two days I have had headache and dizziness since last night,symptom_report
For the last two days I have had headache and dizziness since last night should I worry,symptom_report
For the last two days I have had headache and dizziness since last night and it is making me uncomfortable,symptom_report
For the last two days I have had headache and dizziness since last night and I need guidance,symptom_report
For the last two days I have had headache and dizziness since yesterday evening,symptom_report
For the last two days I have had headache and dizziness since yesterday evening should I worry,symptom_report
For the last two days I have had headache and dizziness since yesterday evening and it is making me uncomfortable,symptom_report
For the last two days I have had headache and dizziness since yesterday evening and I need guidance,symptom_report
For the last two days I have had headache and dizziness that keeps getting worse,symptom_report
For the last two days I have had headache and dizziness that keeps getting worse should I worry,symptom_report
For the last two days I have had headache and dizziness that keeps getting worse and it is making me uncomfortable,symptom_report
For the last two days I have had headache and dizziness that keeps getting worse and I need guidance,symptom_report
For the last two days I have had headache and dizziness and I feel weak,symptom_report
For the last two days I have had headache and dizziness and I feel weak should I worry,symptom_report
For the last two days I have had headache and dizziness and I feel weak and it is making me uncomfortable,symptom_report
For the last two days I have had headache and dizziness and I feel weak and I need guidance,symptom_report
For the last two days I have had headache and dizziness with no appetite,symptom_report
For the last two days I have had headache and dizziness with no appetite should I worry,symptom_report
For the last two days I have had headache and dizziness with no appetite and it is making me uncomfortable,symptom_report
For the last two days I have had headache and dizziness with no appetite and I need guidance,symptom_report
For the last two days I have had stomach pain and nausea,symptom_report
For the last two days I have had stomach pain and nausea should I worry,symptom_report
For the last two days I have had stomach pain and nausea and it is making me uncomfortable,symptom_report
For the last two days I have had stomach pain and nausea and I need guidance,symptom_report
For the last two days I have had stomach pain and nausea after eating,symptom_report
For the last two days I have had stomach pain and nausea after eating should I worry,symptom_report
For the last two days I have had stomach pain and nausea after eating and it is making me uncomfortable,symptom_report
For the last two days I have had stomach pain and nausea after eating and I need guidance,symptom_report
For the last two days I have had stomach pain and nausea since last night,symptom_report
For the last two days I have had stomach pain and nausea since last night should I worry,symptom_report
For the last two days I have had stomach pain and nausea since last night and it is making me uncomfortable,symptom_report
For the last two days I have had stomach pain and nausea since last night and I need guidance,symptom_report
For the last two days I have had stomach pain and nausea since yesterday evening,symptom_report
For the last two days I have had stomach pain and nausea since yesterday evening should I worry,symptom_report
For the last two days I have had stomach pain and nausea since yesterday evening and it is making me uncomfortable,symptom_report
For the last two days I have had stomach pain and nausea since yesterday evening and I need guidance,symptom_report
For the last two days I have had stomach pain and nausea that keeps getting worse,symptom_report
For the last two days I have had stomach pain and nausea that keeps getting worse should I worry,symptom_report
For the last two days I have had stomach pain and nausea that keeps getting worse and it is making me uncomfortable,symptom_report
For the last two days I have had stomach pain and nausea that keeps getting worse and I need guidance,symptom_report
For the last two days I have had stomach pain and nausea and I feel weak,symptom_report
For the last two days I have had stomach pain and nausea and I feel weak should I worry,symptom_report
For the last two days I have had stomach pain and nausea and I feel weak and it is making me uncomfortable,symptom_report
For the last two days I have had stomach pain and nausea and I feel weak and I need guidance,symptom_report
For the last two days I have had stomach pain and nausea with no appetite,symptom_report
For the last two days I have had stomach pain and nausea with no appetite should I worry,symptom_report
For the last two days I have had stomach pain and nausea with no appetite and it is making me uncomfortable,symptom_report
For the last two days I have had stomach pain and nausea with no appetite and I need guidance,symptom_report
For the last two days I have had loose motion and weakness,symptom_report
For the last two days I have had loose motion and weakness should I worry,symptom_report
For the last two days I have had loose motion and weakness and it is making me uncomfortable,symptom_report
For the last two days I have had loose motion and weakness and I need guidance,symptom_report
For the last two days I have had loose motion and weakness after eating,symptom_report
For the last two days I have had loose motion and weakness after eating should I worry,symptom_report
For the last two days I have had loose motion and weakness after eating and it is making me uncomfortable,symptom_report
For the last two days I have had loose motion and weakness after eating and I need guidance,symptom_report
For the last two days I have had loose motion and weakness since last night,symptom_report
For the last two days I have had loose motion and weakness since last night should I worry,symptom_report
For the last two days I have had loose motion and weakness since last night and it is making me uncomfortable,symptom_report
For the last two days I have had loose motion and weakness since last night and I need guidance,symptom_report
For the last two days I have had loose motion and weakness since yesterday evening,symptom_report
For the last two days I have had loose motion and weakness since yesterday evening should I worry,symptom_report
For the last two days I have had loose motion and weakness since yesterday evening and it is making me uncomfortable,symptom_report
For the last two days I have had loose motion and weakness since yesterday evening and I need guidance,symptom_report
For the last two days I have had loose motion and weakness that keeps getting worse,symptom_report
For the last two days I have had loose motion and weakness that keeps getting worse should I worry,symptom_report
For the last two days I have had loose motion and weakness that keeps getting worse and it is making me uncomfortable,symptom_report
For the last two days I have had loose motion and weakness that keeps getting worse and I need guidance,symptom_report
For the last two days I have had loose motion and weakness and I feel weak,symptom_report
For the last two days I have had loose motion and weakness and I feel weak should I worry,symptom_report
For the last two days I have had loose motion and weakness and I feel weak and it is making me uncomfortable,symptom_report
For the last two days I have had loose motion and weakness and I feel weak and I need guidance,symptom_report
For the last two days I have had loose motion and weakness with no appetite,symptom_report
For the last two days I have had loose motion and weakness with no appetite should I worry,symptom_report
For the last two days I have had loose motion and weakness with no appetite and it is making me uncomfortable,symptom_report
For the last two days I have had loose motion and weakness with no appetite and I need guidance,symptom_report
For the last two days I have had chest tightness and fast heartbeat,symptom_report
For the last two days I have had chest tightness and fast heartbeat should I worry,symptom_report
For the last two days I have had chest tightness and fast heartbeat and it is making me uncomfortable,symptom_report
For the last two days I have had chest tightness and fast heartbeat and I need guidance,symptom_report
For the last two days I have had chest tightness and fast heartbeat after eating,symptom_report
For the last two days I have had chest tightness and fast heartbeat after eating should I worry,symptom_report
For the last two days I have had chest tightness and fast heartbeat after eating and it is making me uncomfortable,symptom_report
For the last two days I have had chest tightness and fast heartbeat after eating and I need guidance,symptom_report
For the last two days I have had chest tightness and fast heartbeat since last night,symptom_report
For the last two days I have had chest tightness and fast heartbeat since last night should I worry,symptom_report
For the last two days I have had chest tightness and fast heartbeat since last night and it is making me uncomfortable,symptom_report
For the last two days I have had chest tightness and fast heartbeat since last night and I need guidance,symptom_report
For the last two days I have had chest tightness and fast heartbeat since yesterday evening,symptom_report
For the last two days I have had chest tightness and fast heartbeat since yesterday evening should I worry,symptom_report
For the last two days I have had chest tightness and fast heartbeat since yesterday evening and it is making me uncomfortable,symptom_report
For the last two days I have had chest tightness and fast heartbeat since yesterday evening and I need guidance,symptom_report
For the last two days I have had chest tightness and fast heartbeat that keeps getting worse,symptom_report
For the last two days I have had chest tightness and fast heartbeat that keeps getting worse should I worry,symptom_report
For the last two days I have had chest tightness and fast heartbeat that keeps getting worse and it is making me uncomfortable,symptom_report
For the last two days I have had chest tightness and fast heartbeat that keeps getting worse and I need guidance,symptom_report
For the last two days I have had chest tightness and fast heartbeat and I feel weak,symptom_report
For the last two days I have had chest tightness and fast heartbeat and I feel weak should I worry,symptom_report
For the last two days I have had chest tightness and fast heartbeat and I feel weak and it is making me uncomfortable,symptom_report
For the last two days I have had chest tightness and fast heartbeat and I feel weak and I need guidance,symptom_report
For the last two days I have had chest tightness and fast heartbeat with no appetite,symptom_report
For the last two days I have had chest tightness and fast heartbeat with no appetite should I worry,symptom_report
For the last two days I have had chest tightness and fast heartbeat with no appetite and it is making me uncomfortable,symptom_report
For the last two days I have had chest tightness and fast heartbeat with no appetite and I need guidance,symptom_report
For the last two days I have had vomiting and stomach cramps,symptom_report
For the last two days I have had vomiting and stomach cramps should I worry,symptom_report
For the last two days I have had vomiting and stomach cramps and it is making me uncomfortable,symptom_report
For the last two days I have had vomiting and stomach cramps and I need guidance,symptom_report
For the last two days I have had vomiting and stomach cramps after eating,symptom_report
For the last two days I have had vomiting and stomach cramps after eating should I worry,symptom_report
For the last two days I have had vomiting and stomach cramps after eating and it is making me uncomfortable,symptom_report
For the last two days I have had vomiting and stomach cramps after eating and I need guidance,symptom_report
For the last two days I have had vomiting and stomach cramps since last night,symptom_report
For the last two days I have had vomiting and stomach cramps since last night should I worry,symptom_report
For the last two days I have had vomiting and stomach cramps since last night and it is making me uncomfortable,symptom_report
For the last two days I have had vomiting and stomach cramps since last night and I need guidance,symptom_report
For the last two days I have had vomiting and stomach cramps since yesterday evening,symptom_report
For the last two days I have had vomiting and stomach cramps since yesterday evening should I worry,symptom_report
For the last two days I have had vomiting and stomach cramps since yesterday evening and it is making me uncomfortable,symptom_report
For the last two days I have had vomiting and stomach cramps since yesterday evening and I need guidance,symptom_report
For the last two days I have had vomiting and stomach cramps that keeps getting worse,symptom_report
For the last two days I have had vomiting and stomach cramps that keeps getting worse should I worry,symptom_report
For the last two days I have had vomiting and stomach cramps that keeps getting worse and it is making me uncomfortable,symptom_report
For the last two days I have had vomiting and stomach cramps that keeps getting worse and I need guidance,symptom_report
For the last two days I have had vomiting and stomach cramps and I feel weak,symptom_report
For the last two days I have had vomiting and stomach cramps and I feel weak should I worry,symptom_report
For the last two days I have had vomiting and stomach cramps and I feel weak and it is making me uncomfortable,symptom_report
For the last two days I have had vomiting and stomach cramps and I feel weak and I need guidance,symptom_report
For the last two days I have had vomiting and stomach cramps with no appetite,symptom_report
For the last two days I have had vomiting and stomach cramps with no appetite should I worry,symptom_report
For the last two days I have had vomiting and stomach cramps with no appetite and it is making me uncomfortable,symptom_report
For the last two days I have had vomiting and stomach cramps with no appetite and I need guidance,symptom_report
For the last two days I have had blocked nose and sneezing,symptom_report
For the last two days I have had blocked nose and sneezing should I worry,symptom_report
For the last two days I have had blocked nose and sneezing and it is making me uncomfortable,symptom_report
For the last two days I have had blocked nose and sneezing and I need guidance,symptom_report
For the last two days I have had blocked nose and sneezing after eating,symptom_report
For the last two days I have had blocked nose and sneezing after eating should I worry,symptom_report
For the last two days I have had blocked nose and sneezing after eating and it is making me uncomfortable,symptom_report
For the last two days I have had blocked nose and sneezing after eating and I need guidance,symptom_report
For the last two days I have had blocked nose and sneezing since last night,symptom_report
For the last two days I have had blocked nose and sneezing since last night should I worry,symptom_report
For the last two days I have had blocked nose and sneezing since last night and it is making me uncomfortable,symptom_report
For the last two days I have had blocked nose and sneezing since last night and I need guidance,symptom_report
For the last two days I have had blocked nose and sneezing since yesterday evening,symptom_report
For the last two days I have had blocked nose and sneezing since yesterday evening should I worry,symptom_report
For the last two days I have had blocked nose and sneezing since yesterday evening and it is making me uncomfortable,symptom_report
For the last two days I have had blocked nose and sneezing since yesterday evening and I need guidance,symptom_report
For the last two days I have had blocked nose and sneezing that keeps getting worse,symptom_report
For the last two days I have had blocked nose and sneezing that keeps getting worse should I worry,symptom_report
For the last two days I have had blocked nose and sneezing that keeps getting worse and it is making me uncomfortable,symptom_report
For the last two days I have had blocked nose and sneezing that keeps getting worse and I need guidance,symptom_report
For the last two days I have had blocked nose and sneezing and I feel weak,symptom_report
For the last two days I have had blocked nose and sneezing and I feel weak should I worry,symptom_report
For the last two days I have had blocked nose and sneezing and I feel weak and it is making me uncomfortable,symptom_report
For the last two days I have had blocked nose and sneezing and I feel weak and I need guidance,symptom_report
For the last two days I have had blocked nose and sneezing with no appetite,symptom_report
For the last two days I have had blocked nose and sneezing with no appetite should I worry,symptom_report
For the last two days I have had blocked nose and sneezing with no appetite and it is making me uncomfortable,symptom_report
For the last two days I have had blocked nose and sneezing with no appetite and I need guidance,symptom_report
For the last two days I have had back pain and fatigue,symptom_report
For the last two days I have had back pain and fatigue should I worry,symptom_report
For the last two days I have had back pain and fatigue and it is making me uncomfortable,symptom_report
For the last two days I have had back pain and fatigue and I need guidance,symptom_report
For the last two days I have had back pain and fatigue after eating,symptom_report
For the last two days I have had back pain and fatigue after eating should I worry,symptom_report
For the last two days I have had back pain and fatigue after eating and it is making me uncomfortable,symptom_report
For the last two days I have had back pain and fatigue after eating and I need guidance,symptom_report
For the last two days I have had back pain and fatigue since last night,symptom_report
For the last two days I have had back pain and fatigue since last night should I worry,symptom_report
For the last two days I have had back pain and fatigue since last night and it is making me uncomfortable,symptom_report
For the last two days I have had back pain and fatigue since last night and I need guidance,symptom_report
For the last two days I have had back pain and fatigue since yesterday evening,symptom_report
For the last two days I have had back pain and fatigue since yesterday evening should I worry,symptom_report
For the last two days I have had back pain and fatigue since yesterday evening and it is making me uncomfortable,symptom_report
For the last two days I have had back pain and fatigue since yesterday evening and I need guidance,symptom_report
For the last two days I have had back pain and fatigue that keeps getting worse,symptom_report
For the last two days I have had back pain and fatigue that keeps getting worse should I worry,symptom_report
For the last two days I have had back pain and fatigue that keeps getting worse and it is making me uncomfortable,symptom_report
For the last two days I have had back pain and fatigue that keeps getting worse and I need guidance,symptom_report
For the last two days I have had back pain and fatigue and I feel weak,symptom_report
For the last two days I have had back pain and fatigue and I feel weak should I worry,symptom_report
For the last two days I have had back pain and fatigue and I feel weak and it is making me uncomfortable,symptom_report
For the last two days I have had back pain and fatigue and I feel weak and I need guidance,symptom_report
For the last two days I have had back pain and fatigue with no appetite,symptom_report
For the last two days I have had back pain and fatigue with no appetite should I worry,symptom_report
For the last two days I have had back pain and fatigue with no appetite and it is making me uncomfortable,symptom_report
For the last two days I have had back pain and fatigue with no appetite and I need guidance,symptom_report
How can I calm down during anxiety,solution_request
How can I calm down during anxiety right now,solution_request
How can I calm down during anxiety today,solution_request
How can I calm down during anxiety at home,solution_request
How can I calm down during anxiety without feeling overwhelmed,solution_request
How can I calm down during anxiety when I am alone,solution_request
How can I calm down during anxiety when I am alone right now,solution_request
How can I calm down during anxiety when I am alone today,solution_request
How can I calm down during anxiety when I am alone at home,solution_request
How can I calm down during anxiety when I am alone without feeling overwhelmed,solution_request
How can I calm down during anxiety without making it worse,solution_request
How can I calm down during anxiety without making it worse right now,solution_request
How can I calm down during anxiety without making it worse today,solution_request
How can I calm down during anxiety without making it worse at home,solution_request
How can I calm down during anxiety without making it worse without feeling overwhelmed,solution_request
How can I calm down during anxiety when it starts suddenly,solution_request
How can I calm down during anxiety when it starts suddenly right now,solution_request
How can I calm down during anxiety when it starts suddenly today,solution_request
How can I calm down during anxiety when it starts suddenly at home,solution_request
How can I calm down during anxiety when it starts suddenly without feeling overwhelmed,solution_request
How can I calm down during anxiety before it affects my work,solution_request
How can I calm down during anxiety before it affects my work right now,solution_request
How can I calm down during anxiety before it affects my work today,solution_request
How can I calm down during anxiety before it affects my work at home,solution_request
How can I calm down during anxiety before it affects my work without feeling overwhelmed,solution_request
How can I calm down during anxiety using simple steps,solution_request
How can I calm down during anxiety using simple steps right now,solution_request
How can I calm down during anxiety using simple steps today,solution_request
How can I calm down during anxiety using simple steps at home,solution_request
How can I calm down during anxiety using simple steps without feeling overwhelmed,solution_request
How can I sleep better at night,solution_request
How can I sleep better at night right now,solution_request
How can I sleep better at night today,solution_request
How can I sleep better at night at home,solution_request
How can I sleep better at night without feeling overwhelmed,solution_request
How can I sleep better at night when I am alone,solution_request
How can I sleep better at night when I am alone right now,solution_request
How can I sleep better at night when I am alone today,solution_request
How can I sleep better at night when I am alone at home,solution_request
How can I sleep better at night when I am alone without feeling overwhelmed,solution_request
How can I sleep better at night without making it worse,solution_request
How can I sleep better at night without making it worse right now,solution_request
How can I sleep better at night without making it worse today,solution_request
How can I sleep better at night without making it worse at home,solution_request
How can I sleep better at night without making it worse without feeling overwhelmed,solution_request
How can I sleep better at night when it starts suddenly,solution_request
How can I sleep better at night when it starts suddenly right now,solution_request
How can I sleep better at night when it starts suddenly today,solution_request
How can I sleep better at night when it starts suddenly at home,solution_request
How can I sleep better at night when it starts suddenly without feeling overwhelmed,solution_request
How can I sleep better at night before it affects my work,solution_request
How can I sleep better at night before it affects my work right now,solution_request
How can I sleep better at night before it affects my work today,solution_request
How can I sleep better at night before it affects my work at home,solution_request
How can I sleep better at night before it affects my work without feeling overwhelmed,solution_request
How can I sleep better at night using simple steps,solution_request
How can I sleep better at night using simple steps right now,solution_request
How can I sleep better at night using simple steps today,solution_request
How can I sleep better at night using simple steps at home,solution_request
How can I sleep better at night using simple steps without feeling overwhelmed,solution_request
How can I deal with constant stress,solution_request
How can I deal with constant stress right now,solution_request
How can I deal with constant stress today,solution_request
How can I deal with constant stress at home,solution_request
How can I deal with constant stress without feeling overwhelmed,solution_request
How can I deal with constant stress when I am alone,solution_request
How can I deal with constant stress when I am alone right now,solution_request
How can I deal with constant stress when I am alone today,solution_request
How can I deal with constant stress when I am alone at home,solution_request
How can I deal with constant stress when I am alone without feeling overwhelmed,solution_request
How can I deal with constant stress without making it worse,solution_request
How can I deal with constant stress without making it worse right now,solution_request
How can I deal with constant stress without making it worse today,solution_request
How can I deal with constant stress without making it worse at home,solution_request
How can I deal with constant stress without making it worse without feeling overwhelmed,solution_request
How can I deal with constant stress when it starts suddenly,solution_request
How can I deal with constant stress when it starts suddenly right now,solution_request
How can I deal with constant stress when it starts suddenly today,solution_request
How can I deal with constant stress when it starts suddenly at home,solution_request
How can I deal with constant stress when it starts suddenly without feeling overwhelmed,solution_request
How can I deal with constant stress before it affects my work,solution_request
How can I deal with constant stress before it affects my work right now,solution_request
How can I deal with constant stress before it affects my work today,solution_request
How can I deal with constant stress before it affects my work at home,solution_request
How can I deal with constant stress before it affects my work without feeling overwhelmed,solution_request
How can I deal with constant stress using simple steps,solution_request
How can I deal with constant stress using simple steps right now,solution_request
How can I deal with constant stress using simple steps today,solution_request
How can I deal with constant stress using simple steps at home,solution_request
How can I deal with constant stress using simple steps without feeling overwhelmed,solution_request
How can I manage overthinking,solution_request
How can I manage overthinking right now,solution_request
How can I manage overthinking today,solution_request
How can I manage overthinking at home,solution_request
How can I manage overthinking without feeling overwhelmed,solution_request
How can I manage overthinking when I am alone,solution_request
How can I manage overthinking when I am alone right now,solution_request
How can I manage overthinking when I am alone today,solution_request
How can I manage overthinking when I am alone at home,solution_request
How can I manage overthinking when I am alone without feeling overwhelmed,solution_request
How can I manage overthinking without making it worse,solution_request
How can I manage overthinking without making it worse right now,solution_request
How can I manage overthinking without making it worse today,solution_request
How can I manage overthinking without making it worse at home,solution_request
How can I manage overthinking without making it worse without feeling overwhelmed,solution_request
How can I manage overthinking when it starts suddenly,solution_request
How can I manage overthinking when it starts suddenly right now,solution_request
How can I manage overthinking when it starts suddenly today,solution_request
How can I manage overthinking when it starts suddenly at home,solution_request
How can I manage overthinking when it starts suddenly without feeling overwhelmed,solution_request
How can I manage overthinking before it affects my work,solution_request
How can I manage overthinking before it affects my work right now,solution_request
How can I manage overthinking before it affects my work today,solution_request
How can I manage overthinking before it affects my work at home,solution_request
How can I manage overthinking before it affects my work without feeling overwhelmed,solution_request
How can I manage overthinking using simple steps,solution_request
How can I manage overthinking using simple steps right now,solution_request
How can I manage overthinking using simple steps today,solution_request
How can I manage overthinking using simple steps at home,solution_request
How can I manage overthinking using simple steps without feeling overwhelmed,solution_request
How can I feel less lonely,solution_request
How can I feel less lonely right now,solution_request
How can I feel less lonely today,solution_request
How can I feel less lonely at home,solution_request
How can I feel less lonely without feeling overwhelmed,solution_request
How can I feel less lonely when I am alone,solution_request
How can I feel less lonely when I am alone right now,solution_request
How can I feel less lonely when I am alone today,solution_request
How can I feel less lonely when I am alone at home,solution_request
How can I feel less lonely when I am alone without feeling overwhelmed,solution_request
How can I feel less lonely without making it worse,solution_request
How can I feel less lonely without making it worse right now,solution_request
How can I feel less lonely without making it worse today,solution_request
How can I feel less lonely without making it worse at home,solution_request
How can I feel less lonely without making it worse without feeling overwhelmed,solution_request
How can I feel less lonely when it starts suddenly,solution_request
How can I feel less lonely when it starts suddenly right now,solution_request
How can I feel less lonely when it starts suddenly today,solution_request
How can I feel less lonely when it starts suddenly at home,solution_request
How can I feel less lonely when it starts suddenly without feeling overwhelmed,solution_request
How can I feel less lonely before it affects my work,solution_request
How can I feel less lonely before it affects my work right now,solution_request
How can I feel less lonely before it affects my work today,solution_request
How can I feel less lonely before it affects my work at home,solution_request
How can I feel less lonely before it affects my work without feeling overwhelmed,solution_request
How can I feel less lonely using simple steps,solution_request
How can I feel less lonely using simple steps right now,solution_request
How can I feel less lonely using simple steps today,solution_request
How can I feel less lonely using simple steps at home,solution_request
How can I feel less lonely using simple steps without feeling overwhelmed,solution_request
How can I handle a fever at home,solution_request
How can I handle a fever at home right now,solution_request
How can I handle a fever at home today,solution_request
How can I handle a fever at home at home,solution_request
How can I handle a fever at home without feeling overwhelmed,solution_request
How can I handle a fever at home when I am alone,solution_request
How can I handle a fever at home when I am alone right now,solution_request
How can I handle a fever at home when I am alone today,solution_request
How can I handle a fever at home when I am alone at home,solution_request
How can I handle a fever at home when I am alone without feeling overwhelmed,solution_request
How can I handle a fever at home without making it worse,solution_request
How can I handle a fever at home without making it worse right now,solution_request
How can I handle a fever at home without making it worse today,solution_request
How can I handle a fever at home without making it worse at home,solution_request
How can I handle a fever at home without making it worse without feeling overwhelmed,solution_request
How can I handle a fever at home when it starts suddenly,solution_request
How can I handle a fever at home when it starts suddenly right now,solution_request
How can I handle a fever at home when it starts suddenly today,solution_request
How can I handle a fever at home when it starts suddenly at home,solution_request
How can I handle a fever at home when it starts suddenly without feeling overwhelmed,solution_request
How can I handle a fever at home before it affects my work,solution_request
How can I handle a fever at home before it affects my work right now,solution_request
How can I handle a fever at home before it affects my work today,solution_request
How can I handle a fever at home before it affects my work at home,solution_request
How can I handle a fever at home before it affects my work without feeling overwhelmed,solution_request
How can I handle a fever at home using simple steps,solution_request
How can I handle a fever at home using simple steps right now,solution_request
How can I handle a fever at home using simple steps today,solution_request
How can I handle a fever at home using simple steps at home,solution_request
How can I handle a fever at home using simple steps without feeling overwhelmed,solution_request
How can I recover from a cold faster,solution_request
How can I recover from a cold faster right now,solution_request
How can I recover from a cold faster today,solution_request
How can I recover from a cold faster at home,solution_request
How can I recover from a cold faster without feeling overwhelmed,solution_request
How can I recover from a cold faster when I am alone,solution_request
How can I recover from a cold faster when I am alone right now,solution_request
How can I recover from a cold faster when I am alone today,solution_request
How can I recover from a cold faster when I am alone at home,solution_request
How can I recover from a cold faster when I am alone without feeling overwhelmed,solution_request
How can I recover from a cold faster without making it worse,solution_request
How can I recover from a cold faster without making it worse right now,solution_request
How can I recover from a cold faster without making it worse today,solution_request
How can I recover from a cold faster without making it worse at home,solution_request
How can I recover from a cold faster without making it worse without feeling overwhelmed,solution_request
How can I recover from a cold faster when it starts suddenly,solution_request
How can I recover from a cold faster when it starts suddenly right now,solution_request
How can I recover from a cold faster when it starts suddenly today,solution_request
How can I recover from a cold faster when it starts suddenly at home,solution_request
How can I recover from a cold faster when it starts suddenly without feeling overwhelmed,solution_request
How can I recover from a cold faster before it affects my work,solution_request
How can I recover from a cold faster before it affects my work right now,solution_request
How can I recover from a cold faster before it affects my work today,solution_request
How can I recover from a cold faster before it affects my work at home,solution_request
How can I recover from a cold faster before it affects my work without feeling overwhelmed,solution_request
How can I recover from a cold faster using simple steps,solution_request
How can I recover from a cold faster using simple steps right now,solution_request
How can I recover from a cold faster using simple steps today,solution_request
How can I recover from a cold faster using simple steps at home,solution_request
How can I recover from a cold faster using simple steps without feeling overwhelmed,solution_request
How can I reduce nausea and stomach pain,solution_request
How can I reduce nausea and stomach pain right now,solution_request
How can I reduce nausea and stomach pain today,solution_request
How can I reduce nausea and stomach pain at home,solution_request
How can I reduce nausea and stomach pain without feeling overwhelmed,solution_request
How can I reduce nausea and stomach pain when I am alone,solution_request
How can I reduce nausea and stomach pain when I am alone right now,solution_request
How can I reduce nausea and stomach pain when I am alone today,solution_request
How can I reduce nausea and stomach pain when I am alone at home,solution_request
How can I reduce nausea and stomach pain when I am alone without feeling overwhelmed,solution_request
How can I reduce nausea and stomach pain without making it worse,solution_request
How can I reduce nausea and stomach pain without making it worse right now,solution_request
How can I reduce nausea and stomach pain without making it worse today,solution_request
How can I reduce nausea and stomach pain without making it worse at home,solution_request
How can I reduce nausea and stomach pain without making it worse without feeling overwhelmed,solution_request
How can I reduce nausea and stomach pain when it starts suddenly,solution_request
How can I reduce nausea and stomach pain when it starts suddenly right now,solution_request
How can I reduce nausea and stomach pain when it starts suddenly today,solution_request
How can I reduce nausea and stomach pain when it starts suddenly at home,solution_request
How can I reduce nausea and stomach pain when it starts suddenly without feeling overwhelmed,solution_request
How can I reduce nausea and stomach pain before it affects my work,solution_request
How can I reduce nausea and stomach pain before it affects my work right now,solution_request
How can I reduce nausea and stomach pain before it affects my work today,solution_request
How can I reduce nausea and stomach pain before it affects my work at home,solution_request
How can I reduce nausea and stomach pain before it affects my work without feeling overwhelmed,solution_request
How can I reduce nausea and stomach pain using simple steps,solution_request
How can I reduce nausea and stomach pain using simple steps right now,solution_request
How can I reduce nausea and stomach pain using simple steps today,solution_request
How can I reduce nausea and stomach pain using simple steps at home,solution_request
How can I reduce nausea and stomach pain using simple steps without feeling overwhelmed,solution_request
How can I cope with burnout,solution_request
How can I cope with burnout right now,solution_request
How can I cope with burnout today,solution_request
How can I cope with burnout at home,solution_request
How can I cope with burnout without feeling overwhelmed,solution_request
How can I cope with burnout when I am alone,solution_request
How can I cope with burnout when I am alone right now,solution_request
How can I cope with burnout when I am alone today,solution_request
How can I cope with burnout when I am alone at home,solution_request
How can I cope with burnout when I am alone without feeling overwhelmed,solution_request
How can I cope with burnout without making it worse,solution_request
How can I cope with burnout without making it worse right now,solution_request
How can I cope with burnout without making it worse today,solution_request
How can I cope with burnout without making it worse at home,solution_request
How can I cope with burnout without making it worse without feeling overwhelmed,solution_request
How can I cope with burnout when it starts suddenly,solution_request
How can I cope with burnout when it starts suddenly right now,solution_request
How can I cope with burnout when it starts suddenly today,solution_request
How can I cope with burnout when it starts suddenly at home,solution_request
How can I cope with burnout when it starts suddenly without feeling overwhelmed,solution_request
How can I cope with burnout before it affects my work,solution_request
How can I cope with burnout before it affects my work right now,solution_request
How can I cope with burnout before it affects my work today,solution_request
How can I cope with burnout before it affects my work at home,solution_request
How can I cope with burnout before it affects my work without feeling overwhelmed,solution_request
How can I cope with burnout using simple steps,solution_request
How can I cope with burnout using simple steps right now,solution_request
How can I cope with burnout using simple steps today,solution_request
How can I cope with burnout using simple steps at home,solution_request
How can I cope with burnout using simple steps without feeling overwhelmed,solution_request
How can I stop a panic episode,solution_request
How can I stop a panic episode right now,solution_request
How can I stop a panic episode today,solution_request
How can I stop a panic episode at home,solution_request
How can I stop a panic episode without feeling overwhelmed,solution_request
How can I stop a panic episode when I am alone,solution_request
How can I stop a panic episode when I am alone right now,solution_request
How can I stop a panic episode when I am alone today,solution_request
How can I stop a panic episode when I am alone at home,solution_request
How can I stop a panic episode when I am alone without feeling overwhelmed,solution_request
How can I stop a panic episode without making it worse,solution_request
How can I stop a panic episode without making it worse right now,solution_request
How can I stop a panic episode without making it worse today,solution_request
How can I stop a panic episode without making it worse at home,solution_request
How can I stop a panic episode without making it worse without feeling overwhelmed,solution_request
How can I stop a panic episode when it starts suddenly,solution_request
How can I stop a panic episode when it starts suddenly right now,solution_request
How can I stop a panic episode when it starts suddenly today,solution_request
How can I stop a panic episode when it starts suddenly at home,solution_request
How can I stop a panic episode when it starts suddenly without feeling overwhelmed,solution_request
How can I stop a panic episode before it affects my work,solution_request
How can I stop a panic episode before it affects my work right now,solution_request
How can I stop a panic episode before it affects my work today,solution_request
How can I stop a panic episode before it affects my work at home,solution_request
How can I stop a panic episode before it affects my work without feeling overwhelmed,solution_request
How can I stop a panic episode using simple steps,solution_request
How can I stop a panic episode using simple steps right now,solution_request
How can I stop a panic episode using simple steps today,solution_request
How can I stop a panic episode using simple steps at home,solution_request
How can I stop a panic episode using simple steps without feeling overwhelmed,solution_request
What should I do to calm down during anxiety,solution_request
What should I do to calm down during anxiety right now,solution_request
What should I do to calm down during anxiety today,solution_request
What should I do to calm down during anxiety at home,solution_request
What should I do to calm down during anxiety without feeling overwhelmed,solution_request
What should I do to calm down during anxiety when I am alone,solution_request
What should I do to calm down during anxiety when I am alone right now,solution_request
What should I do to calm down during anxiety when I am alone today,solution_request
What should I do to calm down during anxiety when I am alone at home,solution_request
What should I do to calm down during anxiety when I am alone without feeling overwhelmed,solution_request
What should I do to calm down during anxiety without making it worse,solution_request
What should I do to calm down during anxiety without making it worse right now,solution_request
What should I do to calm down during anxiety without making it worse today,solution_request
What should I do to calm down during anxiety without making it worse at home,solution_request
What should I do to calm down during anxiety without making it worse without feeling overwhelmed,solution_request
What should I do to calm down during anxiety when it starts suddenly,solution_request
What should I do to calm down during anxiety when it starts suddenly right now,solution_request
What should I do to calm down during anxiety when it starts suddenly today,solution_request
What should I do to calm down during anxiety when it starts suddenly at home,solution_request
What should I do to calm down during anxiety when it starts suddenly without feeling overwhelmed,solution_request
What should I do to calm down during anxiety before it affects my work,solution_request
What should I do to calm down during anxiety before it affects my work right now,solution_request
What should I do to calm down during anxiety before it affects my work today,solution_request
What should I do to calm down during anxiety before it affects my work at home,solution_request
What should I do to calm down during anxiety before it affects my work without feeling overwhelmed,solution_request
What should I do to calm down during anxiety using simple steps,solution_request
What should I do to calm down during anxiety using simple steps right now,solution_request
What should I do to calm down during anxiety using simple steps today,solution_request
What should I do to calm down during anxiety using simple steps at home,solution_request
What should I do to calm down during anxiety using simple steps without feeling overwhelmed,solution_request
What should I do to sleep better at night,solution_request
What should I do to sleep better at night right now,solution_request
What should I do to sleep better at night today,solution_request
What should I do to sleep better at night at home,solution_request
What should I do to sleep better at night without feeling overwhelmed,solution_request
What should I do to sleep better at night when I am alone,solution_request
What should I do to sleep better at night when I am alone right now,solution_request
What should I do to sleep better at night when I am alone today,solution_request
What should I do to sleep better at night when I am alone at home,solution_request
What should I do to sleep better at night when I am alone without feeling overwhelmed,solution_request
What should I do to sleep better at night without making it worse,solution_request
What should I do to sleep better at night without making it worse right now,solution_request
What should I do to sleep better at night without making it worse today,solution_request
What should I do to sleep better at night without making it worse at home,solution_request
What should I do to sleep better at night without making it worse without feeling overwhelmed,solution_request
What should I do to sleep better at night when it starts suddenly,solution_request
What should I do to sleep better at night when it starts suddenly right now,solution_request
What should I do to sleep better at night when it starts suddenly today,solution_request
What should I do to sleep better at night when it starts suddenly at home,solution_request
What should I do to sleep better at night when it starts suddenly without feeling overwhelmed,solution_request
What should I do to sleep better at night before it affects my work,solution_request
What should I do to sleep better at night before it affects my work right now,solution_request
What should I do to sleep better at night before it affects my work today,solution_request
What should I do to sleep better at night before it affects my work at home,solution_request
What should I do to sleep better at night before it affects my work without feeling overwhelmed,solution_request
What should I do to sleep better at night using simple steps,solution_request
What should I do to sleep better at night using simple steps right now,solution_request
What should I do to sleep better at night using simple steps today,solution_request
What should I do to sleep better at night using simple steps at home,solution_request
What should I do to sleep better at night using simple steps without feeling overwhelmed,solution_request
What should I do to deal with constant stress,solution_request
What should I do to deal with constant stress right now,solution_request
What should I do to deal with constant stress today,solution_request
What should I do to deal with constant stress at home,solution_request
What should I do to deal with constant stress without feeling overwhelmed,solution_request
What should I do to deal with constant stress when I am alone,solution_request
What should I do to deal with constant stress when I am alone right now,solution_request
What should I do to deal with constant stress when I am alone today,solution_request
What should I do to deal with constant stress when I am alone at home,solution_request
What should I do to deal with constant stress when I am alone without feeling overwhelmed,solution_request
What should I do to deal with constant stress without making it worse,solution_request
What should I do to deal with constant stress without making it worse right now,solution_request
What should I do to deal with constant stress without making it worse today,solution_request
What should I do to deal with constant stress without making it worse at home,solution_request
What should I do to deal with constant stress without making it worse without feeling overwhelmed,solution_request
What should I do to deal with constant stress when it starts suddenly,solution_request
What should I do to deal with constant stress when it starts suddenly right now,solution_request
What should I do to deal with constant stress when it starts suddenly today,solution_request
What should I do to deal with constant stress when it starts suddenly at home,solution_request
What should I do to deal with constant stress when it starts suddenly without feeling overwhelmed,solution_request
What should I do to deal with constant stress before it affects my work,solution_request
What should I do to deal with constant stress before it affects my work right now,solution_request
What should I do to deal with constant stress before it affects my work today,solution_request
What should I do to deal with constant stress before it affects my work at home,solution_request
What should I do to deal with constant stress before it affects my work without feeling overwhelmed,solution_request
What should I do to deal with constant stress using simple steps,solution_request
What should I do to deal with constant stress using simple steps right now,solution_request
What should I do to deal with constant stress using simple steps today,solution_request
What should I do to deal with constant stress using simple steps at home,solution_request
What should I do to deal with constant stress using simple steps without feeling overwhelmed,solution_request
What should I do to manage overthinking,solution_request
What should I do to manage overthinking right now,solution_request
What should I do to manage overthinking today,solution_request
What should I do to manage overthinking at home,solution_request
What should I do to manage overthinking without feeling overwhelmed,solution_request
What should I do to manage overthinking when I am alone,solution_request
What should I do to manage overthinking when I am alone right now,solution_request
What should I do to manage overthinking when I am alone today,solution_request
What should I do to manage overthinking when I am alone at home,solution_request
What should I do to manage overthinking when I am alone without feeling overwhelmed,solution_request
What should I do to manage overthinking without making it worse,solution_request
What should I do to manage overthinking without making it worse right now,solution_request
What should I do to manage overthinking without making it worse today,solution_request
What should I do to manage overthinking without making it worse at home,solution_request
What should I do to manage overthinking without making it worse without feeling overwhelmed,solution_request
What should I do to manage overthinking when it starts suddenly,solution_request
What should I do to manage overthinking when it starts suddenly right now,solution_request
What should I do to manage overthinking when it starts suddenly today,solution_request
What should I do to manage overthinking when it starts suddenly at home,solution_request
What should I do to manage overthinking when it starts suddenly without feeling overwhelmed,solution_request
What should I do to manage overthinking before it affects my work,solution_request
What should I do to manage overthinking before it affects my work right now,solution_request
What should I do to manage overthinking before it affects my work today,solution_request
What should I do to manage overthinking before it affects my work at home,solution_request
What should I do to manage overthinking before it affects my work without feeling overwhelmed,solution_request
What should I do to manage overthinking using simple steps,solution_request
What should I do to manage overthinking using simple steps right now,solution_request
What should I do to manage overthinking using simple steps today,solution_request
What should I do to manage overthinking using simple steps at home,solution_request
What should I do to manage overthinking using simple steps without feeling overwhelmed,solution_request
What should I do to feel less lonely,solution_request
What should I do to feel less lonely right now,solution_request
What should I do to feel less lonely today,solution_request
What should I do to feel less lonely at home,solution_request
What should I do to feel less lonely without feeling overwhelmed,solution_request
What should I do to feel less lonely when I am alone,solution_request
What should I do to feel less lonely when I am alone right now,solution_request
What should I do to feel less lonely when I am alone today,solution_request
What should I do to feel less lonely when I am alone at home,solution_request
What should I do to feel less lonely when I am alone without feeling overwhelmed,solution_request
What should I do to feel less lonely without making it worse,solution_request
What should I do to feel less lonely without making it worse right now,solution_request
What should I do to feel less lonely without making it worse today,solution_request
What should I do to feel less lonely without making it worse at home,solution_request
What should I do to feel less lonely without making it worse without feeling overwhelmed,solution_request
What should I do to feel less lonely when it starts suddenly,solution_request
What should I do to feel less lonely when it starts suddenly right now,solution_request
What should I do to feel less lonely when it starts suddenly today,solution_request
What should I do to feel less lonely when it starts suddenly at home,solution_request
What should I do to feel less lonely when it starts suddenly without feeling overwhelmed,solution_request
What should I do to feel less lonely before it affects my work,solution_request
What should I do to feel less lonely before it affects my work right now,solution_request
What should I do to feel less lonely before it affects my work today,solution_request
What should I do to feel less lonely before it affects my work at home,solution_request
What should I do to feel less lonely before it affects my work without feeling overwhelmed,solution_request
What should I do to feel less lonely using simple steps,solution_request
What should I do to feel less lonely using simple steps right now,solution_request
What should I do to feel less lonely using simple steps today,solution_request
What should I do to feel less lonely using simple steps at home,solution_request
What should I do to feel less lonely using simple steps without feeling overwhelmed,solution_request
What should I do to handle a fever at home,solution_request
What should I do to handle a fever at home right now,solution_request
What should I do to handle a fever at home today,solution_request
What should I do to handle a fever at home at home,solution_request
What should I do to handle a fever at home without feeling overwhelmed,solution_request
What should I do to handle a fever at home when I am alone,solution_request
What should I do to handle a fever at home when I am alone right now,solution_request
What should I do to handle a fever at home when I am alone today,solution_request
What should I do to handle a fever at home when I am alone at home,solution_request
What should I do to handle a fever at home when I am alone without feeling overwhelmed,solution_request
What should I do to handle a fever at home without making it worse,solution_request
What should I do to handle a fever at home without making it worse right now,solution_request
What should I do to handle a fever at home without making it worse today,solution_request
What should I do to handle a fever at home without making it worse at home,solution_request
What should I do to handle a fever at home without making it worse without feeling overwhelmed,solution_request
What should I do to handle a fever at home when it starts suddenly,solution_request
What should I do to handle a fever at home when it starts suddenly right now,solution_request
What should I do to handle a fever at home when it starts suddenly today,solution_request
What should I do to handle a fever at home when it starts suddenly at home,solution_request
What should I do to handle a fever at home when it starts suddenly without feeling overwhelmed,solution_request
What should I do to handle a fever at home before it affects my work,solution_request
What should I do to handle a fever at home before it affects my work right now,solution_request
What should I do to handle a fever at home before it affects my work today,solution_request
What should I do to handle a fever at home before it affects my work at home,solution_request
What should I do to handle a fever at home before it affects my work without feeling overwhelmed,solution_request
What should I do to handle a fever at home using simple steps,solution_request
What should I do to handle a fever at home using simple steps right now,solution_request
What should I do to handle a fever at home using simple steps today,solution_request
What should I do to handle a fever at home using simple steps at home,solution_request
What should I do to handle a fever at home using simple steps without feeling overwhelmed,solution_request
What should I do to recover from a cold faster,solution_request
What should I do to recover from a cold faster right now,solution_request
What should I do to recover from a cold faster today,solution_request
What should I do to recover from a cold faster at home,solution_request
What should I do to recover from a cold faster without feeling overwhelmed,solution_request
What should I do to recover from a cold faster when I am alone,solution_request
What should I do to recover from a cold faster when I am alone right now,solution_request
What should I do to recover from a cold faster when I am alone today,solution_request
What should I do to recover from a cold faster when I am alone at home,solution_request
What should I do to recover from a cold faster when I am alone without feeling overwhelmed,solution_request
What should I do to recover from a cold faster without making it worse,solution_request
What should I do to recover from a cold faster without making it worse right now,solution_request
What should I do to recover from a cold faster without making it worse today,solution_request
What should I do to recover from a cold faster without making it worse at home,solution_request
What should I do to recover from a cold faster without making it worse without feeling overwhelmed,solution_request
What should I do to recover from a cold faster when it starts suddenly,solution_request
What should I do to recover from a cold faster when it starts suddenly right now,solution_request
What should I do to recover from a cold faster when it starts suddenly today,solution_request
What should I do to recover from a cold faster when it starts suddenly at home,solution_request
What should I do to recover from a cold faster when it starts suddenly without feeling overwhelmed,solution_request
What should I do to recover from a cold faster before it affects my work,solution_request
What should I do to recover from a cold faster before it affects my work right now,solution_request
What should I do to recover from a cold faster before it affects my work today,solution_request
What should I do to recover from a cold faster before it affects my work at home,solution_request
What should I do to recover from a cold faster before it affects my work without feeling overwhelmed,solution_request
What should I do to recover from a cold faster using simple steps,solution_request
What should I do to recover from a cold faster using simple steps right now,solution_request
What should I do to recover from a cold faster using simple steps today,solution_request
What should I do to recover from a cold faster using simple steps at home,solution_request
What should I do to recover from a cold faster using simple steps without feeling overwhelmed,solution_request
What should I do to reduce nausea and stomach pain,solution_request
What should I do to reduce nausea and stomach pain right now,solution_request
What should I do to reduce nausea and stomach pain today,solution_request
What should I do to reduce nausea and stomach pain at home,solution_request
What should I do to reduce nausea and stomach pain without feeling overwhelmed,solution_request
What should I do to reduce nausea and stomach pain when I am alone,solution_request
What should I do to reduce nausea and stomach pain when I am alone right now,solution_request
What should I do to reduce nausea and stomach pain when I am alone today,solution_request
What should I do to reduce nausea and stomach pain when I am alone at home,solution_request
What should I do to reduce nausea and stomach pain when I am alone without feeling overwhelmed,solution_request
What should I do to reduce nausea and stomach pain without making it worse,solution_request
What should I do to reduce nausea and stomach pain without making it worse right now,solution_request
What should I do to reduce nausea and stomach pain without making it worse today,solution_request
What should I do to reduce nausea and stomach pain without making it worse at home,solution_request
What should I do to reduce nausea and stomach pain without making it worse without feeling overwhelmed,solution_request
What should I do to reduce nausea and stomach pain when it starts suddenly,solution_request
What should I do to reduce nausea and stomach pain when it starts suddenly right now,solution_request
What should I do to reduce nausea and stomach pain when it starts suddenly today,solution_request
What should I do to reduce nausea and stomach pain when it starts suddenly at home,solution_request
What should I do to reduce nausea and stomach pain when it starts suddenly without feeling overwhelmed,solution_request
What should I do to reduce nausea and stomach pain before it affects my work,solution_request
What should I do to reduce nausea and stomach pain before it affects my work right now,solution_request
What should I do to reduce nausea and stomach pain before it affects my work today,solution_request
What should I do to reduce nausea and stomach pain before it affects my work at home,solution_request
What should I do to reduce nausea and stomach pain before it affects my work without feeling overwhelmed,solution_request
What should I do to reduce nausea and stomach pain using simple steps,solution_request
What should I do to reduce nausea and stomach pain using simple steps right now,solution_request
What should I do to reduce nausea and stomach pain using simple steps today,solution_request
What should I do to reduce nausea and stomach pain using simple steps at home,solution_request
What should I do to reduce nausea and stomach pain using simple steps without feeling overwhelmed,solution_request
What should I do to cope with burnout,solution_request
What should I do to cope with burnout right now,solution_request
What should I do to cope with burnout today,solution_request
What should I do to cope with burnout at home,solution_request
What should I do to cope with burnout without feeling overwhelmed,solution_request
What should I do to cope with burnout when I am alone,solution_request
What should I do to cope with burnout when I am alone right now,solution_request
What should I do to cope with burnout when I am alone today,solution_request
What should I do to cope with burnout when I am alone at home,solution_request
What should I do to cope with burnout when I am alone without feeling overwhelmed,solution_request
What should I do to cope with burnout without making it worse,solution_request
What should I do to cope with burnout without making it worse right now,solution_request
What should I do to cope with burnout without making it worse today,solution_request
What should I do to cope with burnout without making it worse at home,solution_request
What should I do to cope with burnout without making it worse without feeling overwhelmed,solution_request
What should I do to cope with burnout when it starts suddenly,solution_request
What should I do to cope with burnout when it starts suddenly right now,solution_request
What should I do to cope with burnout when it starts suddenly today,solution_request
What should I do to cope with burnout when it starts suddenly at home,solution_request
What should I do to cope with burnout when it starts suddenly without feeling overwhelmed,solution_request
What should I do to cope with burnout before it affects my work,solution_request
What should I do to cope with burnout before it affects my work right now,solution_request
What should I do to cope with burnout before it affects my work today,solution_request
What should I do to cope with burnout before it affects my work at home,solution_request
What should I do to cope with burnout before it affects my work without feeling overwhelmed,solution_request
What should I do to cope with burnout using simple steps,solution_request
What should I do to cope with burnout using simple steps right now,solution_request
What should I do to cope with burnout using simple steps today,solution_request
What should I do to cope with burnout using simple steps at home,solution_request
What should I do to cope with burnout using simple steps without feeling overwhelmed,solution_request
What should I do to stop a panic episode,solution_request
What should I do to stop a panic episode right now,solution_request
What should I do to stop a panic episode today,solution_request
What should I do to stop a panic episode at home,solution_request
What should I do to stop a panic episode without feeling overwhelmed,solution_request
What should I do to stop a panic episode when I am alone,solution_request
What should I do to stop a panic episode when I am alone right now,solution_request
What should I do to stop a panic episode when I am alone today,solution_request
What should I do to stop a panic episode when I am alone at home,solution_request
What should I do to stop a panic episode when I am alone without feeling overwhelmed,solution_request
What should I do to stop a panic episode without making it worse,solution_request
What should I do to stop a panic episode without making it worse right now,solution_request
What should I do to stop a panic episode without making it worse today,solution_request
What should I do to stop a panic episode without making it worse at home,solution_request
What should I do to stop a panic episode without making it worse without feeling overwhelmed,solution_request
What should I do to stop a panic episode when it starts suddenly,solution_request
What should I do to stop a panic episode when it starts suddenly right now,solution_request
What should I do to stop a panic episode when it starts suddenly today,solution_request
What should I do to stop a panic episode when it starts suddenly at home,solution_request
What should I do to stop a panic episode when it starts suddenly without feeling overwhelmed,solution_request
What should I do to stop a panic episode before it affects my work,solution_request
What should I do to stop a panic episode before it affects my work right now,solution_request
What should I do to stop a panic episode before it affects my work today,solution_request
What should I do to stop a panic episode before it affects my work at home,solution_request
What should I do to stop a panic episode before it affects my work without feeling overwhelmed,solution_request
What should I do to stop a panic episode using simple steps,solution_request
What should I do to stop a panic episode using simple steps right now,solution_request
What should I do to stop a panic episode using simple steps today,solution_request
What should I do to stop a panic episode using simple steps at home,solution_request
What should I do to stop a panic episode using simple steps without feeling overwhelmed,solution_request
Can you help me calm down during anxiety,solution_request
Can you help me calm down during anxiety right now,solution_request
Can you help me calm down during anxiety today,solution_request
Can you help me calm down during anxiety at home,solution_request
Can you help me calm down during anxiety without feeling overwhelmed,solution_request
Can you help me calm down during anxiety when I am alone,solution_request
Can you help me calm down during anxiety when I am alone right now,solution_request
Can you help me calm down during anxiety when I am alone today,solution_request
Can you help me calm down during anxiety when I am alone at home,solution_request
Can you help me calm down during anxiety when I am alone without feeling overwhelmed,solution_request
Can you help me calm down during anxiety without making it worse,solution_request
Can you help me calm down during anxiety without making it worse right now,solution_request
Can you help me calm down during anxiety without making it worse today,solution_request
Can you help me calm down during anxiety without making it worse at home,solution_request
Can you help me calm down during anxiety without making it worse without feeling overwhelmed,solution_request
Can you help me calm down during anxiety when it starts suddenly,solution_request
Can you help me calm down during anxiety when it starts suddenly right now,solution_request
Can you help me calm down during anxiety when it starts suddenly today,solution_request
Can you help me calm down during anxiety when it starts suddenly at home,solution_request
Can you help me calm down during anxiety when it starts suddenly without feeling overwhelmed,solution_request
Can you help me calm down during anxiety before it affects my work,solution_request
Can you help me calm down during anxiety before it affects my work right now,solution_request
Can you help me calm down during anxiety before it affects my work today,solution_request
Can you help me calm down during anxiety before it affects my work at home,solution_request
Can you help me calm down during anxiety before it affects my work without feeling overwhelmed,solution_request
Can you help me calm down during anxiety using simple steps,solution_request
Can you help me calm down during anxiety using simple steps right now,solution_request
Can you help me calm down during anxiety using simple steps today,solution_request
Can you help me calm down during anxiety using simple steps at home,solution_request
Can you help me calm down during anxiety using simple steps without feeling overwhelmed,solution_request
Can you help me sleep better at night,solution_request
Can you help me sleep better at night right now,solution_request
Can you help me sleep better at night today,solution_request
Can you help me sleep better at night at home,solution_request
Can you help me sleep better at night without feeling overwhelmed,solution_request
Can you help me sleep better at night when I am alone,solution_request
Can you help me sleep better at night when I am alone right now,solution_request
Can you help me sleep better at night when I am alone today,solution_request
Can you help me sleep better at night when I am alone at home,solution_request
Can you help me sleep better at night when I am alone without feeling overwhelmed,solution_request
Can you help me sleep better at night without making it worse,solution_request
Can you help me sleep better at night without making it worse right now,solution_request
Can you help me sleep better at night without making it worse today,solution_request
Can you help me sleep better at night without making it worse at home,solution_request
Can you help me sleep better at night without making it worse without feeling overwhelmed,solution_request
Can you help me sleep better at night when it starts suddenly,solution_request
Can you help me sleep better at night when it starts suddenly right now,solution_request
Can you help me sleep better at night when it starts suddenly today,solution_request
Can you help me sleep better at night when it starts suddenly at home,solution_request
Can you help me sleep better at night when it starts suddenly without feeling overwhelmed,solution_request
Can you help me sleep better at night before it affects my work,solution_request
Can you help me sleep better at night before it affects my work right now,solution_request
Can you help me sleep better at night before it affects my work today,solution_request
Can you help me sleep better at night before it affects my work at home,solution_request
Can you help me sleep better at night before it affects my work without feeling overwhelmed,solution_request
Can you help me sleep better at night using simple steps,solution_request
Can you help me sleep better at night using simple steps right now,solution_request
Can you help me sleep better at night using simple steps today,solution_request
Can you help me sleep better at night using simple steps at home,solution_request
Can you help me sleep better at night using simple steps without feeling overwhelmed,solution_request
Can you help me deal with constant stress,solution_request
Can you help me deal with constant stress right now,solution_request
Can you help me deal with constant stress today,solution_request
Can you help me deal with constant stress at home,solution_request
Can you help me deal with constant stress without feeling overwhelmed,solution_request
Can you help me deal with constant stress when I am alone,solution_request
Can you help me deal with constant stress when I am alone right now,solution_request
Can you help me deal with constant stress when I am alone today,solution_request
Can you help me deal with constant stress when I am alone at home,solution_request
Can you help me deal with constant stress when I am alone without feeling overwhelmed,solution_request
Can you help me deal with constant stress without making it worse,solution_request
Can you help me deal with constant stress without making it worse right now,solution_request
Can you help me deal with constant stress without making it worse today,solution_request
Can you help me deal with constant stress without making it worse at home,solution_request
Can you help me deal with constant stress without making it worse without feeling overwhelmed,solution_request
Can you help me deal with constant stress when it starts suddenly,solution_request
Can you help me deal with constant stress when it starts suddenly right now,solution_request
Can you help me deal with constant stress when it starts suddenly today,solution_request
Can you help me deal with constant stress when it starts suddenly at home,solution_request
Can you help me deal with constant stress when it starts suddenly without feeling overwhelmed,solution_request
Can you help me deal with constant stress before it affects my work,solution_request
Can you help me deal with constant stress before it affects my work right now,solution_request
Can you help me deal with constant stress before it affects my work today,solution_request
Can you help me deal with constant stress before it affects my work at home,solution_request
Can you help me deal with constant stress before it affects my work without feeling overwhelmed,solution_request
Can you help me deal with constant stress using simple steps,solution_request
Can you help me deal with constant stress using simple steps right now,solution_request
Can you help me deal with constant stress using simple steps today,solution_request
Can you help me deal with constant stress using simple steps at home,solution_request
Can you help me deal with constant stress using simple steps without feeling overwhelmed,solution_request
Can you help me manage overthinking,solution_request
Can you help me manage overthinking right now,solution_request
Can you help me manage overthinking today,solution_request
Can you help me manage overthinking at home,solution_request
Can you help me manage overthinking without feeling overwhelmed,solution_request
Can you help me manage overthinking when I am alone,solution_request
Can you help me manage overthinking when I am alone right now,solution_request
Can you help me manage overthinking when I am alone today,solution_request
Can you help me manage overthinking when I am alone at home,solution_request
Can you help me manage overthinking when I am alone without feeling overwhelmed,solution_request
Can you help me manage overthinking without making it worse,solution_request
Can you help me manage overthinking without making it worse right now,solution_request
Can you help me manage overthinking without making it worse today,solution_request
Can you help me manage overthinking without making it worse at home,solution_request
Can you help me manage overthinking without making it worse without feeling overwhelmed,solution_request
Can you help me manage overthinking when it starts suddenly,solution_request
Can you help me manage overthinking when it starts suddenly right now,solution_request
Can you help me manage overthinking when it starts suddenly today,solution_request
Can you help me manage overthinking when it starts suddenly at home,solution_request
Can you help me manage overthinking when it starts suddenly without feeling overwhelmed,solution_request
Can you help me manage overthinking before it affects my work,solution_request
Can you help me manage overthinking before it affects my work right now,solution_request
Can you help me manage overthinking before it affects my work today,solution_request
Can you help me manage overthinking before it affects my work at home,solution_request
Can you help me manage overthinking before it affects my work without feeling overwhelmed,solution_request
Can you help me manage overthinking using simple steps,solution_request
Can you help me manage overthinking using simple steps right now,solution_request
Can you help me manage overthinking using simple steps today,solution_request
Can you help me manage overthinking using simple steps at home,solution_request
Can you help me manage overthinking using simple steps without feeling overwhelmed,solution_request
Can you help me feel less lonely,solution_request
Can you help me feel less lonely right now,solution_request
Can you help me feel less lonely today,solution_request
Can you help me feel less lonely at home,solution_request
Can you help me feel less lonely without feeling overwhelmed,solution_request
Can you help me feel less lonely when I am alone,solution_request
Can you help me feel less lonely when I am alone right now,solution_request
Can you help me feel less lonely when I am alone today,solution_request
Can you help me feel less lonely when I am alone at home,solution_request
Can you help me feel less lonely when I am alone without feeling overwhelmed,solution_request
Can you help me feel less lonely without making it worse,solution_request
Can you help me feel less lonely without making it worse right now,solution_request
Can you help me feel less lonely without making it worse today,solution_request
Can you help me feel less lonely without making it worse at home,solution_request
Can you help me feel less lonely without making it worse without feeling overwhelmed,solution_request
Can you help me feel less lonely when it starts suddenly,solution_request
Can you help me feel less lonely when it starts suddenly right now,solution_request
Can you help me feel less lonely when it starts suddenly today,solution_request
Can you help me feel less lonely when it starts suddenly at home,solution_request
Can you help me feel less lonely when it starts suddenly without feeling overwhelmed,solution_request
Can you help me feel less lonely before it affects my work,solution_request
Can you help me feel less lonely before it affects my work right now,solution_request
Can you help me feel less lonely before it affects my work today,solution_request
Can you help me feel less lonely before it affects my work at home,solution_request
Can you help me feel less lonely before it affects my work without feeling overwhelmed,solution_request
Can you help me feel less lonely using simple steps,solution_request
Can you help me feel less lonely using simple steps right now,solution_request
Can you help me feel less lonely using simple steps today,solution_request
Can you help me feel less lonely using simple steps at home,solution_request
Can you help me feel less lonely using simple steps without feeling overwhelmed,solution_request
Can you help me handle a fever at home,solution_request
Can you help me handle a fever at home right now,solution_request
Can you help me handle a fever at home today,solution_request
Can you help me handle a fever at home at home,solution_request
Can you help me handle a fever at home without feeling overwhelmed,solution_request
Can you help me handle a fever at home when I am alone,solution_request
Can you help me handle a fever at home when I am alone right now,solution_request
Can you help me handle a fever at home when I am alone today,solution_request
Can you help me handle a fever at home when I am alone at home,solution_request
Can you help me handle a fever at home when I am alone without feeling overwhelmed,solution_request
Can you help me handle a fever at home without making it worse,solution_request
Can you help me handle a fever at home without making it worse right now,solution_request
Can you help me handle a fever at home without making it worse today,solution_request
Can you help me handle a fever at home without making it worse at home,solution_request
Can you help me handle a fever at home without making it worse without feeling overwhelmed,solution_request
Can you help me handle a fever at home when it starts suddenly,solution_request
Can you help me handle a fever at home when it starts suddenly right now,solution_request
Can you help me handle a fever at home when it starts suddenly today,solution_request
Can you help me handle a fever at home when it starts suddenly at home,solution_request
Can you help me handle a fever at home when it starts suddenly without feeling overwhelmed,solution_request
Can you help me handle a fever at home before it affects my work,solution_request
Can you help me handle a fever at home before it affects my work right now,solution_request
Can you help me handle a fever at home before it affects my work today,solution_request
Can you help me handle a fever at home before it affects my work at home,solution_request
Can you help me handle a fever at home before it affects my work without feeling overwhelmed,solution_request
Can you help me handle a fever at home using simple steps,solution_request
Can you help me handle a fever at home using simple steps right now,solution_request
Can you help me handle a fever at home using simple steps today,solution_request
Can you help me handle a fever at home using simple steps at home,solution_request
Can you help me handle a fever at home using simple steps without feeling overwhelmed,solution_request
Can you help me recover from a cold faster,solution_request
Can you help me recover from a cold faster right now,solution_request
Can you help me recover from a cold faster today,solution_request
Can you help me recover from a cold faster at home,solution_request
Can you help me recover from a cold faster without feeling overwhelmed,solution_request
Can you help me recover from a cold faster when I am alone,solution_request
Can you help me recover from a cold faster when I am alone right now,solution_request
Can you help me recover from a cold faster when I am alone today,solution_request
Can you help me recover from a cold faster when I am alone at home,solution_request
Can you help me recover from a cold faster when I am alone without feeling overwhelmed,solution_request
Can you help me recover from a cold faster without making it worse,solution_request
Can you help me recover from a cold faster without making it worse right now,solution_request
Can you help me recover from a cold faster without making it worse today,solution_request
Can you help me recover from a cold faster without making it worse at home,solution_request
Can you help me recover from a cold faster without making it worse without feeling overwhelmed,solution_request
Can you help me recover from a cold faster when it starts suddenly,solution_request
Can you help me recover from a cold faster when it starts suddenly right now,solution_request
Can you help me recover from a cold faster when it starts suddenly today,solution_request
Can you help me recover from a cold faster when it starts suddenly at home,solution_request
Can you help me recover from a cold faster when it starts suddenly without feeling overwhelmed,solution_request
Can you help me recover from a cold faster before it affects my work,solution_request
Can you help me recover from a cold faster before it affects my work right now,solution_request
Can you help me recover from a cold faster before it affects my work today,solution_request
Can you help me recover from a cold faster before it affects my work at home,solution_request
Can you help me recover from a cold faster before it affects my work without feeling overwhelmed,solution_request
Can you help me recover from a cold faster using simple steps,solution_request
Can you help me recover from a cold faster using simple steps right now,solution_request
Can you help me recover from a cold faster using simple steps today,solution_request
Can you help me recover from a cold faster using simple steps at home,solution_request
Can you help me recover from a cold faster using simple steps without feeling overwhelmed,solution_request
Can you help me reduce nausea and stomach pain,solution_request
Can you help me reduce nausea and stomach pain right now,solution_request
Can you help me reduce nausea and stomach pain today,solution_request
Can you help me reduce nausea and stomach pain at home,solution_request
Can you help me reduce nausea and stomach pain without feeling overwhelmed,solution_request
Can you help me reduce nausea and stomach pain when I am alone,solution_request
Can you help me reduce nausea and stomach pain when I am alone right now,solution_request
Can you help me reduce nausea and stomach pain when I am alone today,solution_request
Can you help me reduce nausea and stomach pain when I am alone at home,solution_request
Can you help me reduce nausea and stomach pain when I am alone without feeling overwhelmed,solution_request
Can you help me reduce nausea and stomach pain without making it worse,solution_request
Can you help me reduce nausea and stomach pain without making it worse right now,solution_request
Can you help me reduce nausea and stomach pain without making it worse today,solution_request
Can you help me reduce nausea and stomach pain without making it worse at home,solution_request
Can you help me reduce nausea and stomach pain without making it worse without feeling overwhelmed,solution_request
Can you help me reduce nausea and stomach pain when it starts suddenly,solution_request
Can you help me reduce nausea and stomach pain when it starts suddenly right now,solution_request
Can you help me reduce nausea and stomach pain when it starts suddenly today,solution_request
Can you help me reduce nausea and stomach pain when it starts suddenly at home,solution_request
Can you help me reduce nausea and stomach pain when it starts suddenly without feeling overwhelmed,solution_request
Can you help me reduce nausea and stomach pain before it affects my work,solution_request
Can you help me reduce nausea and stomach pain before it affects my work right now,solution_request
Can you help me reduce nausea and stomach pain before it affects my work today,solution_request
Can you help me reduce nausea and stomach pain before it affects my work at home,solution_request
Can you help me reduce nausea and stomach pain before it affects my work without feeling overwhelmed,solution_request
Can you help me reduce nausea and stomach pain using simple steps,solution_request
Can you help me reduce nausea and stomach pain using simple steps right now,solution_request
Can you help me reduce nausea and stomach pain using simple steps today,solution_request
Can you help me reduce nausea and stomach pain using simple steps at home,solution_request
Can you help me reduce nausea and stomach pain using simple steps without feeling overwhelmed,solution_request
Can you help me cope with burnout,solution_request
Can you help me cope with burnout right now,solution_request
Can you help me cope with burnout today,solution_request
Can you help me cope with burnout at home,solution_request
Can you help me cope with burnout without feeling overwhelmed,solution_request
Can you help me cope with burnout when I am alone,solution_request
Can you help me cope with burnout when I am alone right now,solution_request
Can you help me cope with burnout when I am alone today,solution_request
Can you help me cope with burnout when I am alone at home,solution_request
Can you help me cope with burnout when I am alone without feeling overwhelmed,solution_request
Can you help me cope with burnout without making it worse,solution_request
Can you help me cope with burnout without making it worse right now,solution_request
Can you help me cope with burnout without making it worse today,solution_request
Can you help me cope with burnout without making it worse at home,solution_request
Can you help me cope with burnout without making it worse without feeling overwhelmed,solution_request
Can you help me cope with burnout when it starts suddenly,solution_request
Can you help me cope with burnout when it starts suddenly right now,solution_request
Can you help me cope with burnout when it starts suddenly today,solution_request
Can you help me cope with burnout when it starts suddenly at home,solution_request
Can you help me cope with burnout when it starts suddenly without feeling overwhelmed,solution_request
Can you help me cope with burnout before it affects my work,solution_request
Can you help me cope with burnout before it affects my work right now,solution_request
Can you help me cope with burnout before it affects my work today,solution_request
Can you help me cope with burnout before it affects my work at home,solution_request
Can you help me cope with burnout before it affects my work without feeling overwhelmed,solution_request
Can you help me cope with burnout using simple steps,solution_request
Can you help me cope with burnout using simple steps right now,solution_request
Can you help me cope with burnout using simple steps today,solution_request
Can you help me cope with burnout using simple steps at home,solution_request
Can you help me cope with burnout using simple steps without feeling overwhelmed,solution_request
Can you help me stop a panic episode,solution_request
Can you help me stop a panic episode right now,solution_request
Can you help me stop a panic episode today,solution_request
Can you help me stop a panic episode at home,solution_request
Can you help me stop a panic episode without feeling overwhelmed,solution_request
Can you help me stop a panic episode when I am alone,solution_request
Can you help me stop a panic episode when I am alone right now,solution_request
Can you help me stop a panic episode when I am alone today,solution_request
Can you help me stop a panic episode when I am alone at home,solution_request
Can you help me stop a panic episode when I am alone without feeling overwhelmed,solution_request
Can you help me stop a panic episode without making it worse,solution_request
Can you help me stop a panic episode without making it worse right now,solution_request
Can you help me stop a panic episode without making it worse today,solution_request
Can you help me stop a panic episode without making it worse at home,solution_request
Can you help me stop a panic episode without making it worse without feeling overwhelmed,solution_request
Can you help me stop a panic episode when it starts suddenly,solution_request
Can you help me stop a panic episode when it starts suddenly right now,solution_request
Can you help me stop a panic episode when it starts suddenly today,solution_request
Can you help me stop a panic episode when it starts suddenly at home,solution_request
Can you help me stop a panic episode when it starts suddenly without feeling overwhelmed,solution_request
Can you help me stop a panic episode before it affects my work,solution_request
Can you help me stop a panic episode before it affects my work right now,solution_request
Can you help me stop a panic episode before it affects my work today,solution_request
Can you help me stop a panic episode before it affects my work at home,solution_request
Can you help me stop a panic episode before it affects my work without feeling overwhelmed,solution_request
Can you help me stop a panic episode using simple steps,solution_request
Can you help me stop a panic episode using simple steps right now,solution_request
Can you help me stop a panic episode using simple steps today,solution_request
Can you help me stop a panic episode using simple steps at home,solution_request
Can you help me stop a panic episode using simple steps without feeling overwhelmed,solution_request
What can I do to calm down during anxiety,solution_request
What can I do to calm down during anxiety right now,solution_request
What can I do to calm down during anxiety today,solution_request
What can I do to calm down during anxiety at home,solution_request
What can I do to calm down during anxiety without feeling overwhelmed,solution_request
What can I do to calm down during anxiety when I am alone,solution_request
What can I do to calm down during anxiety when I am alone right now,solution_request
What can I do to calm down during anxiety when I am alone today,solution_request
What can I do to calm down during anxiety when I am alone at home,solution_request
What can I do to calm down during anxiety when I am alone without feeling overwhelmed,solution_request
What can I do to calm down during anxiety without making it worse,solution_request
What can I do to calm down during anxiety without making it worse right now,solution_request
What can I do to calm down during anxiety without making it worse today,solution_request
What can I do to calm down during anxiety without making it worse at home,solution_request
What can I do to calm down during anxiety without making it worse without feeling overwhelmed,solution_request
What can I do to calm down during anxiety when it starts suddenly,solution_request
What can I do to calm down during anxiety when it starts suddenly right now,solution_request
What can I do to calm down during anxiety when it starts suddenly today,solution_request
What can I do to calm down during anxiety when it starts suddenly at home,solution_request
What can I do to calm down during anxiety when it starts suddenly without feeling overwhelmed,solution_request
What can I do to calm down during anxiety before it affects my work,solution_request
What can I do to calm down during anxiety before it affects my work right now,solution_request
What can I do to calm down during anxiety before it affects my work today,solution_request
What can I do to calm down during anxiety before it affects my work at home,solution_request
What can I do to calm down during anxiety before it affects my work without feeling overwhelmed,solution_request
What can I do to calm down during anxiety using simple steps,solution_request
What can I do to calm down during anxiety using simple steps right now,solution_request
What can I do to calm down during anxiety using simple steps today,solution_request
What can I do to calm down during anxiety using simple steps at home,solution_request
What can I do to calm down during anxiety using simple steps without feeling overwhelmed,solution_request
What can I do to sleep better at night,solution_request
What can I do to sleep better at night right now,solution_request
What can I do to sleep better at night today,solution_request
What can I do to sleep better at night at home,solution_request
What can I do to sleep better at night without feeling overwhelmed,solution_request
What can I do to sleep better at night when I am alone,solution_request
What can I do to sleep better at night when I am alone right now,solution_request
What can I do to sleep better at night when I am alone today,solution_request
What can I do to sleep better at night when I am alone at home,solution_request
What can I do to sleep better at night when I am alone without feeling overwhelmed,solution_request
What can I do to sleep better at night without making it worse,solution_request
What can I do to sleep better at night without making it worse right now,solution_request
What can I do to sleep better at night without making it worse today,solution_request
What can I do to sleep better at night without making it worse at home,solution_request
What can I do to sleep better at night without making it worse without feeling overwhelmed,solution_request
What can I do to sleep better at night when it starts suddenly,solution_request
What can I do to sleep better at night when it starts suddenly right now,solution_request
What can I do to sleep better at night when it starts suddenly today,solution_request
What can I do to sleep better at night when it starts suddenly at home,solution_request
What can I do to sleep better at night when it starts suddenly without feeling overwhelmed,solution_request
What can I do to sleep better at night before it affects my work,solution_request
What can I do to sleep better at night before it affects my work right now,solution_request
What can I do to sleep better at night before it affects my work today,solution_request
What can I do to sleep better at night before it affects my work at home,solution_request
What can I do to sleep better at night before it affects my work without feeling overwhelmed,solution_request
What can I do to sleep better at night using simple steps,solution_request
What can I do to sleep better at night using simple steps right now,solution_request
What can I do to sleep better at night using simple steps today,solution_request
What can I do to sleep better at night using simple steps at home,solution_request
What can I do to sleep better at night using simple steps without feeling overwhelmed,solution_request
What can I do to deal with constant stress,solution_request
What can I do to deal with constant stress right now,solution_request
What can I do to deal with constant stress today,solution_request
What can I do to deal with constant stress at home,solution_request
What can I do to deal with constant stress without feeling overwhelmed,solution_request
What can I do to deal with constant stress when I am alone,solution_request
What can I do to deal with constant stress when I am alone right now,solution_request
What can I do to deal with constant stress when I am alone today,solution_request
What can I do to deal with constant stress when I am alone at home,solution_request
What can I do to deal with constant stress when I am alone without feeling overwhelmed,solution_request
What can I do to deal with constant stress without making it worse,solution_request
What can I do to deal with constant stress without making it worse right now,solution_request
What can I do to deal with constant stress without making it worse today,solution_request
What can I do to deal with constant stress without making it worse at home,solution_request
What can I do to deal with constant stress without making it worse without feeling overwhelmed,solution_request
What can I do to deal with constant stress when it starts suddenly,solution_request
What can I do to deal with constant stress when it starts suddenly right now,solution_request
What can I do to deal with constant stress when it starts suddenly today,solution_request
What can I do to deal with constant stress when it starts suddenly at home,solution_request
What can I do to deal with constant stress when it starts suddenly without feeling overwhelmed,solution_request
What can I do to deal with constant stress before it affects my work,solution_request
What can I do to deal with constant stress before it affects my work right now,solution_request
What can I do to deal with constant stress before it affects my work today,solution_request
What can I do to deal with constant stress before it affects my work at home,solution_request
What can I do to deal with constant stress before it affects my work without feeling overwhelmed,solution_request
What can I do to deal with constant stress using simple steps,solution_request
What can I do to deal with constant stress using simple steps right now,solution_request
What can I do to deal with constant stress using simple steps today,solution_request
What can I do to deal with constant stress using simple steps at home,solution_request
What can I do to deal with constant stress using simple steps without feeling overwhelmed,solution_request
What can I do to manage overthinking,solution_request
What can I do to manage overthinking right now,solution_request
What can I do to manage overthinking today,solution_request
What can I do to manage overthinking at home,solution_request
What can I do to manage overthinking without feeling overwhelmed,solution_request
What can I do to manage overthinking when I am alone,solution_request
What can I do to manage overthinking when I am alone right now,solution_request
What can I do to manage overthinking when I am alone today,solution_request
What can I do to manage overthinking when I am alone at home,solution_request
What can I do to manage overthinking when I am alone without feeling overwhelmed,solution_request
What can I do to manage overthinking without making it worse,solution_request
What can I do to manage overthinking without making it worse right now,solution_request
What can I do to manage overthinking without making it worse today,solution_request
What can I do to manage overthinking without making it worse at home,solution_request
What can I do to manage overthinking without making it worse without feeling overwhelmed,solution_request
What can I do to manage overthinking when it starts suddenly,solution_request
What can I do to manage overthinking when it starts suddenly right now,solution_request
What can I do to manage overthinking when it starts suddenly today,solution_request
What can I do to manage overthinking when it starts suddenly at home,solution_request
What can I do to manage overthinking when it starts suddenly without feeling overwhelmed,solution_request
What can I do to manage overthinking before it affects my work,solution_request
What can I do to manage overthinking before it affects my work right now,solution_request
What can I do to manage overthinking before it affects my work today,solution_request
What can I do to manage overthinking before it affects my work at home,solution_request
What can I do to manage overthinking before it affects my work without feeling overwhelmed,solution_request
What can I do to manage overthinking using simple steps,solution_request
What can I do to manage overthinking using simple steps right now,solution_request
What can I do to manage overthinking using simple steps today,solution_request
What can I do to manage overthinking using simple steps at home,solution_request
What can I do to manage overthinking using simple steps without feeling overwhelmed,solution_request
What can I do to feel less lonely,solution_request
What can I do to feel less lonely right now,solution_request
What can I do to feel less lonely today,solution_request
What can I do to feel less lonely at home,solution_request
What can I do to feel less lonely without feeling overwhelmed,solution_request
What can I do to feel less lonely when I am alone,solution_request
What can I do to feel less lonely when I am alone right now,solution_request
What can I do to feel less lonely when I am alone today,solution_request
What can I do to feel less lonely when I am alone at home,solution_request
What can I do to feel less lonely when I am alone without feeling overwhelmed,solution_request
What can I do to feel less lonely without making it worse,solution_request
What can I do to feel less lonely without making it worse right now,solution_request
What can I do to feel less lonely without making it worse today,solution_request
What can I do to feel less lonely without making it worse at home,solution_request
What can I do to feel less lonely without making it worse without feeling overwhelmed,solution_request
What can I do to feel less lonely when it starts suddenly,solution_request
What can I do to feel less lonely when it starts suddenly right now,solution_request
What can I do to feel less lonely when it starts suddenly today,solution_request
What can I do to feel less lonely when it starts suddenly at home,solution_request
What can I do to feel less lonely when it starts suddenly without feeling overwhelmed,solution_request
What can I do to feel less lonely before it affects my work,solution_request
What can I do to feel less lonely before it affects my work right now,solution_request
What can I do to feel less lonely before it affects my work today,solution_request
What can I do to feel less lonely before it affects my work at home,solution_request
What can I do to feel less lonely before it affects my work without feeling overwhelmed,solution_request
What can I do to feel less lonely using simple steps,solution_request
What can I do to feel less lonely using simple steps right now,solution_request
What can I do to feel less lonely using simple steps today,solution_request
What can I do to feel less lonely using simple steps at home,solution_request
What can I do to feel less lonely using simple steps without feeling overwhelmed,solution_request
What can I do to handle a fever at home,solution_request
What can I do to handle a fever at home right now,solution_request
What can I do to handle a fever at home today,solution_request
What can I do to handle a fever at home at home,solution_request
What can I do to handle a fever at home without feeling overwhelmed,solution_request
What can I do to handle a fever at home when I am alone,solution_request
What can I do to handle a fever at home when I am alone right now,solution_request
What can I do to handle a fever at home when I am alone today,solution_request
What can I do to handle a fever at home when I am alone at home,solution_request
What can I do to handle a fever at home when I am alone without feeling overwhelmed,solution_request
What can I do to handle a fever at home without making it worse,solution_request
What can I do to handle a fever at home without making it worse right now,solution_request
What can I do to handle a fever at home without making it worse today,solution_request
What can I do to handle a fever at home without making it worse at home,solution_request
What can I do to handle a fever at home without making it worse without feeling overwhelmed,solution_request
What can I do to handle a fever at home when it starts suddenly,solution_request
What can I do to handle a fever at home when it starts suddenly right now,solution_request
What can I do to handle a fever at home when it starts suddenly today,solution_request
What can I do to handle a fever at home when it starts suddenly at home,solution_request
What can I do to handle a fever at home when it starts suddenly without feeling overwhelmed,solution_request
What can I do to handle a fever at home before it affects my work,solution_request
What can I do to handle a fever at home before it affects my work right now,solution_request
What can I do to handle a fever at home before it affects my work today,solution_request
What can I do to handle a fever at home before it affects my work at home,solution_request
What can I do to handle a fever at home before it affects my work without feeling overwhelmed,solution_request
What can I do to handle a fever at home using simple steps,solution_request
What can I do to handle a fever at home using simple steps right now,solution_request
What can I do to handle a fever at home using simple steps today,solution_request
What can I do to handle a fever at home using simple steps at home,solution_request
What can I do to handle a fever at home using simple steps without feeling overwhelmed,solution_request
What can I do to recover from a cold faster,solution_request
What can I do to recover from a cold faster right now,solution_request
What can I do to recover from a cold faster today,solution_request
What can I do to recover from a cold faster at home,solution_request
What can I do to recover from a cold faster without feeling overwhelmed,solution_request
What can I do to recover from a cold faster when I am alone,solution_request
What can I do to recover from a cold faster when I am alone right now,solution_request
What can I do to recover from a cold faster when I am alone today,solution_request
What can I do to recover from a cold faster when I am alone at home,solution_request
What can I do to recover from a cold faster when I am alone without feeling overwhelmed,solution_request
What can I do to recover from a cold faster without making it worse,solution_request
What can I do to recover from a cold faster without making it worse right now,solution_request
What can I do to recover from a cold faster without making it worse today,solution_request
What can I do to recover from a cold faster without making it worse at home,solution_request
What can I do to recover from a cold faster without making it worse without feeling overwhelmed,solution_request
What can I do to recover from a cold faster when it starts suddenly,solution_request
What can I do to recover from a cold faster when it starts suddenly right now,solution_request
What can I do to recover from a cold faster when it starts suddenly today,solution_request
What can I do to recover from a cold faster when it starts suddenly at home,solution_request
What can I do to recover from a cold faster when it starts suddenly without feeling overwhelmed,solution_request
What can I do to recover from a cold faster before it affects my work,solution_request
What can I do to recover from a cold faster before it affects my work right now,solution_request
What can I do to recover from a cold faster before it affects my work today,solution_request
What can I do to recover from a cold faster before it affects my work at home,solution_request
What can I do to recover from a cold faster before it affects my work without feeling overwhelmed,solution_request
What can I do to recover from a cold faster using simple steps,solution_request
What can I do to recover from a cold faster using simple steps right now,solution_request
What can I do to recover from a cold faster using simple steps today,solution_request
What can I do to recover from a cold faster using simple steps at home,solution_request
What can I do to recover from a cold faster using simple steps without feeling overwhelmed,solution_request
What can I do to reduce nausea and stomach pain,solution_request
What can I do to reduce nausea and stomach pain right now,solution_request
What can I do to reduce nausea and stomach pain today,solution_request
What can I do to reduce nausea and stomach pain at home,solution_request
What can I do to reduce nausea and stomach pain without feeling overwhelmed,solution_request
What can I do to reduce nausea and stomach pain when I am alone,solution_request
What can I do to reduce nausea and stomach pain when I am alone right now,solution_request
What can I do to reduce nausea and stomach pain when I am alone today,solution_request
What can I do to reduce nausea and stomach pain when I am alone at home,solution_request
What can I do to reduce nausea and stomach pain when I am alone without feeling overwhelmed,solution_request
What can I do to reduce nausea and stomach pain without making it worse,solution_request
What can I do to reduce nausea and stomach pain without making it worse right now,solution_request
What can I do to reduce nausea and stomach pain without making it worse today,solution_request
What can I do to reduce nausea and stomach pain without making it worse at home,solution_request
What can I do to reduce nausea and stomach pain without making it worse without feeling overwhelmed,solution_request
What can I do to reduce nausea and stomach pain when it starts suddenly,solution_request
What can I do to reduce nausea and stomach pain when it starts suddenly right now,solution_request
What can I do to reduce nausea and stomach pain when it starts suddenly today,solution_request
What can I do to reduce nausea and stomach pain when it starts suddenly at home,solution_request
What can I do to reduce nausea and stomach pain when it starts suddenly without feeling overwhelmed,solution_request
What can I do to reduce nausea and stomach pain before it affects my work,solution_request
What can I do to reduce nausea and stomach pain before it affects my work right now,solution_request
What can I do to reduce nausea and stomach pain before it affects my work today,solution_request
What can I do to reduce nausea and stomach pain before it affects my work at home,solution_request
What can I do to reduce nausea and stomach pain before it affects my work without feeling overwhelmed,solution_request
What can I do to reduce nausea and stomach pain using simple steps,solution_request
What can I do to reduce nausea and stomach pain using simple steps right now,solution_request
What can I do to reduce nausea and stomach pain using simple steps today,solution_request
What can I do to reduce nausea and stomach pain using simple steps at home,solution_request
What can I do to reduce nausea and stomach pain using simple steps without feeling overwhelmed,solution_request
What can I do to cope with burnout,solution_request
What can I do to cope with burnout right now,solution_request
What can I do to cope with burnout today,solution_request
What can I do to cope with burnout at home,solution_request
What can I do to cope with burnout without feeling overwhelmed,solution_request
What can I do to cope with burnout when I am alone,solution_request
What can I do to cope with burnout when I am alone right now,solution_request
What can I do to cope with burnout when I am alone today,solution_request
What can I do to cope with burnout when I am alone at home,solution_request
What can I do to cope with burnout when I am alone without feeling overwhelmed,solution_request
What can I do to cope with burnout without making it worse,solution_request
What can I do to cope with burnout without making it worse right now,solution_request
What can I do to cope with burnout without making it worse today,solution_request
What can I do to cope with burnout without making it worse at home,solution_request
What can I do to cope with burnout without making it worse without feeling overwhelmed,solution_request
What can I do to cope with burnout when it starts suddenly,solution_request
What can I do to cope with burnout when it starts suddenly right now,solution_request
What can I do to cope with burnout when it starts suddenly today,solution_request
What can I do to cope with burnout when it starts suddenly at home,solution_request
What can I do to cope with burnout when it starts suddenly without feeling overwhelmed,solution_request
What can I do to cope with burnout before it affects my work,solution_request
What can I do to cope with burnout before it affects my work right now,solution_request
What can I do to cope with burnout before it affects my work today,solution_request
What can I do to cope with burnout before it affects my work at home,solution_request
What can I do to cope with burnout before it affects my work without feeling overwhelmed,solution_request
What can I do to cope with burnout using simple steps,solution_request
What can I do to cope with burnout using simple steps right now,solution_request
What can I do to cope with burnout using simple steps today,solution_request
What can I do to cope with burnout using simple steps at home,solution_request
What can I do to cope with burnout using simple steps without feeling overwhelmed,solution_request
What can I do to stop a panic episode,solution_request
What can I do to stop a panic episode right now,solution_request
What can I do to stop a panic episode today,solution_request
What can I do to stop a panic episode at home,solution_request
What can I do to stop a panic episode without feeling overwhelmed,solution_request
What can I do to stop a panic episode when I am alone,solution_request
What can I do to stop a panic episode when I am alone right now,solution_request
What can I do to stop a panic episode when I am alone today,solution_request
What can I do to stop a panic episode when I am alone at home,solution_request
What can I do to stop a panic episode when I am alone without feeling overwhelmed,solution_request
What can I do to stop a panic episode without making it worse,solution_request
What can I do to stop a panic episode without making it worse right now,solution_request
What can I do to stop a panic episode without making it worse today,solution_request
What can I do to stop a panic episode without making it worse at home,solution_request
What can I do to stop a panic episode without making it worse without feeling overwhelmed,solution_request
What can I do to stop a panic episode when it starts suddenly,solution_request
What can I do to stop a panic episode when it starts suddenly right now,solution_request
What can I do to stop a panic episode when it starts suddenly today,solution_request
What can I do to stop a panic episode when it starts suddenly at home,solution_request
What can I do to stop a panic episode when it starts suddenly without feeling overwhelmed,solution_request
What can I do to stop a panic episode before it affects my work,solution_request
What can I do to stop a panic episode before it affects my work right now,solution_request
What can I do to stop a panic episode before it affects my work today,solution_request
What can I do to stop a panic episode before it affects my work at home,solution_request
What can I do to stop a panic episode before it affects my work without feeling overwhelmed,solution_request
What can I do to stop a panic episode using simple steps,solution_request
What can I do to stop a panic episode using simple steps right now,solution_request
What can I do to stop a panic episode using simple steps today,solution_request
What can I do to stop a panic episode using simple steps at home,solution_request
What can I do to stop a panic episode using simple steps without feeling overwhelmed,solution_request
Tell me how to calm down during anxiety,solution_request
Tell me how to calm down during anxiety right now,solution_request
Tell me how to calm down during anxiety today,solution_request
Tell me how to calm down during anxiety at home,solution_request
Tell me how to calm down during anxiety without feeling overwhelmed,solution_request
Tell me how to calm down during anxiety when I am alone,solution_request
Tell me how to calm down during anxiety when I am alone right now,solution_request
Tell me how to calm down during anxiety when I am alone today,solution_request
Tell me how to calm down during anxiety when I am alone at home,solution_request
Tell me how to calm down during anxiety when I am alone without feeling overwhelmed,solution_request
Tell me how to calm down during anxiety without making it worse,solution_request
Tell me how to calm down during anxiety without making it worse right now,solution_request
Tell me how to calm down during anxiety without making it worse today,solution_request
Tell me how to calm down during anxiety without making it worse at home,solution_request
Tell me how to calm down during anxiety without making it worse without feeling overwhelmed,solution_request
Tell me how to calm down during anxiety when it starts suddenly,solution_request
Tell me how to calm down during anxiety when it starts suddenly right now,solution_request
Tell me how to calm down during anxiety when it starts suddenly today,solution_request
Tell me how to calm down during anxiety when it starts suddenly at home,solution_request
Tell me how to calm down during anxiety when it starts suddenly without feeling overwhelmed,solution_request
Tell me how to calm down during anxiety before it affects my work,solution_request
Tell me how to calm down during anxiety before it affects my work right now,solution_request
Tell me how to calm down during anxiety before it affects my work today,solution_request
Tell me how to calm down during anxiety before it affects my work at home,solution_request
Tell me how to calm down during anxiety before it affects my work without feeling overwhelmed,solution_request
Tell me how to calm down during anxiety using simple steps,solution_request
Tell me how to calm down during anxiety using simple steps right now,solution_request
Tell me how to calm down during anxiety using simple steps today,solution_request
Tell me how to calm down during anxiety using simple steps at home,solution_request
Tell me how to calm down during anxiety using simple steps without feeling overwhelmed,solution_request
Tell me how to sleep better at night,solution_request
Tell me how to sleep better at night right now,solution_request
Tell me how to sleep better at night today,solution_request
Tell me how to sleep better at night at home,solution_request
Tell me how to sleep better at night without feeling overwhelmed,solution_request
Tell me how to sleep better at night when I am alone,solution_request
Tell me how to sleep better at night when I am alone right now,solution_request
Tell me how to sleep better at night when I am alone today,solution_request
Tell me how to sleep better at night when I am alone at home,solution_request
Tell me how to sleep better at night when I am alone without feeling overwhelmed,solution_request
Tell me how to sleep better at night without making it worse,solution_request
Tell me how to sleep better at night without making it worse right now,solution_request
Tell me how to sleep better at night without making it worse today,solution_request
Tell me how to sleep better at night without making it worse at home,solution_request
Tell me how to sleep better at night without making it worse without feeling overwhelmed,solution_request
Tell me how to sleep better at night when it starts suddenly,solution_request
Tell me how to sleep better at night when it starts suddenly right now,solution_request
Tell me how to sleep better at night when it starts suddenly today,solution_request
Tell me how to sleep better at night when it starts suddenly at home,solution_request
Tell me how to sleep better at night when it starts suddenly without feeling overwhelmed,solution_request
Tell me how to sleep better at night before it affects my work,solution_request
Tell me how to sleep better at night before it affects my work right now,solution_request
Tell me how to sleep better at night before it affects my work today,solution_request
Tell me how to sleep better at night before it affects my work at home,solution_request
Tell me how to sleep better at night before it affects my work without feeling overwhelmed,solution_request
Tell me how to sleep better at night using simple steps,solution_request
Tell me how to sleep better at night using simple steps right now,solution_request
Tell me how to sleep better at night using simple steps today,solution_request
Tell me how to sleep better at night using simple steps at home,solution_request
Tell me how to sleep better at night using simple steps without feeling overwhelmed,solution_request
Tell me how to deal with constant stress,solution_request
Tell me how to deal with constant stress right now,solution_request
Tell me how to deal with constant stress today,solution_request
Tell me how to deal with constant stress at home,solution_request
Tell me how to deal with constant stress without feeling overwhelmed,solution_request
Tell me how to deal with constant stress when I am alone,solution_request
Tell me how to deal with constant stress when I am alone right now,solution_request
Tell me how to deal with constant stress when I am alone today,solution_request
Tell me how to deal with constant stress when I am alone at home,solution_request
Tell me how to deal with constant stress when I am alone without feeling overwhelmed,solution_request
Tell me how to deal with constant stress without making it worse,solution_request
Tell me how to deal with constant stress without making it worse right now,solution_request
Tell me how to deal with constant stress without making it worse today,solution_request
Tell me how to deal with constant stress without making it worse at home,solution_request
Tell me how to deal with constant stress without making it worse without feeling overwhelmed,solution_request
Tell me how to deal with constant stress when it starts suddenly,solution_request
Tell me how to deal with constant stress when it starts suddenly right now,solution_request
Tell me how to deal with constant stress when it starts suddenly today,solution_request
Tell me how to deal with constant stress when it starts suddenly at home,solution_request
Tell me how to deal with constant stress when it starts suddenly without feeling overwhelmed,solution_request
Tell me how to deal with constant stress before it affects my work,solution_request
Tell me how to deal with constant stress before it affects my work right now,solution_request
Tell me how to deal with constant stress before it affects my work today,solution_request
Tell me how to deal with constant stress before it affects my work at home,solution_request
Tell me how to deal with constant stress before it affects my work without feeling overwhelmed,solution_request
Tell me how to deal with constant stress using simple steps,solution_request
Tell me how to deal with constant stress using simple steps right now,solution_request
Tell me how to deal with constant stress using simple steps today,solution_request
Tell me how to deal with constant stress using simple steps at home,solution_request
Tell me how to deal with constant stress using simple steps without feeling overwhelmed,solution_request
Tell me how to manage overthinking,solution_request
Tell me how to manage overthinking right now,solution_request
Tell me how to manage overthinking today,solution_request
Tell me how to manage overthinking at home,solution_request
Tell me how to manage overthinking without feeling overwhelmed,solution_request
Tell me how to manage overthinking when I am alone,solution_request
Tell me how to manage overthinking when I am alone right now,solution_request
Tell me how to manage overthinking when I am alone today,solution_request
Tell me how to manage overthinking when I am alone at home,solution_request
Tell me how to manage overthinking when I am alone without feeling overwhelmed,solution_request
Tell me how to manage overthinking without making it worse,solution_request
Tell me how to manage overthinking without making it worse right now,solution_request
Tell me how to manage overthinking without making it worse today,solution_request
Tell me how to manage overthinking without making it worse at home,solution_request
Tell me how to manage overthinking without making it worse without feeling overwhelmed,solution_request
Tell me how to manage overthinking when it starts suddenly,solution_request
Tell me how to manage overthinking when it starts suddenly right now,solution_request
Tell me how to manage overthinking when it starts suddenly today,solution_request
Tell me how to manage overthinking when it starts suddenly at home,solution_request
Tell me how to manage overthinking when it starts suddenly without feeling overwhelmed,solution_request
Tell me how to manage overthinking before it affects my work,solution_request
Tell me how to manage overthinking before it affects my work right now,solution_request
Tell me how to manage overthinking before it affects my work today,solution_request
Tell me how to manage overthinking before it affects my work at home,solution_request
Tell me how to manage overthinking before it affects my work without feeling overwhelmed,solution_request
Tell me how to manage overthinking using simple steps,solution_request
Tell me how to manage overthinking using simple steps right now,solution_request
Tell me how to manage overthinking using simple steps today,solution_request
Tell me how to manage overthinking using simple steps at home,solution_request
Tell me how to manage overthinking using simple steps without feeling overwhelmed,solution_request
Tell me how to feel less lonely,solution_request
Tell me how to feel less lonely right now,solution_request
Tell me how to feel less lonely today,solution_request
Tell me how to feel less lonely at home,solution_request
Tell me how to feel less lonely without feeling overwhelmed,solution_request
Tell me how to feel less lonely when I am alone,solution_request
Tell me how to feel less lonely when I am alone right now,solution_request
Tell me how to feel less lonely when I am alone today,solution_request
Tell me how to feel less lonely when I am alone at home,solution_request
Tell me how to feel less lonely when I am alone without feeling overwhelmed,solution_request
Tell me how to feel less lonely without making it worse,solution_request
Tell me how to feel less lonely without making it worse right now,solution_request
Tell me how to feel less lonely without making it worse today,solution_request
Tell me how to feel less lonely without making it worse at home,solution_request
Tell me how to feel less lonely without making it worse without feeling overwhelmed,solution_request
Tell me how to feel less lonely when it starts suddenly,solution_request
Tell me how to feel less lonely when it starts suddenly right now,solution_request
Tell me how to feel less lonely when it starts suddenly today,solution_request
Tell me how to feel less lonely when it starts suddenly at home,solution_request
Tell me how to feel less lonely when it starts suddenly without feeling overwhelmed,solution_request
Tell me how to feel less lonely before it affects my work,solution_request
Tell me how to feel less lonely before it affects my work right now,solution_request
Tell me how to feel less lonely before it affects my work today,solution_request
Tell me how to feel less lonely before it affects my work at home,solution_request
Tell me how to feel less lonely before it affects my work without feeling overwhelmed,solution_request
Tell me how to feel less lonely using simple steps,solution_request
Tell me how to feel less lonely using simple steps right now,solution_request
Tell me how to feel less lonely using simple steps today,solution_request
Tell me how to feel less lonely using simple steps at home,solution_request
Tell me how to feel less lonely using simple steps without feeling overwhelmed,solution_request
Tell me how to handle a fever at home,solution_request
Tell me how to handle a fever at home right now,solution_request
Tell me how to handle a fever at home today,solution_request
Tell me how to handle a fever at home at home,solution_request
Tell me how to handle a fever at home without feeling overwhelmed,solution_request
Tell me how to handle a fever at home when I am alone,solution_request
Tell me how to handle a fever at home when I am alone right now,solution_request
Tell me how to handle a fever at home when I am alone today,solution_request
Tell me how to handle a fever at home when I am alone at home,solution_request
Tell me how to handle a fever at home when I am alone without feeling overwhelmed,solution_request
Tell me how to handle a fever at home without making it worse,solution_request
Tell me how to handle a fever at home without making it worse right now,solution_request
Tell me how to handle a fever at home without making it worse today,solution_request
Tell me how to handle a fever at home without making it worse at home,solution_request
Tell me how to handle a fever at home without making it worse without feeling overwhelmed,solution_request
Tell me how to handle a fever at home when it starts suddenly,solution_request
Tell me how to handle a fever at home when it starts suddenly right now,solution_request
Tell me how to handle a fever at home when it starts suddenly today,solution_request
Tell me how to handle a fever at home when it starts suddenly at home,solution_request
Tell me how to handle a fever at home when it starts suddenly without feeling overwhelmed,solution_request
Tell me how to handle a fever at home before it affects my work,solution_request
Tell me how to handle a fever at home before it affects my work right now,solution_request
Tell me how to handle a fever at home before it affects my work today,solution_request
Tell me how to handle a fever at home before it affects my work at home,solution_request
Tell me how to handle a fever at home before it affects my work without feeling overwhelmed,solution_request
Tell me how to handle a fever at home using simple steps,solution_request
Tell me how to handle a fever at home using simple steps right now,solution_request
Tell me how to handle a fever at home using simple steps today,solution_request
Tell me how to handle a fever at home using simple steps at home,solution_request
Tell me how to handle a fever at home using simple steps without feeling overwhelmed,solution_request
Tell me how to recover from a cold faster,solution_request
Tell me how to recover from a cold faster right now,solution_request
Tell me how to recover from a cold faster today,solution_request
Tell me how to recover from a cold faster at home,solution_request
Tell me how to recover from a cold faster without feeling overwhelmed,solution_request
Tell me how to recover from a cold faster when I am alone,solution_request
Tell me how to recover from a cold faster when I am alone right now,solution_request
Tell me how to recover from a cold faster when I am alone today,solution_request
Tell me how to recover from a cold faster when I am alone at home,solution_request
Tell me how to recover from a cold faster when I am alone without feeling overwhelmed,solution_request
Tell me how to recover from a cold faster without making it worse,solution_request
Tell me how to recover from a cold faster without making it worse right now,solution_request
Tell me how to recover from a cold faster without making it worse today,solution_request
Tell me how to recover from a cold faster without making it worse at home,solution_request
Tell me how to recover from a cold faster without making it worse without feeling overwhelmed,solution_request
Tell me how to recover from a cold faster when it starts suddenly,solution_request
Tell me how to recover from a cold faster when it starts suddenly right now,solution_request
Tell me how to recover from a cold faster when it starts suddenly today,solution_request
Tell me how to recover from a cold faster when it starts suddenly at home,solution_request
Tell me how to recover from a cold faster when it starts suddenly without feeling overwhelmed,solution_request
Tell me how to recover from a cold faster before it affects my work,solution_request
Tell me how to recover from a cold faster before it affects my work right now,solution_request
Tell me how to recover from a cold faster before it affects my work today,solution_request
Tell me how to recover from a cold faster before it affects my work at home,solution_request
Tell me how to recover from a cold faster before it affects my work without feeling overwhelmed,solution_request
Tell me how to recover from a cold faster using simple steps,solution_request
Tell me how to recover from a cold faster using simple steps right now,solution_request
Tell me how to recover from a cold faster using simple steps today,solution_request
Tell me how to recover from a cold faster using simple steps at home,solution_request
Tell me how to recover from a cold faster using simple steps without feeling overwhelmed,solution_request
Tell me how to reduce nausea and stomach pain,solution_request
Tell me how to reduce nausea and stomach pain right now,solution_request
Tell me how to reduce nausea and stomach pain today,solution_request
Tell me how to reduce nausea and stomach pain at home,solution_request
Tell me how to reduce nausea and stomach pain without feeling overwhelmed,solution_request
Tell me how to reduce nausea and stomach pain when I am alone,solution_request
Tell me how to reduce nausea and stomach pain when I am alone right now,solution_request
Tell me how to reduce nausea and stomach pain when I am alone today,solution_request
Tell me how to reduce nausea and stomach pain when I am alone at home,solution_request
Tell me how to reduce nausea and stomach pain when I am alone without feeling overwhelmed,solution_request
Tell me how to reduce nausea and stomach pain without making it worse,solution_request
Tell me how to reduce nausea and stomach pain without making it worse right now,solution_request
Tell me how to reduce nausea and stomach pain without making it worse today,solution_request
Tell me how to reduce nausea and stomach pain without making it worse at home,solution_request
Tell me how to reduce nausea and stomach pain without making it worse without feeling overwhelmed,solution_request
Tell me how to reduce nausea and stomach pain when it starts suddenly,solution_request
Tell me how to reduce nausea and stomach pain when it starts suddenly right now,solution_request
Tell me how to reduce nausea and stomach pain when it starts suddenly today,solution_request
Tell me how to reduce nausea and stomach pain when it starts suddenly at home,solution_request
Tell me how to reduce nausea and stomach pain when it starts suddenly without feeling overwhelmed,solution_request
Tell me how to reduce nausea and stomach pain before it affects my work,solution_request
Tell me how to reduce nausea and stomach pain before it affects my work right now,solution_request
Tell me how to reduce nausea and stomach pain before it affects my work today,solution_request
Tell me how to reduce nausea and stomach pain before it affects my work at home,solution_request
Tell me how to reduce nausea and stomach pain before it affects my work without feeling overwhelmed,solution_request
Tell me how to reduce nausea and stomach pain using simple steps,solution_request
Tell me how to reduce nausea and stomach pain using simple steps right now,solution_request
Tell me how to reduce nausea and stomach pain using simple steps today,solution_request
Tell me how to reduce nausea and stomach pain using simple steps at home,solution_request
Tell me how to reduce nausea and stomach pain using simple steps without feeling overwhelmed,solution_request
Tell me how to cope with burnout,solution_request
Tell me how to cope with burnout right now,solution_request
Tell me how to cope with burnout today,solution_request
Tell me how to cope with burnout at home,solution_request
Tell me how to cope with burnout without feeling overwhelmed,solution_request
Tell me how to cope with burnout when I am alone,solution_request
Tell me how to cope with burnout when I am alone right now,solution_request
Tell me how to cope with burnout when I am alone today,solution_request
Tell me how to cope with burnout when I am alone at home,solution_request
Tell me how to cope with burnout when I am alone without feeling overwhelmed,solution_request
Tell me how to cope with burnout without making it worse,solution_request
Tell me how to cope with burnout without making it worse right now,solution_request
Tell me how to cope with burnout without making it worse today,solution_request
Tell me how to cope with burnout without making it worse at home,solution_request
Tell me how to cope with burnout without making it worse without feeling overwhelmed,solution_request
Tell me how to cope with burnout when it starts suddenly,solution_request
Tell me how to cope with burnout when it starts suddenly right now,solution_request
Tell me how to cope with burnout when it starts suddenly today,solution_request
Tell me how to cope with burnout when it starts suddenly at home,solution_request
Tell me how to cope with burnout when it starts suddenly without feeling overwhelmed,solution_request
Tell me how to cope with burnout before it affects my work,solution_request
Tell me how to cope with burnout before it affects my work right now,solution_request
Tell me how to cope with burnout before it affects my work today,solution_request
Tell me how to cope with burnout before it affects my work at home,solution_request
Tell me how to cope with burnout before it affects my work without feeling overwhelmed,solution_request
Tell me how to cope with burnout using simple steps,solution_request
Tell me how to cope with burnout using simple steps right now,solution_request
Tell me how to cope with burnout using simple steps today,solution_request
Tell me how to cope with burnout using simple steps at home,solution_request
Tell me how to cope with burnout using simple steps without feeling overwhelmed,solution_request
Tell me how to stop a panic episode,solution_request
Tell me how to stop a panic episode right now,solution_request
Tell me how to stop a panic episode today,solution_request
Tell me how to stop a panic episode at home,solution_request
Tell me how to stop a panic episode without feeling overwhelmed,solution_request
Tell me how to stop a panic episode when I am alone,solution_request
Tell me how to stop a panic episode when I am alone right now,solution_request
Tell me how to stop a panic episode when I am alone today,solution_request
Tell me how to stop a panic episode when I am alone at home,solution_request
Tell me how to stop a panic episode when I am alone without feeling overwhelmed,solution_request
Tell me how to stop a panic episode without making it worse,solution_request
Tell me how to stop a panic episode without making it worse right now,solution_request
Tell me how to stop a panic episode without making it worse today,solution_request
Tell me how to stop a panic episode without making it worse at home,solution_request
Tell me how to stop a panic episode without making it worse without feeling overwhelmed,solution_request
Tell me how to stop a panic episode when it starts suddenly,solution_request
Tell me how to stop a panic episode when it starts suddenly right now,solution_request
Tell me how to stop a panic episode when it starts suddenly today,solution_request
Tell me how to stop a panic episode when it starts suddenly at home,solution_request
Tell me how to stop a panic episode when it starts suddenly without feeling overwhelmed,solution_request
Tell me how to stop a panic episode before it affects my work,solution_request
Tell me how to stop a panic episode before it affects my work right now,solution_request
Tell me how to stop a panic episode before it affects my work today,solution_request
Tell me how to stop a panic episode before it affects my work at home,solution_request
Tell me how to stop a panic episode before it affects my work without feeling overwhelmed,solution_request
Tell me how to stop a panic episode using simple steps,solution_request
Tell me how to stop a panic episode using simple steps right now,solution_request
Tell me how to stop a panic episode using simple steps today,solution_request
Tell me how to stop a panic episode using simple steps at home,solution_request
Tell me how to stop a panic episode using simple steps without feeling overwhelmed,solution_request
Please suggest how to calm down during anxiety,solution_request
Please suggest how to calm down during anxiety right now,solution_request
Please suggest how to calm down during anxiety today,solution_request
Please suggest how to calm down during anxiety at home,solution_request
Please suggest how to calm down during anxiety without feeling overwhelmed,solution_request
Please suggest how to calm down during anxiety when I am alone,solution_request
Please suggest how to calm down during anxiety when I am alone right now,solution_request
Please suggest how to calm down during anxiety when I am alone today,solution_request
Please suggest how to calm down during anxiety when I am alone at home,solution_request
Please suggest how to calm down during anxiety when I am alone without feeling overwhelmed,solution_request
Please suggest how to calm down during anxiety without making it worse,solution_request
Please suggest how to calm down during anxiety without making it worse right now,solution_request
Please suggest how to calm down during anxiety without making it worse today,solution_request
Please suggest how to calm down during anxiety without making it worse at home,solution_request
Please suggest how to calm down during anxiety without making it worse without feeling overwhelmed,solution_request
Please suggest how to calm down during anxiety when it starts suddenly,solution_request
Please suggest how to calm down during anxiety when it starts suddenly right now,solution_request
Please suggest how to calm down during anxiety when it starts suddenly today,solution_request
Please suggest how to calm down during anxiety when it starts suddenly at home,solution_request
Please suggest how to calm down during anxiety when it starts suddenly without feeling overwhelmed,solution_request
Please suggest how to calm down during anxiety before it affects my work,solution_request
Please suggest how to calm down during anxiety before it affects my work right now,solution_request
Please suggest how to calm down during anxiety before it affects my work today,solution_request
Please suggest how to calm down during anxiety before it affects my work at home,solution_request
Please suggest how to calm down during anxiety before it affects my work without feeling overwhelmed,solution_request
Please suggest how to calm down during anxiety using simple steps,solution_request
Please suggest how to calm down during anxiety using simple steps right now,solution_request
Please suggest how to calm down during anxiety using simple steps today,solution_request
Please suggest how to calm down during anxiety using simple steps at home,solution_request
Please suggest how to calm down during anxiety using simple steps without feeling overwhelmed,solution_request
Please suggest how to sleep better at night,solution_request
Please suggest how to sleep better at night right now,solution_request
Please suggest how to sleep better at night today,solution_request
Please suggest how to sleep better at night at home,solution_request
Please suggest how to sleep better at night without feeling overwhelmed,solution_request
Please suggest how to sleep better at night when I am alone,solution_request
Please suggest how to sleep better at night when I am alone right now,solution_request
Please suggest how to sleep better at night when I am alone today,solution_request
Please suggest how to sleep better at night when I am alone at home,solution_request
Please suggest how to sleep better at night when I am alone without feeling overwhelmed,solution_request
Please suggest how to sleep better at night without making it worse,solution_request
Please suggest how to sleep better at night without making it worse right now,solution_request
Please suggest how to sleep better at night without making it worse today,solution_request
Please suggest how to sleep better at night without making it worse at home,solution_request
Please suggest how to sleep better at night without making it worse without feeling overwhelmed,solution_request
Please suggest how to sleep better at night when it starts suddenly,solution_request
Please suggest how to sleep better at night when it starts suddenly right now,solution_request
Please suggest how to sleep better at night when it starts suddenly today,solution_request
Please suggest how to sleep better at night when it starts suddenly at home,solution_request
Please suggest how to sleep better at night when it starts suddenly without feeling overwhelmed,solution_request
Please suggest how to sleep better at night before it affects my work,solution_request
Please suggest how to sleep better at night before it affects my work right now,solution_request
Please suggest how to sleep better at night before it affects my work today,solution_request
Please suggest how to sleep better at night before it affects my work at home,solution_request
Please suggest how to sleep better at night before it affects my work without feeling overwhelmed,solution_request
Please suggest how to sleep better at night using simple steps,solution_request
Please suggest how to sleep better at night using simple steps right now,solution_request
Please suggest how to sleep better at night using simple steps today,solution_request
Please suggest how to sleep better at night using simple steps at home,solution_request
Please suggest how to sleep better at night using simple steps without feeling overwhelmed,solution_request
Please suggest how to deal with constant stress,solution_request
Please suggest how to deal with constant stress right now,solution_request
Please suggest how to deal with constant stress today,solution_request
Please suggest how to deal with constant stress at home,solution_request
Please suggest how to deal with constant stress without feeling overwhelmed,solution_request
Please suggest how to deal with constant stress when I am alone,solution_request
Please suggest how to deal with constant stress when I am alone right now,solution_request
Please suggest how to deal with constant stress when I am alone today,solution_request
Please suggest how to deal with constant stress when I am alone at home,solution_request
Please suggest how to deal with constant stress when I am alone without feeling overwhelmed,solution_request
Please suggest how to deal with constant stress without making it worse,solution_request
Please suggest how to deal with constant stress without making it worse right now,solution_request
Please suggest how to deal with constant stress without making it worse today,solution_request
Please suggest how to deal with constant stress without making it worse at home,solution_request
Please suggest how to deal with constant stress without making it worse without feeling overwhelmed,solution_request
Please suggest how to deal with constant stress when it starts suddenly,solution_request
Please suggest how to deal with constant stress when it starts suddenly right now,solution_request
Please suggest how to deal with constant stress when it starts suddenly today,solution_request
Please suggest how to deal with constant stress when it starts suddenly at home,solution_request
Please suggest how to deal with constant stress when it starts suddenly without feeling overwhelmed,solution_request
Please suggest how to deal with constant stress before it affects my work,solution_request
Please suggest how to deal with constant stress before it affects my work right now,solution_request
Please suggest how to deal with constant stress before it affects my work today,solution_request
Please suggest how to deal with constant stress before it affects my work at home,solution_request
Please suggest how to deal with constant stress before it affects my work without feeling overwhelmed,solution_request
Please suggest how to deal with constant stress using simple steps,solution_request
Please suggest how to deal with constant stress using simple steps right now,solution_request
Please suggest how to deal with constant stress using simple steps today,solution_request
Please suggest how to deal with constant stress using simple steps at home,solution_request
Please suggest how to deal with constant stress using simple steps without feeling overwhelmed,solution_request
Please suggest how to manage overthinking,solution_request
Please suggest how to manage overthinking right now,solution_request
Please suggest how to manage overthinking today,solution_request
Please suggest how to manage overthinking at home,solution_request
Please suggest how to manage overthinking without feeling overwhelmed,solution_request
Please suggest how to manage overthinking when I am alone,solution_request
Please suggest how to manage overthinking when I am alone right now,solution_request
Please suggest how to manage overthinking when I am alone today,solution_request
Please suggest how to manage overthinking when I am alone at home,solution_request
Please suggest how to manage overthinking when I am alone without feeling overwhelmed,solution_request
Please suggest how to manage overthinking without making it worse,solution_request
Please suggest how to manage overthinking without making it worse right now,solution_request
Please suggest how to manage overthinking without making it worse today,solution_request
Please suggest how to manage overthinking without making it worse at home,solution_request
Please suggest how to manage overthinking without making it worse without feeling overwhelmed,solution_request
Please suggest how to manage overthinking when it starts suddenly,solution_request
Please suggest how to manage overthinking when it starts suddenly right now,solution_request
Please suggest how to manage overthinking when it starts suddenly today,solution_request
Please suggest how to manage overthinking when it starts suddenly at home,solution_request
Please suggest how to manage overthinking when it starts suddenly without feeling overwhelmed,solution_request
Please suggest how to manage overthinking before it affects my work,solution_request
Please suggest how to manage overthinking before it affects my work right now,solution_request
Please suggest how to manage overthinking before it affects my work today,solution_request
Please suggest how to manage overthinking before it affects my work at home,solution_request
Please suggest how to manage overthinking before it affects my work without feeling overwhelmed,solution_request
Please suggest how to manage overthinking using simple steps,solution_request
Please suggest how to manage overthinking using simple steps right now,solution_request
Please suggest how to manage overthinking using simple steps today,solution_request
Please suggest how to manage overthinking using simple steps at home,solution_request
Please suggest how to manage overthinking using simple steps without feeling overwhelmed,solution_request
Please suggest how to feel less lonely,solution_request
Please suggest how to feel less lonely right now,solution_request
Please suggest how to feel less lonely today,solution_request
Please suggest how to feel less lonely at home,solution_request
Please suggest how to feel less lonely without feeling overwhelmed,solution_request
Please suggest how to feel less lonely when I am alone,solution_request
Please suggest how to feel less lonely when I am alone right now,solution_request
Please suggest how to feel less lonely when I am alone today,solution_request
Please suggest how to feel less lonely when I am alone at home,solution_request
Please suggest how to feel less lonely when I am alone without feeling overwhelmed,solution_request
Please suggest how to feel less lonely without making it worse,solution_request
Please suggest how to feel less lonely without making it worse right now,solution_request
Please suggest how to feel less lonely without making it worse today,solution_request
Please suggest how to feel less lonely without making it worse at home,solution_request
Please suggest how to feel less lonely without making it worse without feeling overwhelmed,solution_request
Please suggest how to feel less lonely when it starts suddenly,solution_request
Please suggest how to feel less lonely when it starts suddenly right now,solution_request
Please suggest how to feel less lonely when it starts suddenly today,solution_request
Please suggest how to feel less lonely when it starts suddenly at home,solution_request
Please suggest how to feel less lonely when it starts suddenly without feeling overwhelmed,solution_request
Please suggest how to feel less lonely before it affects my work,solution_request
Please suggest how to feel less lonely before it affects my work right now,solution_request
Please suggest how to feel less lonely before it affects my work today,solution_request
Please suggest how to feel less lonely before it affects my work at home,solution_request
Please suggest how to feel less lonely before it affects my work without feeling overwhelmed,solution_request
Please suggest how to feel less lonely using simple steps,solution_request
Please suggest how to feel less lonely using simple steps right now,solution_request
Please suggest how to feel less lonely using simple steps today,solution_request
Please suggest how to feel less lonely using simple steps at home,solution_request
Please suggest how to feel less lonely using simple steps without feeling overwhelmed,solution_request
Please suggest how to handle a fever at home,solution_request
Please suggest how to handle a fever at home right now,solution_request
Please suggest how to handle a fever at home today,solution_request
Please suggest how to handle a fever at home at home,solution_request
Please suggest how to handle a fever at home without feeling overwhelmed,solution_request
Please suggest how to handle a fever at home when I am alone,solution_request
Please suggest how to handle a fever at home when I am alone right now,solution_request
Please suggest how to handle a fever at home when I am alone today,solution_request
Please suggest how to handle a fever at home when I am alone at home,solution_request
Please suggest how to handle a fever at home when I am alone without feeling overwhelmed,solution_request
Please suggest how to handle a fever at home without making it worse,solution_request
Please suggest how to handle a fever at home without making it worse right now,solution_request
Please suggest how to handle a fever at home without making it worse today,solution_request
Please suggest how to handle a fever at home without making it worse at home,solution_request
Please suggest how to handle a fever at home without making it worse without feeling overwhelmed,solution_request
Please suggest how to handle a fever at home when it starts suddenly,solution_request
Please suggest how to handle a fever at home when it starts suddenly right now,solution_request
Please suggest how to handle a fever at home when it starts suddenly today,solution_request
Please suggest how to handle a fever at home when it starts suddenly at home,solution_request
Please suggest how to handle a fever at home when it starts suddenly without feeling overwhelmed,solution_request
Please suggest how to handle a fever at home before it affects my work,solution_request
Please suggest how to handle a fever at home before it affects my work right now,solution_request
Please suggest how to handle a fever at home before it affects my work today,solution_request
Please suggest how to handle a fever at home before it affects my work at home,solution_request
Please suggest how to handle a fever at home before it affects my work without feeling overwhelmed,solution_request
Please suggest how to handle a fever at home using simple steps,solution_request
Please suggest how to handle a fever at home using simple steps right now,solution_request
Please suggest how to handle a fever at home using simple steps today,solution_request
Please suggest how to handle a fever at home using simple steps at home,solution_request
Please suggest how to handle a fever at home using simple steps without feeling overwhelmed,solution_request
Please suggest how to recover from a cold faster,solution_request
Please suggest how to recover from a cold faster right now,solution_request
Please suggest how to recover from a cold faster today,solution_request
Please suggest how to recover from a cold faster at home,solution_request
Please suggest how to recover from a cold faster without feeling overwhelmed,solution_request
Please suggest how to recover from a cold faster when I am alone,solution_request
Please suggest how to recover from a cold faster when I am alone right now,solution_request
Please suggest how to recover from a cold faster when I am alone today,solution_request
Please suggest how to recover from a cold faster when I am alone at home,solution_request
Please suggest how to recover from a cold faster when I am alone without feeling overwhelmed,solution_request
Please suggest how to recover from a cold faster without making it worse,solution_request
Please suggest how to recover from a cold faster without making it worse right now,solution_request
Please suggest how to recover from a cold faster without making it worse today,solution_request
Please suggest how to recover from a cold faster without making it worse at home,solution_request
Please suggest how to recover from a cold faster without making it worse without feeling overwhelmed,solution_request
Please suggest how to recover from a cold faster when it starts suddenly,solution_request
Please suggest how to recover from a cold faster when it starts suddenly right now,solution_request
Please suggest how to recover from a cold faster when it starts suddenly today,solution_request
Please suggest how to recover from a cold faster when it starts suddenly at home,solution_request
Please suggest how to recover from a cold faster when it starts suddenly without feeling overwhelmed,solution_request
Please suggest how to recover from a cold faster before it affects my work,solution_request
Please suggest how to recover from a cold faster before it affects my work right now,solution_request
Please suggest how to recover from a cold faster before it affects my work today,solution_request
Please suggest how to recover from a cold faster before it affects my work at home,solution_request
Please suggest how to recover from a cold faster before it affects my work without feeling overwhelmed,solution_request
Please suggest how to recover from a cold faster using simple steps,solution_request
Please suggest how to recover from a cold faster using simple steps right now,solution_request
Please suggest how to recover from a cold faster using simple steps today,solution_request
Please suggest how to recover from a cold faster using simple steps at home,solution_request
Please suggest how to recover from a cold faster using simple steps without feeling overwhelmed,solution_request
Please suggest how to reduce nausea and stomach pain,solution_request
Please suggest how to reduce nausea and stomach pain right now,solution_request
Please suggest how to reduce nausea and stomach pain today,solution_request
Please suggest how to reduce nausea and stomach pain at home,solution_request
Please suggest how to reduce nausea and stomach pain without feeling overwhelmed,solution_request
Please suggest how to reduce nausea and stomach pain when I am alone,solution_request
Please suggest how to reduce nausea and stomach pain when I am alone right now,solution_request
Please suggest how to reduce nausea and stomach pain when I am alone today,solution_request
Please suggest how to reduce nausea and stomach pain when I am alone at home,solution_request
Please suggest how to reduce nausea and stomach pain when I am alone without feeling overwhelmed,solution_request
Please suggest how to reduce nausea and stomach pain without making it worse,solution_request
Please suggest how to reduce nausea and stomach pain without making it worse right now,solution_request
Please suggest how to reduce nausea and stomach pain without making it worse today,solution_request
Please suggest how to reduce nausea and stomach pain without making it worse at home,solution_request
Please suggest how to reduce nausea and stomach pain without making it worse without feeling overwhelmed,solution_request
Please suggest how to reduce nausea and stomach pain when it starts suddenly,solution_request
Please suggest how to reduce nausea and stomach pain when it starts suddenly right now,solution_request
Please suggest how to reduce nausea and stomach pain when it starts suddenly today,solution_request
Please suggest how to reduce nausea and stomach pain when it starts suddenly at home,solution_request
Please suggest how to reduce nausea and stomach pain when it starts suddenly without feeling overwhelmed,solution_request
Please suggest how to reduce nausea and stomach pain before it affects my work,solution_request
Please suggest how to reduce nausea and stomach pain before it affects my work right now,solution_request
Please suggest how to reduce nausea and stomach pain before it affects my work today,solution_request
Please suggest how to reduce nausea and stomach pain before it affects my work at home,solution_request
Please suggest how to reduce nausea and stomach pain before it affects my work without feeling overwhelmed,solution_request
Please suggest how to reduce nausea and stomach pain using simple steps,solution_request
Please suggest how to reduce nausea and stomach pain using simple steps right now,solution_request
Please suggest how to reduce nausea and stomach pain using simple steps today,solution_request
Please suggest how to reduce nausea and stomach pain using simple steps at home,solution_request
Please suggest how to reduce nausea and stomach pain using simple steps without feeling overwhelmed,solution_request
Please suggest how to cope with burnout,solution_request
Please suggest how to cope with burnout right now,solution_request
Please suggest how to cope with burnout today,solution_request
Please suggest how to cope with burnout at home,solution_request
Please suggest how to cope with burnout without feeling overwhelmed,solution_request
Please suggest how to cope with burnout when I am alone,solution_request
Please suggest how to cope with burnout when I am alone right now,solution_request
Please suggest how to cope with burnout when I am alone today,solution_request
Please suggest how to cope with burnout when I am alone at home,solution_request
Please suggest how to cope with burnout when I am alone without feeling overwhelmed,solution_request
Please suggest how to cope with burnout without making it worse,solution_request
Please suggest how to cope with burnout without making it worse right now,solution_request
Please suggest how to cope with burnout without making it worse today,solution_request
Please suggest how to cope with burnout without making it worse at home,solution_request
Please suggest how to cope with burnout without making it worse without feeling overwhelmed,solution_request
Please suggest how to cope with burnout when it starts suddenly,solution_request
Please suggest how to cope with burnout when it starts suddenly right now,solution_request
Please suggest how to cope with burnout when it starts suddenly today,solution_request
Please suggest how to cope with burnout when it starts suddenly at home,solution_request
Please suggest how to cope with burnout when it starts suddenly without feeling overwhelmed,solution_request
Please suggest how to cope with burnout before it affects my work,solution_request
Please suggest how to cope with burnout before it affects my work right now,solution_request
Please suggest how to cope with burnout before it affects my work today,solution_request
Please suggest how to cope with burnout before it affects my work at home,solution_request
Please suggest how to cope with burnout before it affects my work without feeling overwhelmed,solution_request
Please suggest how to cope with burnout using simple steps,solution_request
Please suggest how to cope with burnout using simple steps right now,solution_request
Please suggest how to cope with burnout using simple steps today,solution_request
Please suggest how to cope with burnout using simple steps at home,solution_request
Please suggest how to cope with burnout using simple steps without feeling overwhelmed,solution_request
Please suggest how to stop a panic episode,solution_request
Please suggest how to stop a panic episode right now,solution_request
Please suggest how to stop a panic episode today,solution_request
Please suggest how to stop a panic episode at home,solution_request
Please suggest how to stop a panic episode without feeling overwhelmed,solution_request
Please suggest how to stop a panic episode when I am alone,solution_request
Please suggest how to stop a panic episode when I am alone right now,solution_request
Please suggest how to stop a panic episode when I am alone today,solution_request
Please suggest how to stop a panic episode when I am alone at home,solution_request
Please suggest how to stop a panic episode when I am alone without feeling overwhelmed,solution_request
Please suggest how to stop a panic episode without making it worse,solution_request
Please suggest how to stop a panic episode without making it worse right now,solution_request
Please suggest how to stop a panic episode without making it worse today,solution_request
Please suggest how to stop a panic episode without making it worse at home,solution_request
Please suggest how to stop a panic episode without making it worse without feeling overwhelmed,solution_request
Please suggest how to stop a panic episode when it starts suddenly,solution_request
Please suggest how to stop a panic episode when it starts suddenly right now,solution_request
Please suggest how to stop a panic episode when it starts suddenly today,solution_request
Please suggest how to stop a panic episode when it starts suddenly at home,solution_request
Please suggest how to stop a panic episode when it starts suddenly without feeling overwhelmed,solution_request
Please suggest how to stop a panic episode before it affects my work,solution_request
Please suggest how to stop a panic episode before it affects my work right now,solution_request
Please suggest how to stop a panic episode before it affects my work today,solution_request
Please suggest how to stop a panic episode before it affects my work at home,solution_request
Please suggest how to stop a panic episode before it affects my work without feeling overwhelmed,solution_request
Please suggest how to stop a panic episode using simple steps,solution_request
Please suggest how to stop a panic episode using simple steps right now,solution_request
Please suggest how to stop a panic episode using simple steps today,solution_request
Please suggest how to stop a panic episode using simple steps at home,solution_request
Please suggest how to stop a panic episode using simple steps without feeling overwhelmed,solution_request
What is mental health support,general_query
What is mental health support please,general_query
What is mental health support for me,general_query
What is mental health support in simple words,general_query
What is mental health support in simple words please,general_query
What is mental health support in simple words for me,general_query
What is mental health support for a beginner,general_query
What is mental health support for a beginner please,general_query
What is mental health support for a beginner for me,general_query
What is mental health support because I am new to this,general_query
What is mental health support because I am new to this please,general_query
What is mental health support because I am new to this for me,general_query
What is mental health support without medical jargon,general_query
What is mental health support without medical jargon please,general_query
What is mental health support without medical jargon for me,general_query
What is stress management,general_query
What is stress management please,general_query
What is stress management for me,general_query
What is stress management in simple words,general_query
What is stress management in simple words please,general_query
What is stress management in simple words for me,general_query
What is stress management for a beginner,general_query
What is stress management for a beginner please,general_query
What is stress management for a beginner for me,general_query
What is stress management because I am new to this,general_query
What is stress management because I am new to this please,general_query
What is stress management because I am new to this for me,general_query
What is stress management without medical jargon,general_query
What is stress management without medical jargon please,general_query
What is stress management without medical jargon for me,general_query
What is panic attacks,general_query
What is panic attacks please,general_query
What is panic attacks for me,general_query
What is panic attacks in simple words,general_query
What is panic attacks in simple words please,general_query
What is panic attacks in simple words for me,general_query
What is panic attacks for a beginner,general_query
What is panic attacks for a beginner please,general_query
What is panic attacks for a beginner for me,general_query
What is panic attacks because I am new to this,general_query
What is panic attacks because I am new to this please,general_query
What is panic attacks because I am new to this for me,general_query
What is panic attacks without medical jargon,general_query
What is panic attacks without medical jargon please,general_query
What is panic attacks without medical jargon for me,general_query
What is therapy,general_query
What is therapy please,general_query
What is therapy for me,general_query
What is therapy in simple words,general_query
What is therapy in simple words please,general_query
What is therapy in simple words for me,general_query
What is therapy for a beginner,general_query
What is therapy for a beginner please,general_query
What is therapy for a beginner for me,general_query
What is therapy because I am new to this,general_query
What is therapy because I am new to this please,general_query
What is therapy because I am new to this for me,general_query
What is therapy without medical jargon,general_query
What is therapy without medical jargon please,general_query
What is therapy without medical jargon for me,general_query
What is the difference between flu and cold,general_query
What is the difference between flu and cold please,general_query
What is the difference between flu and cold for me,general_query
What is the difference between flu and cold in simple words,general_query
What is the difference between flu and cold in simple words please,general_query
What is the difference between flu and cold in simple words for me,general_query
What is the difference between flu and cold for a beginner,general_query
What is the difference between flu and cold for a beginner please,general_query
What is the difference between flu and cold for a beginner for me,general_query
What is the difference between flu and cold because I am new to this,general_query
What is the difference between flu and cold because I am new to this please,general_query
What is the difference between flu and cold because I am new to this for me,general_query
What is the difference between flu and cold without medical jargon,general_query
What is the difference between flu and cold without medical jargon please,general_query
What is the difference between flu and cold without medical jargon for me,general_query
What is why people feel anxious,general_query
What is why people feel anxious please,general_query
What is why people feel anxious for me,general_query
What is why people feel anxious in simple words,general_query
What is why people feel anxious in simple words please,general_query
What is why people feel anxious in simple words for me,general_query
What is why people feel anxious for a beginner,general_query
What is why people feel anxious for a beginner please,general_query
What is why people feel anxious for a beginner for me,general_query
What is why people feel anxious because I am new to this,general_query
What is why people feel anxious because I am new to this please,general_query
What is why people feel anxious because I am new to this for me,general_query
What is why people feel anxious without medical jargon,general_query
What is why people feel anxious without medical jargon please,general_query
What is why people feel anxious without medical jargon for me,general_query
What is what this chatbot can do,general_query
What is what this chatbot can do please,general_query
What is what this chatbot can do for me,general_query
What is what this chatbot can do in simple words,general_query
What is what this chatbot can do in simple words please,general_query
What is what this chatbot can do in simple words for me,general_query
What is what this chatbot can do for a beginner,general_query
What is what this chatbot can do for a beginner please,general_query
What is what this chatbot can do for a beginner for me,general_query
What is what this chatbot can do because I am new to this,general_query
What is what this chatbot can do because I am new to this please,general_query
What is what this chatbot can do because I am new to this for me,general_query
What is what this chatbot can do without medical jargon,general_query
What is what this chatbot can do without medical jargon please,general_query
What is what this chatbot can do without medical jargon for me,general_query
What is how emotional burnout works,general_query
What is how emotional burnout works please,general_query
What is how emotional burnout works for me,general_query
What is how emotional burnout works in simple words,general_query
What is how emotional burnout works in simple words please,general_query
What is how emotional burnout works in simple words for me,general_query
What is how emotional burnout works for a beginner,general_query
What is how emotional burnout works for a beginner please,general_query
What is how emotional burnout works for a beginner for me,general_query
What is how emotional burnout works because I am new to this,general_query
What is how emotional burnout works because I am new to this please,general_query
What is how emotional burnout works because I am new to this for me,general_query
What is how emotional burnout works without medical jargon,general_query
What is how emotional burnout works without medical jargon please,general_query
What is how emotional burnout works without medical jargon for me,general_query
Can you explain mental health support,general_query
Can you explain mental health support please,general_query
Can you explain mental health support for me,general_query
Can you explain mental health support in simple words,general_query
Can you explain mental health support in simple words please,general_query
Can you explain mental health support in simple words for me,general_query
Can you explain mental health support for a beginner,general_query
Can you explain mental health support for a beginner please,general_query
Can you explain mental health support for a beginner for me,general_query
Can you explain mental health support because I am new to this,general_query
Can you explain mental health support because I am new to this please,general_query
Can you explain mental health support because I am new to this for me,general_query
Can you explain mental health support without medical jargon,general_query
Can you explain mental health support without medical jargon please,general_query
Can you explain mental health support without medical jargon for me,general_query
Can you explain stress management,general_query
Can you explain stress management please,general_query
Can you explain stress management for me,general_query
Can you explain stress management in simple words,general_query
Can you explain stress management in simple words please,general_query
Can you explain stress management in simple words for me,general_query
Can you explain stress management for a beginner,general_query
Can you explain stress management for a beginner please,general_query
Can you explain stress management for a beginner for me,general_query
Can you explain stress management because I am new to this,general_query
Can you explain stress management because I am new to this please,general_query
Can you explain stress management because I am new to this for me,general_query
Can you explain stress management without medical jargon,general_query
Can you explain stress management without medical jargon please,general_query
Can you explain stress management without medical jargon for me,general_query
Can you explain panic attacks,general_query
Can you explain panic attacks please,general_query
Can you explain panic attacks for me,general_query
Can you explain panic attacks in simple words,general_query
Can you explain panic attacks in simple words please,general_query
Can you explain panic attacks in simple words for me,general_query
Can you explain panic attacks for a beginner,general_query
Can you explain panic attacks for a beginner please,general_query
Can you explain panic attacks for a beginner for me,general_query
Can you explain panic attacks because I am new to this,general_query
Can you explain panic attacks because I am new to this please,general_query
Can you explain panic attacks because I am new to this for me,general_query
Can you explain panic attacks without medical jargon,general_query
Can you explain panic attacks without medical jargon please,general_query
Can you explain panic attacks without medical jargon for me,general_query
Can you explain therapy,general_query
Can you explain therapy please,general_query
Can you explain therapy for me,general_query
Can you explain therapy in simple words,general_query
Can you explain therapy in simple words please,general_query
Can you explain therapy in simple words for me,general_query
Can you explain therapy for a beginner,general_query
Can you explain therapy for a beginner please,general_query
Can you explain therapy for a beginner for me,general_query
Can you explain therapy because I am new to this,general_query
Can you explain therapy because I am new to this please,general_query
Can you explain therapy because I am new to this for me,general_query
Can you explain therapy without medical jargon,general_query
Can you explain therapy without medical jargon please,general_query
Can you explain therapy without medical jargon for me,general_query
Can you explain the difference between flu and cold,general_query
Can you explain the difference between flu and cold please,general_query
Can you explain the difference between flu and cold for me,general_query
Can you explain the difference between flu and cold in simple words,general_query
Can you explain the difference between flu and cold in simple words please,general_query
Can you explain the difference between flu and cold in simple words for me,general_query
Can you explain the difference between flu and cold for a beginner,general_query
Can you explain the difference between flu and cold for a beginner please,general_query
Can you explain the difference between flu and cold for a beginner for me,general_query
Can you explain the difference between flu and cold because I am new to this,general_query
Can you explain the difference between flu and cold because I am new to this please,general_query
Can you explain the difference between flu and cold because I am new to this for me,general_query
Can you explain the difference between flu and cold without medical jargon,general_query
Can you explain the difference between flu and cold without medical jargon please,general_query
Can you explain the difference between flu and cold without medical jargon for me,general_query
Can you explain why people feel anxious,general_query
Can you explain why people feel anxious please,general_query
Can you explain why people feel anxious for me,general_query
Can you explain why people feel anxious in simple words,general_query
Can you explain why people feel anxious in simple words please,general_query
Can you explain why people feel anxious in simple words for me,general_query
Can you explain why people feel anxious for a beginner,general_query
Can you explain why people feel anxious for a beginner please,general_query
Can you explain why people feel anxious for a beginner for me,general_query
Can you explain why people feel anxious because I am new to this,general_query
Can you explain why people feel anxious because I am new to this please,general_query
Can you explain why people feel anxious because I am new to this for me,general_query
Can you explain why people feel anxious without medical jargon,general_query
Can you explain why people feel anxious without medical jargon please,general_query
Can you explain why people feel anxious without medical jargon for me,general_query
Can you explain what this chatbot can do,general_query
Can you explain what this chatbot can do please,general_query
Can you explain what this chatbot can do for me,general_query
Can you explain what this chatbot can do in simple words,general_query
Can you explain what this chatbot can do in simple words please,general_query
Can you explain what this chatbot can do in simple words for me,general_query
Can you explain what this chatbot can do for a beginner,general_query
Can you explain what this chatbot can do for a beginner please,general_query
Can you explain what this chatbot can do for a beginner for me,general_query
Can you explain what this chatbot can do because I am new to this,general_query
Can you explain what this chatbot can do because I am new to this please,general_query
Can you explain what this chatbot can do because I am new to this for me,general_query
Can you explain what this chatbot can do without medical jargon,general_query
Can you explain what this chatbot can do without medical jargon please,general_query
Can you explain what this chatbot can do without medical jargon for me,general_query
Can you explain how emotional burnout works,general_query
Can you explain how emotional burnout works please,general_query
Can you explain how emotional burnout works for me,general_query
Can you explain how emotional burnout works in simple words,general_query
Can you explain how emotional burnout works in simple words please,general_query
Can you explain how emotional burnout works in simple words for me,general_query
Can you explain how emotional burnout works for a beginner,general_query
Can you explain how emotional burnout works for a beginner please,general_query
Can you explain how emotional burnout works for a beginner for me,general_query
Can you explain how emotional burnout works because I am new to this,general_query
Can you explain how emotional burnout works because I am new to this please,general_query
Can you explain how emotional burnout works because I am new to this for me,general_query
Can you explain how emotional burnout works without medical jargon,general_query
Can you explain how emotional burnout works without medical jargon please,general_query
Can you explain how emotional burnout works without medical jargon for me,general_query
Tell me about mental health support,general_query
Tell me about mental health support please,general_query
Tell me about mental health support for me,general_query
Tell me about mental health support in simple words,general_query
Tell me about mental health support in simple words please,general_query
Tell me about mental health support in simple words for me,general_query
Tell me about mental health support for a beginner,general_query
Tell me about mental health support for a beginner please,general_query
Tell me about mental health support for a beginner for me,general_query
Tell me about mental health support because I am new to this,general_query
Tell me about mental health support because I am new to this please,general_query
Tell me about mental health support because I am new to this for me,general_query
Tell me about mental health support without medical jargon,general_query
Tell me about mental health support without medical jargon please,general_query
Tell me about mental health support without medical jargon for me,general_query
Tell me about stress management,general_query
Tell me about stress management please,general_query
Tell me about stress management for me,general_query
Tell me about stress management in simple words,general_query
Tell me about stress management in simple words please,general_query
Tell me about stress management in simple words for me,general_query
Tell me about stress management for a beginner,general_query
Tell me about stress management for a beginner please,general_query
Tell me about stress management for a beginner for me,general_query
Tell me about stress management because I am new to this,general_query
Tell me about stress management because I am new to this please,general_query
Tell me about stress management because I am new to this for me,general_query
Tell me about stress management without medical jargon,general_query
Tell me about stress management without medical jargon please,general_query
Tell me about stress management without medical jargon for me,general_query
Tell me about panic attacks,general_query
Tell me about panic attacks please,general_query
Tell me about panic attacks for me,general_query
Tell me about panic attacks in simple words,general_query
Tell me about panic attacks in simple words please,general_query
Tell me about panic attacks in simple words for me,general_query
Tell me about panic attacks for a beginner,general_query
Tell me about panic attacks for a beginner please,general_query
Tell me about panic attacks for a beginner for me,general_query
Tell me about panic attacks because I am new to this,general_query
Tell me about panic attacks because I am new to this please,general_query
Tell me about panic attacks because I am new to this for me,general_query
Tell me about panic attacks without medical jargon,general_query
Tell me about panic attacks without medical jargon please,general_query
Tell me about panic attacks without medical jargon for me,general_query
Tell me about therapy,general_query
Tell me about therapy please,general_query
Tell me about therapy for me,general_query
Tell me about therapy in simple words,general_query
Tell me about therapy in simple words please,general_query
Tell me about therapy in simple words for me,general_query
Tell me about therapy for a beginner,general_query
Tell me about therapy for a beginner please,general_query
Tell me about therapy for a beginner for me,general_query
Tell me about therapy because I am new to this,general_query
Tell me about therapy because I am new to this please,general_query
Tell me about therapy because I am new to this for me,general_query
Tell me about therapy without medical jargon,general_query
Tell me about therapy without medical jargon please,general_query
Tell me about therapy without medical jargon for me,general_query
Tell me about the difference between flu and cold,general_query
Tell me about the difference between flu and cold please,general_query
Tell me about the difference between flu and cold for me,general_query
Tell me about the difference between flu and cold in simple words,general_query
Tell me about the difference between flu and cold in simple words please,general_query
Tell me about the difference between flu and cold in simple words for me,general_query
Tell me about the difference between flu and cold for a beginner,general_query
Tell me about the difference between flu and cold for a beginner please,general_query
Tell me about the difference between flu and cold for a beginner for me,general_query
Tell me about the difference between flu and cold because I am new to this,general_query
Tell me about the difference between flu and cold because I am new to this please,general_query
Tell me about the difference between flu and cold because I am new to this for me,general_query
Tell me about the difference between flu and cold without medical jargon,general_query
Tell me about the difference between flu and cold without medical jargon please,general_query
Tell me about the difference between flu and cold without medical jargon for me,general_query
Tell me about why people feel anxious,general_query
Tell me about why people feel anxious please,general_query
Tell me about why people feel anxious for me,general_query
Tell me about why people feel anxious in simple words,general_query
Tell me about why people feel anxious in simple words please,general_query
Tell me about why people feel anxious in simple words for me,general_query
Tell me about why people feel anxious for a beginner,general_query
Tell me about why people feel anxious for a beginner please,general_query
Tell me about why people feel anxious for a beginner for me,general_query
Tell me about why people feel anxious because I am new to this,general_query
Tell me about why people feel anxious because I am new to this please,general_query
Tell me about why people feel anxious because I am new to this for me,general_query
Tell me about why people feel anxious without medical jargon,general_query
Tell me about why people feel anxious without medical jargon please,general_query
Tell me about why people feel anxious without medical jargon for me,general_query
Tell me about what this chatbot can do,general_query
Tell me about what this chatbot can do please,general_query
Tell me about what this chatbot can do for me,general_query
Tell me about what this chatbot can do in simple words,general_query
Tell me about what this chatbot can do in simple words please,general_query
Tell me about what this chatbot can do in simple words for me,general_query
Tell me about what this chatbot can do for a beginner,general_query
Tell me about what this chatbot can do for a beginner please,general_query
Tell me about what this chatbot can do for a beginner for me,general_query
Tell me about what this chatbot can do because I am new to this,general_query
Tell me about what this chatbot can do because I am new to this please,general_query
Tell me about what this chatbot can do because I am new to this for me,general_query
Tell me about what this chatbot can do without medical jargon,general_query
Tell me about what this chatbot can do without medical jargon please,general_query
Tell me about what this chatbot can do without medical jargon for me,general_query
Tell me about how emotional burnout works,general_query
Tell me about how emotional burnout works please,general_query
Tell me about how emotional burnout works for me,general_query
Tell me about how emotional burnout works in simple words,general_query
Tell me about how emotional burnout works in simple words please,general_query
Tell me about how emotional burnout works in simple words for me,general_query
Tell me about how emotional burnout works for a beginner,general_query
Tell me about how emotional burnout works for a beginner please,general_query
Tell me about how emotional burnout works for a beginner for me,general_query
Tell me about how emotional burnout works because I am new to this,general_query
Tell me about how emotional burnout works because I am new to this please,general_query
Tell me about how emotional burnout works because I am new to this for me,general_query
Tell me about how emotional burnout works without medical jargon,general_query
Tell me about how emotional burnout works without medical jargon please,general_query
Tell me about how emotional burnout works without medical jargon for me,general_query
I want to understand mental health support,general_query
I want to understand mental health support please,general_query
I want to understand mental health support for me,general_query
I want to understand mental health support in simple words,general_query
I want to understand mental health support in simple words please,general_query
I want to understand mental health support in simple words for me,general_query
I want to understand mental health support for a beginner,general_query
I want to understand mental health support for a beginner please,general_query
I want to understand mental health support for a beginner for me,general_query
I want to understand mental health support because I am new to this,general_query
I want to understand mental health support because I am new to this please,general_query
I want to understand mental health support because I am new to this for me,general_query
I want to understand mental health support without medical jargon,general_query
I want to understand mental health support without medical jargon please,general_query
I want to understand mental health support without medical jargon for me,general_query
I want to understand stress management,general_query
I want to understand stress management please,general_query
I want to understand stress management for me,general_query
I want to understand stress management in simple words,general_query
I want to understand stress management in simple words please,general_query
I want to understand stress management in simple words for me,general_query
I want to understand stress management for a beginner,general_query
I want to understand stress management for a beginner please,general_query
I want to understand stress management for a beginner for me,general_query
I want to understand stress management because I am new to this,general_query
I want to understand stress management because I am new to this please,general_query
I want to understand stress management because I am new to this for me,general_query
I want to understand stress management without medical jargon,general_query
I want to understand stress management without medical jargon please,general_query
I want to understand stress management without medical jargon for me,general_query
I want to understand panic attacks,general_query
I want to understand panic attacks please,general_query
I want to understand panic attacks for me,general_query
I want to understand panic attacks in simple words,general_query
I want to understand panic attacks in simple words please,general_query
I want to understand panic attacks in simple words for me,general_query
I want to understand panic attacks for a beginner,general_query
I want to understand panic attacks for a beginner please,general_query
I want to understand panic attacks for a beginner for me,general_query
I want to understand panic attacks because I am new to this,general_query
I want to understand panic attacks because I am new to this please,general_query
I want to understand panic attacks because I am new to this for me,general_query
I want to understand panic attacks without medical jargon,general_query
I want to understand panic attacks without medical jargon please,general_query
I want to understand panic attacks without medical jargon for me,general_query
I want to understand therapy,general_query
I want to understand therapy please,general_query
I want to understand therapy for me,general_query
I want to understand therapy in simple words,general_query
I want to understand therapy in simple words please,general_query
I want to understand therapy in simple words for me,general_query
I want to understand therapy for a beginner,general_query
I want to understand therapy for a beginner please,general_query
I want to understand therapy for a beginner for me,general_query
I want to understand therapy because I am new to this,general_query
I want to understand therapy because I am new to this please,general_query
I want to understand therapy because I am new to this for me,general_query
I want to understand therapy without medical jargon,general_query
I want to understand therapy without medical jargon please,general_query
I want to understand therapy without medical jargon for me,general_query
I want to understand the difference between flu and cold,general_query
I want to understand the difference between flu and cold please,general_query
I want to understand the difference between flu and cold for me,general_query
I want to understand the difference between flu and cold in simple words,general_query
I want to understand the difference between flu and cold in simple words please,general_query
I want to understand the difference between flu and cold in simple words for me,general_query
I want to understand the difference between flu and cold for a beginner,general_query
I want to understand the difference between flu and cold for a beginner please,general_query
I want to understand the difference between flu and cold for a beginner for me,general_query
I want to understand the difference between flu and cold because I am new to this,general_query
I want to understand the difference between flu and cold because I am new to this please,general_query
I want to understand the difference between flu and cold because I am new to this for me,general_query
I want to understand the difference between flu and cold without medical jargon,general_query
I want to understand the difference between flu and cold without medical jargon please,general_query
I want to understand the difference between flu and cold without medical jargon for me,general_query
I want to understand why people feel anxious,general_query
I want to understand why people feel anxious please,general_query
I want to understand why people feel anxious for me,general_query
I want to understand why people feel anxious in simple words,general_query
I want to understand why people feel anxious in simple words please,general_query
I want to understand why people feel anxious in simple words for me,general_query
I want to understand why people feel anxious for a beginner,general_query
I want to understand why people feel anxious for a beginner please,general_query
I want to understand why people feel anxious for a beginner for me,general_query
I want to understand why people feel anxious because I am new to this,general_query
I want to understand why people feel anxious because I am new to this please,general_query
I want to understand why people feel anxious because I am new to this for me,general_query
I want to understand why people feel anxious without medical jargon,general_query
I want to understand why people feel anxious without medical jargon please,general_query
I want to understand why people feel anxious without medical jargon for me,general_query
I want to understand what this chatbot can do,general_query
I want to understand what this chatbot can do please,general_query
I want to understand what this chatbot can do for me,general_query
I want to understand what this chatbot can do in simple words,general_query
I want to understand what this chatbot can do in simple words please,general_query
I want to understand what this chatbot can do in simple words for me,general_query
I want to understand what this chatbot can do for a beginner,general_query
I want to understand what this chatbot can do for a beginner please,general_query
I want to understand what this chatbot can do for a beginner for me,general_query
I want to understand what this chatbot can do because I am new to this,general_query
I want to understand what this chatbot can do because I am new to this please,general_query
I want to understand what this chatbot can do because I am new to this for me,general_query
I want to understand what this chatbot can do without medical jargon,general_query
I want to understand what this chatbot can do without medical jargon please,general_query
I want to understand what this chatbot can do without medical jargon for me,general_query
I want to understand how emotional burnout works,general_query
I want to understand how emotional burnout works please,general_query
I want to understand how emotional burnout works for me,general_query
I want to understand how emotional burnout works in simple words,general_query
I want to understand how emotional burnout works in simple words please,general_query
I want to understand how emotional burnout works in simple words for me,general_query
I want to understand how emotional burnout works for a beginner,general_query
I want to understand how emotional burnout works for a beginner please,general_query
I want to understand how emotional burnout works for a beginner for me,general_query
I want to understand how emotional burnout works because I am new to this,general_query
I want to understand how emotional burnout works because I am new to this please,general_query
I want to understand how emotional burnout works because I am new to this for me,general_query
I want to understand how emotional burnout works without medical jargon,general_query
I want to understand how emotional burnout works without medical jargon please,general_query
I want to understand how emotional burnout works without medical jargon for me,general_query
Can you tell me mental health support,general_query
Can you tell me mental health support please,general_query
Can you tell me mental health support for me,general_query
Can you tell me mental health support in simple words,general_query
Can you tell me mental health support in simple words please,general_query
Can you tell me mental health support in simple words for me,general_query
Can you tell me mental health support for a beginner,general_query
Can you tell me mental health support for a beginner please,general_query
Can you tell me mental health support for a beginner for me,general_query
Can you tell me mental health support because I am new to this,general_query
Can you tell me mental health support because I am new to this please,general_query
Can you tell me mental health support because I am new to this for me,general_query
Can you tell me mental health support without medical jargon,general_query
Can you tell me mental health support without medical jargon please,general_query
Can you tell me mental health support without medical jargon for me,general_query
Can you tell me stress management,general_query
Can you tell me stress management please,general_query
Can you tell me stress management for me,general_query
Can you tell me stress management in simple words,general_query
Can you tell me stress management in simple words please,general_query
Can you tell me stress management in simple words for me,general_query
Can you tell me stress management for a beginner,general_query
Can you tell me stress management for a beginner please,general_query
Can you tell me stress management for a beginner for me,general_query
Can you tell me stress management because I am new to this,general_query
Can you tell me stress management because I am new to this please,general_query
Can you tell me stress management because I am new to this for me,general_query
Can you tell me stress management without medical jargon,general_query
Can you tell me stress management without medical jargon please,general_query
Can you tell me stress management without medical jargon for me,general_query
Can you tell me panic attacks,general_query
Can you tell me panic attacks please,general_query
Can you tell me panic attacks for me,general_query
Can you tell me panic attacks in simple words,general_query
Can you tell me panic attacks in simple words please,general_query
Can you tell me panic attacks in simple words for me,general_query
Can you tell me panic attacks for a beginner,general_query
Can you tell me panic attacks for a beginner please,general_query
Can you tell me panic attacks for a beginner for me,general_query
Can you tell me panic attacks because I am new to this,general_query
Can you tell me panic attacks because I am new to this please,general_query
Can you tell me panic attacks because I am new to this for me,general_query
Can you tell me panic attacks without medical jargon,general_query
Can you tell me panic attacks without medical jargon please,general_query
Can you tell me panic attacks without medical jargon for me,general_query
Can you tell me therapy,general_query
Can you tell me therapy please,general_query
Can you tell me therapy for me,general_query
Can you tell me therapy in simple words,general_query
Can you tell me therapy in simple words please,general_query
Can you tell me therapy in simple words for me,general_query
Can you tell me therapy for a beginner,general_query
Can you tell me therapy for a beginner please,general_query
Can you tell me therapy for a beginner for me,general_query
Can you tell me therapy because I am new to this,general_query
Can you tell me therapy because I am new to this please,general_query
Can you tell me therapy because I am new to this for me,general_query
Can you tell me therapy without medical jargon,general_query
Can you tell me therapy without medical jargon please,general_query
Can you tell me therapy without medical jargon for me,general_query
Can you tell me the difference between flu and cold,general_query
Can you tell me the difference between flu and cold please,general_query
Can you tell me the difference between flu and cold for me,general_query
Can you tell me the difference between flu and cold in simple words,general_query
Can you tell me the difference between flu and cold in simple words please,general_query
Can you tell me the difference between flu and cold in simple words for me,general_query
Can you tell me the difference between flu and cold for a beginner,general_query
Can you tell me the difference between flu and cold for a beginner please,general_query
Can you tell me the difference between flu and cold for a beginner for me,general_query
Can you tell me the difference between flu and cold because I am new to this,general_query
Can you tell me the difference between flu and cold because I am new to this please,general_query
Can you tell me the difference between flu and cold because I am new to this for me,general_query
Can you tell me the difference between flu and cold without medical jargon,general_query
Can you tell me the difference between flu and cold without medical jargon please,general_query
Can you tell me the difference between flu and cold without medical jargon for me,general_query
Can you tell me why people feel anxious,general_query
Can you tell me why people feel anxious please,general_query
Can you tell me why people feel anxious for me,general_query
Can you tell me why people feel anxious in simple words,general_query
Can you tell me why people feel anxious in simple words please,general_query
Can you tell me why people feel anxious in simple words for me,general_query
Can you tell me why people feel anxious for a beginner,general_query
Can you tell me why people feel anxious for a beginner please,general_query
Can you tell me why people feel anxious for a beginner for me,general_query
Can you tell me why people feel anxious because I am new to this,general_query
Can you tell me why people feel anxious because I am new to this please,general_query
Can you tell me why people feel anxious because I am new to this for me,general_query
Can you tell me why people feel anxious without medical jargon,general_query
Can you tell me why people feel anxious without medical jargon please,general_query
Can you tell me why people feel anxious without medical jargon for me,general_query
Can you tell me what this chatbot can do,general_query
Can you tell me what this chatbot can do please,general_query
Can you tell me what this chatbot can do for me,general_query
Can you tell me what this chatbot can do in simple words,general_query
Can you tell me what this chatbot can do in simple words please,general_query
Can you tell me what this chatbot can do in simple words for me,general_query
Can you tell me what this chatbot can do for a beginner,general_query
Can you tell me what this chatbot can do for a beginner please,general_query
Can you tell me what this chatbot can do for a beginner for me,general_query
Can you tell me what this chatbot can do because I am new to this,general_query
Can you tell me what this chatbot can do because I am new to this please,general_query
Can you tell me what this chatbot can do because I am new to this for me,general_query
Can you tell me what this chatbot can do without medical jargon,general_query
Can you tell me what this chatbot can do without medical jargon please,general_query
Can you tell me what this chatbot can do without medical jargon for me,general_query
Can you tell me how emotional burnout works,general_query
Can you tell me how emotional burnout works please,general_query
Can you tell me how emotional burnout works for me,general_query
Can you tell me how emotional burnout works in simple words,general_query
Can you tell me how emotional burnout works in simple words please,general_query
Can you tell me how emotional burnout works in simple words for me,general_query
Can you tell me how emotional burnout works for a beginner,general_query
Can you tell me how emotional burnout works for a beginner please,general_query
Can you tell me how emotional burnout works for a beginner for me,general_query
Can you tell me how emotional burnout works because I am new to this,general_query
Can you tell me how emotional burnout works because I am new to this please,general_query
Can you tell me how emotional burnout works because I am new to this for me,general_query
Can you tell me how emotional burnout works without medical jargon,general_query
Can you tell me how emotional burnout works without medical jargon please,general_query
Can you tell me how emotional burnout works without medical jargon for me,general_query
Please explain mental health support,general_query
Please explain mental health support please,general_query
Please explain mental health support for me,general_query
Please explain mental health support in simple words,general_query
Please explain mental health support in simple words please,general_query
Please explain mental health support in simple words for me,general_query
Please explain mental health support for a beginner,general_query
Please explain mental health support for a beginner please,general_query
Please explain mental health support for a beginner for me,general_query
Please explain mental health support because I am new to this,general_query
Please explain mental health support because I am new to this please,general_query
Please explain mental health support because I am new to this for me,general_query
Please explain mental health support without medical jargon,general_query
Please explain mental health support without medical jargon please,general_query
Please explain mental health support without medical jargon for me,general_query
Please explain stress management,general_query
Please explain stress management please,general_query
Please explain stress management for me,general_query
Please explain stress management in simple words,general_query
Please explain stress management in simple words please,general_query
Please explain stress management in simple words for me,general_query
Please explain stress management for a beginner,general_query
Please explain stress management for a beginner please,general_query
Please explain stress management for a beginner for me,general_query
Please explain stress management because I am new to this,general_query
Please explain stress management because I am new to this please,general_query
Please explain stress management because I am new to this for me,general_query
Please explain stress management without medical jargon,general_query
Please explain stress management without medical jargon please,general_query
Please explain stress management without medical jargon for me,general_query
Please explain panic attacks,general_query
Please explain panic attacks please,general_query
Please explain panic attacks for me,general_query
Please explain panic attacks in simple words,general_query
Please explain panic attacks in simple words please,general_query
Please explain panic attacks in simple words for me,general_query
Please explain panic attacks for a beginner,general_query
Please explain panic attacks for a beginner please,general_query
Please explain panic attacks for a beginner for me,general_query
Please explain panic attacks because I am new to this,general_query
Please explain panic attacks because I am new to this please,general_query
Please explain panic attacks because I am new to this for me,general_query
Please explain panic attacks without medical jargon,general_query
Please explain panic attacks without medical jargon please,general_query
Please explain panic attacks without medical jargon for me,general_query
Please explain therapy,general_query
Please explain therapy please,general_query
Please explain therapy for me,general_query
Please explain therapy in simple words,general_query
Please explain therapy in simple words please,general_query
Please explain therapy in simple words for me,general_query
Please explain therapy for a beginner,general_query
Please explain therapy for a beginner please,general_query
Please explain therapy for a beginner for me,general_query
Please explain therapy because I am new to this,general_query
Please explain therapy because I am new to this please,general_query
Please explain therapy because I am new to this for me,general_query
Please explain therapy without medical jargon,general_query
Please explain therapy without medical jargon please,general_query
Please explain therapy without medical jargon for me,general_query
Please explain the difference between flu and cold,general_query
Please explain the difference between flu and cold please,general_query
Please explain the difference between flu and cold for me,general_query
Please explain the difference between flu and cold in simple words,general_query
Please explain the difference between flu and cold in simple words please,general_query
Please explain the difference between flu and cold in simple words for me,general_query
Please explain the difference between flu and cold for a beginner,general_query
Please explain the difference between flu and cold for a beginner please,general_query
Please explain the difference between flu and cold for a beginner for me,general_query
Please explain the difference between flu and cold because I am new to this,general_query
Please explain the difference between flu and cold because I am new to this please,general_query
Please explain the difference between flu and cold because I am new to this for me,general_query
Please explain the difference between flu and cold without medical jargon,general_query
Please explain the difference between flu and cold without medical jargon please,general_query
Please explain the difference between flu and cold without medical jargon for me,general_query
Please explain why people feel anxious,general_query
Please explain why people feel anxious please,general_query
Please explain why people feel anxious for me,general_query
Please explain why people feel anxious in simple words,general_query
Please explain why people feel anxious in simple words please,general_query
Please explain why people feel anxious in simple words for me,general_query
Please explain why people feel anxious for a beginner,general_query
Please explain why people feel anxious for a beginner please,general_query
Please explain why people feel anxious for a beginner for me,general_query
Please explain why people feel anxious because I am new to this,general_query
Please explain why people feel anxious because I am new to this please,general_query
Please explain why people feel anxious because I am new to this for me,general_query
Please explain why people feel anxious without medical jargon,general_query
Please explain why people feel anxious without medical jargon please,general_query
Please explain why people feel anxious without medical jargon for me,general_query
Please explain what this chatbot can do,general_query
Please explain what this chatbot can do please,general_query
Please explain what this chatbot can do for me,general_query
Please explain what this chatbot can do in simple words,general_query
Please explain what this chatbot can do in simple words please,general_query
Please explain what this chatbot can do in simple words for me,general_query
Please explain what this chatbot can do for a beginner,general_query
Please explain what this chatbot can do for a beginner please,general_query
Please explain what this chatbot can do for a beginner for me,general_query
Please explain what this chatbot can do because I am new to this,general_query
Please explain what this chatbot can do because I am new to this please,general_query
Please explain what this chatbot can do because I am new to this for me,general_query
Please explain what this chatbot can do without medical jargon,general_query
Please explain what this chatbot can do without medical jargon please,general_query
Please explain what this chatbot can do without medical jargon for me,general_query
Please explain how emotional burnout works,general_query
Please explain how emotional burnout works please,general_query
Please explain how emotional burnout works for me,general_query
Please explain how emotional burnout works in simple words,general_query
Please explain how emotional burnout works in simple words please,general_query
Please explain how emotional burnout works in simple words for me,general_query
Please explain how emotional burnout works for a beginner,general_query
Please explain how emotional burnout works for a beginner please,general_query
Please explain how emotional burnout works for a beginner for me,general_query
Please explain how emotional burnout works because I am new to this,general_query
Please explain how emotional burnout works because I am new to this please,general_query
Please explain how emotional burnout works because I am new to this for me,general_query
Please explain how emotional burnout works without medical jargon,general_query
Please explain how emotional burnout works without medical jargon please,general_query
Please explain how emotional burnout works without medical jargon for me,general_query
I want to kill myself,emergency
I do not want to live anymore,emergency
I have been thinking about suicide,emergency
I feel so sad and lonely,emotional_support
I have been crying all day,emotional_support
My head hurts really bad,symptom_report
I feel nauseous and dizzy,symptom_report
How can I manage my anxiety better,solution_request
How do I improve my sleep,solution_request
Hi there how are you,general_query
What can you do,general_query
What is mental health,general_query
