text,sentiment
I feel completely hopeless,very_negative
I feel completely hopeless please help,very_negative
I feel completely hopeless I am serious,very_negative
I feel completely hopeless and I cannot go on,very_negative
I feel completely hopeless and I cannot go on please help,very_negative
I feel completely hopeless and I cannot go on I am serious,very_negative
I feel completely hopeless and I do not want to be here,very_negative
I feel completely hopeless and I do not want to be here please help,very_negative
I feel completely hopeless and I do not want to be here I am serious,very_negative
I feel completely hopeless and I feel unsafe with myself,very_negative
I feel completely hopeless and I feel unsafe with myself please help,very_negative
I feel completely hopeless and I feel unsafe with myself I am serious,very_negative
I feel completely hopeless and I want this to end forever,very_negative
I feel completely hopeless and I want this to end forever please help,very_negative
I feel completely hopeless and I want this to end forever I am serious,very_negative
I feel like life is not worth it,very_negative
I feel like life is not worth it please help,very_negative
I feel like life is not worth it I am serious,very_negative
I feel like life is not worth it and I cannot go on,very_negative
I feel like life is not worth it and I cannot go on please help,very_negative
I feel like life is not worth it and I cannot go on I am serious,very_negative
I feel like life is not worth it and I do not want to be here,very_negative
I feel like life is not worth it and I do not want to be here please help,very_negative
I feel like life is not worth it and I do not want to be here I am serious,very_negative
I feel like life is not worth it and I feel unsafe with myself,very_negative
I feel like life is not worth it and I feel unsafe with myself please help,very_negative
I feel like life is not worth it and I feel unsafe with myself I am serious,very_negative
I feel like life is not worth it and I want this to end forever,very_negative
I feel like life is not worth it and I want this to end forever please help,very_negative
I feel like life is not worth it and I want this to end forever I am serious,very_negative
I feel like I should disappear,very_negative
I feel like I should disappear please help,very_negative
I feel like I should disappear I am serious,very_negative
I feel like I should disappear and I cannot go on,very_negative
I feel like I should disappear and I cannot go on please help,very_negative
I feel like I should disappear and I cannot go on I am serious,very_negative
I feel like I should disappear and I do not want to be here,very_negative
I feel like I should disappear and I do not want to be here please help,very_negative
I feel like I should disappear and I do not want to be here I am serious,very_negative
I feel like I should disappear and I feel unsafe with myself,very_negative
I feel like I should disappear and I feel unsafe with myself please help,very_negative
I feel like I should disappear and I feel unsafe with myself I am serious,very_negative
I feel like I should disappear and I want this to end forever,very_negative
I feel like I should disappear and I want this to end forever please help,very_negative
I feel like I should disappear and I want this to end forever I am serious,very_negative
I feel like ending everything,very_negative
I feel like ending everything please help,very_negative
I feel like ending everything I am serious,very_negative
I feel like ending everything and I cannot go on,very_negative
I feel like ending everything and I cannot go on please help,very_negative
I feel like ending everything and I cannot go on I am serious,very_negative
I feel like ending everything and I do not want to be here,very_negative
I feel like ending everything and I do not want to be here please help,very_negative
I feel like ending everything and I do not want to be here I am serious,very_negative
I feel like ending everything and I feel unsafe with myself,very_negative
I feel like ending everything and I feel unsafe with myself please help,very_negative
I feel like ending everything and I feel unsafe with myself I am serious,very_negative
I feel like ending everything and I want this to end forever,very_negative
I feel like ending everything and I want this to end forever please help,very_negative
I feel like ending everything and I want this to end forever I am serious,very_negative
I feel beyond repair,very_negative
I feel beyond repair please help,very_negative
I feel beyond repair I am serious,very_negative
I feel beyond repair and I cannot go on,very_negative
I feel beyond repair and I cannot go on please help,very_negative
I feel beyond repair and I cannot go on I am serious,very_negative
I feel beyond repair and I do not want to be here,very_negative
I feel beyond repair and I do not want to be here please help,very_negative
I feel beyond repair and I do not want to be here I am serious,very_negative
I feel beyond repair and I feel unsafe with myself,very_negative
I feel beyond repair and I feel unsafe with myself please help,very_negative
I feel beyond repair and I feel unsafe with myself I am serious,very_negative
I feel beyond repair and I want this to end forever,very_negative
I feel beyond repair and I want this to end forever please help,very_negative
I feel beyond repair and I want this to end forever I am serious,very_negative
I feel like nothing will ever get better,very_negative
I feel like nothing will ever get better please help,very_negative
I feel like nothing will ever get better I am serious,very_negative
I feel like nothing will ever get better and I cannot go on,very_negative
I feel like nothing will ever get better and I cannot go on please help,very_negative
I feel like nothing will ever get better and I cannot go on I am serious,very_negative
I feel like nothing will ever get better and I do not want to be here,very_negative
I feel like nothing will ever get better and I do not want to be here please help,very_negative
I feel like nothing will ever get better and I do not want to be here I am serious,very_negative
I feel like nothing will ever get better and I feel unsafe with myself,very_negative
I feel like nothing will ever get better and I feel unsafe with myself please help,very_negative
I feel like nothing will ever get better and I feel unsafe with myself I am serious,very_negative
I feel like nothing will ever get better and I want this to end forever,very_negative
I feel like nothing will ever get better and I want this to end forever please help,very_negative
I feel like nothing will ever get better and I want this to end forever I am serious,very_negative
I feel like the pain will never stop,very_negative
I feel like the pain will never stop please help,very_negative
I feel like the pain will never stop I am serious,very_negative
I feel like the pain will never stop and I cannot go on,very_negative
I feel like the pain will never stop and I cannot go on please help,very_negative
I feel like the pain will never stop and I cannot go on I am serious,very_negative
I feel like the pain will never stop and I do not want to be here,very_negative
I feel like the pain will never stop and I do not want to be here please help,very_negative
I feel like the pain will never stop and I do not want to be here I am serious,very_negative
I feel like the pain will never stop and I feel unsafe with myself,very_negative
I feel like the pain will never stop and I feel unsafe with myself please help,very_negative
I feel like the pain will never stop and I feel unsafe with myself I am serious,very_negative
I feel like the pain will never stop and I want this to end forever,very_negative
I feel like the pain will never stop and I want this to end forever please help,very_negative
I feel like the pain will never stop and I want this to end forever I am serious,very_negative
Lately I feel completely hopeless,very_negative
Lately I feel completely hopeless please help,very_negative
Lately I feel completely hopeless I am serious,very_negative
Lately I feel completely hopeless and I cannot go on,very_negative
Lately I feel completely hopeless and I cannot go on please help,very_negative
Lately I feel completely hopeless and I cannot go on I am serious,very_negative
Lately I feel completely hopeless and I do not want to be here,very_negative
Lately I feel completely hopeless and I do not want to be here please help,very_negative
Lately I feel completely hopeless and I do not want to be here I am serious,very_negative
Lately I feel completely hopeless and I feel unsafe with myself,very_negative
Lately I feel completely hopeless and I feel unsafe with myself please help,very_negative
Lately I feel completely hopeless and I feel unsafe with myself I am serious,very_negative
Lately I feel completely hopeless and I want this to end forever,very_negative
Lately I feel completely hopeless and I want this to end forever please help,very_negative
Lately I feel completely hopeless and I want this to end forever I am serious,very_negative
Lately I feel like life is not worth it,very_negative
Lately I feel like life is not worth it please help,very_negative
Lately I feel like life is not worth it I am serious,very_negative
Lately I feel like life is not worth it and I cannot go on,very_negative
Lately I feel like life is not worth it and I cannot go on please help,very_negative
Lately I feel like life is not worth it and I cannot go on I am serious,very_negative
Lately I feel like life is not worth it and I do not want to be here,very_negative
Lately I feel like life is not worth it and I do not want to be here please help,very_negative
Lately I feel like life is not worth it and I do not want to be here I am serious,very_negative
Lately I feel like life is not worth it and I feel unsafe with myself,very_negative
Lately I feel like life is not worth it and I feel unsafe with myself please help,very_negative
Lately I feel like life is not worth it and I feel unsafe with myself I am serious,very_negative
Lately I feel like life is not worth it and I want this to end forever,very_negative
Lately I feel like life is not worth it and I want this to end forever please help,very_negative
Lately I feel like life is not worth it and I want this to end forever I am serious,very_negative
Lately I feel like I should disappear,very_negative
Lately I feel like I should disappear please help,very_negative
Lately I feel like I should disappear I am serious,very_negative
Lately I feel like I should disappear and I cannot go on,very_negative
Lately I feel like I should disappear and I cannot go on please help,very_negative
Lately I feel like I should disappear and I cannot go on I am serious,very_negative
Lately I feel like I should disappear and I do not want to be here,very_negative
Lately I feel like I should disappear and I do not want to be here please help,very_negative
Lately I feel like I should disappear and I do not want to be here I am serious,very_negative
Lately I feel like I should disappear and I feel unsafe with myself,very_negative
Lately I feel like I should disappear and I feel unsafe with myself please help,very_negative
Lately I feel like I should disappear and I feel unsafe with myself I am serious,very_negative
Lately I feel like I should disappear and I want this to end forever,very_negative
Lately I feel like I should disappear and I want this to end forever please help,very_negative
Lately I feel like I should disappear and I want this to end forever I am serious,very_negative
Lately I feel like ending everything,very_negative
Lately I feel like ending everything please help,very_negative
Lately I feel like ending everything I am serious,very_negative
Lately I feel like ending everything and I cannot go on,very_negative
Lately I feel like ending everything and I cannot go on please help,very_negative
Lately I feel like ending everything and I cannot go on I am serious,very_negative
Lately I feel like ending everything and I do not want to be here,very_negative
Lately I feel like ending everything and I do not want to be here please help,very_negative
Lately I feel like ending everything and I do not want to be here I am serious,very_negative
Lately I feel like ending everything and I feel unsafe with myself,very_negative
Lately I feel like ending everything and I feel unsafe with myself please help,very_negative
Lately I feel like ending everything and I feel unsafe with myself I am serious,very_negative
Lately I feel like ending everything and I want this to end forever,very_negative
Lately I feel like ending everything and I want this to end forever please help,very_negative
Lately I feel like ending everything and I want this to end forever I am serious,very_negative
Lately I feel beyond repair,very_negative
Lately I feel beyond repair please help,very_negative
Lately I feel beyond repair I am serious,very_negative
Lately I feel beyond repair and I cannot go on,very_negative
Lately I feel beyond repair and I cannot go on please help,very_negative
Lately I feel beyond repair and I cannot go on I am serious,very_negative
Lately I feel beyond repair and I do not want to be here,very_negative
Lately I feel beyond repair and I do not want to be here please help,very_negative
Lately I feel beyond repair and I do not want to be here I am serious,very_negative
Lately I feel beyond repair and I feel unsafe with myself,very_negative
Lately I feel beyond repair and I feel unsafe with myself please help,very_negative
Lately I feel beyond repair and I feel unsafe with myself I am serious,very_negative
Lately I feel beyond repair and I want this to end forever,very_negative
Lately I feel beyond repair and I want this to end forever please help,very_negative
Lately I feel beyond repair and I want this to end forever I am serious,very_negative
Lately I feel like nothing will ever get better,very_negative
Lately I feel like nothing will ever get better please help,very_negative
Lately I feel like nothing will ever get better I am serious,very_negative
Lately I feel like nothing will ever get better and I cannot go on,very_negative
Lately I feel like nothing will ever get better and I cannot go on please help,very_negative
Lately I feel like nothing will ever get better and I cannot go on I am serious,very_negative
Lately I feel like nothing will ever get better and I do not want to be here,very_negative
Lately I feel like nothing will ever get better and I do not want to be here please help,very_negative
Lately I feel like nothing will ever get better and I do not want to be here I am serious,very_negative
Lately I feel like nothing will ever get better and I feel unsafe with myself,very_negative
Lately I feel like nothing will ever get better and I feel unsafe with myself please help,very_negative
Lately I feel like nothing will ever get better and I feel unsafe with myself I am serious,very_negative
Lately I feel like nothing will ever get better and I want this to end forever,very_negative
Lately I feel like nothing will ever get better and I want this to end forever please help,very_negative
Lately I feel like nothing will ever get better and I want this to end forever I am serious,very_negative
Lately I feel like the pain will never stop,very_negative
Lately I feel like the pain will never stop please help,very_negative
Lately I feel like the pain will never stop I am serious,very_negative
Lately I feel like the pain will never stop and I cannot go on,very_negative
Lately I feel like the pain will never stop and I cannot go on please help,very_negative
Lately I feel like the pain will never stop and I cannot go on I am serious,very_negative
Lately I feel like the pain will never stop and I do not want to be here,very_negative
Lately I feel like the pain will never stop and I do not want to be here please help,very_negative
Lately I feel like the pain will never stop and I do not want to be here I am serious,very_negative
Lately I feel like the pain will never stop and I feel unsafe with myself,very_negative
Lately I feel like the pain will never stop and I feel unsafe with myself please help,very_negative
Lately I feel like the pain will never stop and I feel unsafe with myself I am serious,very_negative
Lately I feel like the pain will never stop and I want this to end forever,very_negative
Lately I feel like the pain will never stop and I want this to end forever please help,very_negative
Lately I feel like the pain will never stop and I want this to end forever I am serious,very_negative
Right now I feel completely hopeless,very_negative
Right now I feel completely hopeless please help,very_negative
Right now I feel completely hopeless I am serious,very_negative
Right now I feel completely hopeless and I cannot go on,very_negative
Right now I feel completely hopeless and I cannot go on please help,very_negative
Right now I feel completely hopeless and I cannot go on I am serious,very_negative
Right now I feel completely hopeless and I do not want to be here,very_negative
Right now I feel completely hopeless and I do not want to be here please help,very_negative
Right now I feel completely hopeless and I do not want to be here I am serious,very_negative
Right now I feel completely hopeless and I feel unsafe with myself,very_negative
Right now I feel completely hopeless and I feel unsafe with myself please help,very_negative
Right now I feel completely hopeless and I feel unsafe with myself I am serious,very_negative
Right now I feel completely hopeless and I want this to end forever,very_negative
Right now I feel completely hopeless and I want this to end forever please help,very_negative
Right now I feel completely hopeless and I want this to end forever I am serious,very_negative
Right now I feel like life is not worth it,very_negative
Right now I feel like life is not worth it please help,very_negative
Right now I feel like life is not worth it I am serious,very_negative
Right now I feel like life is not worth it and I cannot go on,very_negative
Right now I feel like life is not worth it and I cannot go on please help,very_negative
Right now I feel like life is not worth it and I cannot go on I am serious,very_negative
Right now I feel like life is not worth it and I do not want to be here,very_negative
Right now I feel like life is not worth it and I do not want to be here please help,very_negative
Right now I feel like life is not worth it and I do not want to be here I am serious,very_negative
Right now I feel like life is not worth it and I feel unsafe with myself,very_negative
Right now I feel like life is not worth it and I feel unsafe with myself please help,very_negative
Right now I feel like life is not worth it and I feel unsafe with myself I am serious,very_negative
Right now I feel like life is not worth it and I want this to end forever,very_negative
Right now I feel like life is not worth it and I want this to end forever please help,very_negative
Right now I feel like life is not worth it and I want this to end forever I am serious,very_negative
Right now I feel like I should disappear,very_negative
Right now I feel like I should disappear please help,very_negative
Right now I feel like I should disappear I am serious,very_negative
Right now I feel like I should disappear and I cannot go on,very_negative
Right now I feel like I should disappear and I cannot go on please help,very_negative
Right now I feel like I should disappear and I cannot go on I am serious,very_negative
Right now I feel like I should disappear and I do not want to be here,very_negative
Right now I feel like I should disappear and I do not want to be here please help,very_negative
Right now I feel like I should disappear and I do not want to be here I am serious,very_negative
Right now I feel like I should disappear and I feel unsafe with myself,very_negative
Right now I feel like I should disappear and I feel unsafe with myself please help,very_negative
Right now I feel like I should disappear and I feel unsafe with myself I am serious,very_negative
Right now I feel like I should disappear and I want this to end forever,very_negative
Right now I feel like I should disappear and I want this to end forever please help,very_negative
Right now I feel like I should disappear and I want this to end forever I am serious,very_negative
Right now I feel like ending everything,very_negative
Right now I feel like ending everything please help,very_negative
Right now I feel like ending everything I am serious,very_negative
Right now I feel like ending everything and I cannot go on,very_negative
Right now I feel like ending everything and I cannot go on please help,very_negative
Right now I feel like ending everything and I cannot go on I am serious,very_negative
Right now I feel like ending everything and I do not want to be here,very_negative
Right now I feel like ending everything and I do not want to be here please help,very_negative
Right now I feel like ending everything and I do not want to be here I am serious,very_negative
Right now I feel like ending everything and I feel unsafe with myself,very_negative
Right now I feel like ending everything and I feel unsafe with myself please help,very_negative
Right now I feel like ending everything and I feel unsafe with myself I am serious,very_negative
Right now I feel like ending everything and I want this to end forever,very_negative
Right now I feel like ending everything and I want this to end forever please help,very_negative
Right now I feel like ending everything and I want this to end forever I am serious,very_negative
Right now I feel beyond repair,very_negative
Right now I feel beyond repair please help,very_negative
Right now I feel beyond repair I am serious,very_negative
Right now I feel beyond repair and I cannot go on,very_negative
Right now I feel beyond repair and I cannot go on please help,very_negative
Right now I feel beyond repair and I cannot go on I am serious,very_negative
Right now I feel beyond repair and I do not want to be here,very_negative
Right now I feel beyond repair and I do not want to be here please help,very_negative
Right now I feel beyond repair and I do not want to be here I am serious,very_negative
Right now I feel beyond repair and I feel unsafe with myself,very_negative
Right now I feel beyond repair and I feel unsafe with myself please help,very_negative
Right now I feel beyond repair and I feel unsafe with myself I am serious,very_negative
Right now I feel beyond repair and I want this to end forever,very_negative
Right now I feel beyond repair and I want this to end forever please help,very_negative
Right now I feel beyond repair and I want this to end forever I am serious,very_negative
Right now I feel like nothing will ever get better,very_negative
Right now I feel like nothing will ever get better please help,very_negative
Right now I feel like nothing will ever get better I am serious,very_negative
Right now I feel like nothing will ever get better and I cannot go on,very_negative
Right now I feel like nothing will ever get better and I cannot go on please help,very_negative
Right now I feel like nothing will ever get better and I cannot go on I am serious,very_negative
Right now I feel like nothing will ever get better and I do not want to be here,very_negative
Right now I feel like nothing will ever get better and I do not want to be here please help,very_negative
Right now I feel like nothing will ever get better and I do not want to be here I am serious,very_negative
Right now I feel like nothing will ever get better and I feel unsafe with myself,very_negative
Right now I feel like nothing will ever get better and I feel unsafe with myself please help,very_negative
Right now I feel like nothing will ever get better and I feel unsafe with myself I am serious,very_negative
Right now I feel like nothing will ever get better and I want this to end forever,very_negative
Right now I feel like nothing will ever get better and I want this to end forever please help,very_negative
Right now I feel like nothing will ever get better and I want this to end forever I am serious,very_negative
Right now I feel like the pain will never stop,very_negative
Right now I feel like the pain will never stop please help,very_negative
Right now I feel like the pain will never stop I am serious,very_negative
Right now I feel like the pain will never stop and I cannot go on,very_negative
Right now I feel like the pain will never stop and I cannot go on please help,very_negative
Right now I feel like the pain will never stop and I cannot go on I am serious,very_negative
Right now I feel like the pain will never stop and I do not want to be here,very_negative
Right now I feel like the pain will never stop and I do not want to be here please help,very_negative
Right now I feel like the pain will never stop and I do not want to be here I am serious,very_negative
Right now I feel like the pain will never stop and I feel unsafe with myself,very_negative
Right now I feel like the pain will never stop and I feel unsafe with myself please help,very_negative
Right now I feel like the pain will never stop and I feel unsafe with myself I am serious,very_negative
Right now I feel like the pain will never stop and I want this to end forever,very_negative
Right now I feel like the pain will never stop and I want this to end forever please help,very_negative
Right now I feel like the pain will never stop and I want this to end forever I am serious,very_negative
Every day I feel completely hopeless,very_negative
Every day I feel completely hopeless please help,very_negative
Every day I feel completely hopeless I am serious,very_negative
Every day I feel completely hopeless and I cannot go on,very_negative
Every day I feel completely hopeless and I cannot go on please help,very_negative
Every day I feel completely hopeless and I cannot go on I am serious,very_negative
Every day I feel completely hopeless and I do not want to be here,very_negative
Every day I feel completely hopeless and I do not want to be here please help,very_negative
Every day I feel completely hopeless and I do not want to be here I am serious,very_negative
Every day I feel completely hopeless and I feel unsafe with myself,very_negative
Every day I feel completely hopeless and I feel unsafe with myself please help,very_negative
Every day I feel completely hopeless and I feel unsafe with myself I am serious,very_negative
Every day I feel completely hopeless and I want this to end forever,very_negative
Every day I feel completely hopeless and I want this to end forever please help,very_negative
Every day I feel completely hopeless and I want this to end forever I am serious,very_negative
Every day I feel like life is not worth it,very_negative
Every day I feel like life is not worth it please help,very_negative
Every day I feel like life is not worth it I am serious,very_negative
Every day I feel like life is not worth it and I cannot go on,very_negative
Every day I feel like life is not worth it and I cannot go on please help,very_negative
Every day I feel like life is not worth it and I cannot go on I am serious,very_negative
Every day I feel like life is not worth it and I do not want to be here,very_negative
Every day I feel like life is not worth it and I do not want to be here please help,very_negative
Every day I feel like life is not worth it and I do not want to be here I am serious,very_negative
Every day I feel like life is not worth it and I feel unsafe with myself,very_negative
Every day I feel like life is not worth it and I feel unsafe with myself please help,very_negative
Every day I feel like life is not worth it and I feel unsafe with myself I am serious,very_negative
Every day I feel like life is not worth it and I want this to end forever,very_negative
Every day I feel like life is not worth it and I want this to end forever please help,very_negative
Every day I feel like life is not worth it and I want this to end forever I am serious,very_negative
Every day I feel like I should disappear,very_negative
Every day I feel like I should disappear please help,very_negative
Every day I feel like I should disappear I am serious,very_negative
Every day I feel like I should disappear and I cannot go on,very_negative
Every day I feel like I should disappear and I cannot go on please help,very_negative
Every day I feel like I should disappear and I cannot go on I am serious,very_negative
Every day I feel like I should disappear and I do not want to be here,very_negative
Every day I feel like I should disappear and I do not want to be here please help,very_negative
Every day I feel like I should disappear and I do not want to be here I am serious,very_negative
Every day I feel like I should disappear and I feel unsafe with myself,very_negative
Every day I feel like I should disappear and I feel unsafe with myself please help,very_negative
Every day I feel like I should disappear and I feel unsafe with myself I am serious,very_negative
Every day I feel like I should disappear and I want this to end forever,very_negative
Every day I feel like I should disappear and I want this to end forever please help,very_negative
Every day I feel like I should disappear and I want this to end forever I am serious,very_negative
Every day I feel like ending everything,very_negative
Every day I feel like ending everything please help,very_negative
Every day I feel like ending everything I am serious,very_negative
Every day I feel like ending everything and I cannot go on,very_negative
Every day I feel like ending everything and I cannot go on please help,very_negative
Every day I feel like ending everything and I cannot go on I am serious,very_negative
Every day I feel like ending everything and I do not want to be here,very_negative
Every day I feel like ending everything and I do not want to be here please help,very_negative
Every day I feel like ending everything and I do not want to be here I am serious,very_negative
Every day I feel like ending everything and I feel unsafe with myself,very_negative
Every day I feel like ending everything and I feel unsafe with myself please help,very_negative
Every day I feel like ending everything and I feel unsafe with myself I am serious,very_negative
Every day I feel like ending everything and I want this to end forever,very_negative
Every day I feel like ending everything and I want this to end forever please help,very_negative
Every day I feel like ending everything and I want this to end forever I am serious,very_negative
Every day I feel beyond repair,very_negative
Every day I feel beyond repair please help,very_negative
Every day I feel beyond repair I am serious,very_negative
Every day I feel beyond repair and I cannot go on,very_negative
Every day I feel beyond repair and I cannot go on please help,very_negative
Every day I feel beyond repair and I cannot go on I am serious,very_negative
Every day I feel beyond repair and I do not want to be here,very_negative
Every day I feel beyond repair and I do not want to be here please help,very_negative
Every day I feel beyond repair and I do not want to be here I am serious,very_negative
Every day I feel beyond repair and I feel unsafe with myself,very_negative
Every day I feel beyond repair and I feel unsafe with myself please help,very_negative
Every day I feel beyond repair and I feel unsafe with myself I am serious,very_negative
Every day I feel beyond repair and I want this to end forever,very_negative
Every day I feel beyond repair and I want this to end forever please help,very_negative
Every day I feel beyond repair and I want this to end forever I am serious,very_negative
Every day I feel like nothing will ever get better,very_negative
Every day I feel like nothing will ever get better please help,very_negative
Every day I feel like nothing will ever get better I am serious,very_negative
Every day I feel like nothing will ever get better and I cannot go on,very_negative
Every day I feel like nothing will ever get better and I cannot go on please help,very_negative
Every day I feel like nothing will ever get better and I cannot go on I am serious,very_negative
Every day I feel like nothing will ever get better and I do not want to be here,very_negative
Every day I feel like nothing will ever get better and I do not want to be here please help,very_negative
Every day I feel like nothing will ever get better and I do not want to be here I am serious,very_negative
Every day I feel like nothing will ever get better and I feel unsafe with myself,very_negative
Every day I feel like nothing will ever get better and I feel unsafe with myself please help,very_negative
Every day I feel like nothing will ever get better and I feel unsafe with myself I am serious,very_negative
Every day I feel like nothing will ever get better and I want this to end forever,very_negative
Every day I feel like nothing will ever get better and I want this to end forever please help,very_negative
Every day I feel like nothing will ever get better and I want this to end forever I am serious,very_negative
Every day I feel like the pain will never stop,very_negative
Every day I feel like the pain will never stop please help,very_negative
Every day I feel like the pain will never stop I am serious,very_negative
Every day I feel like the pain will never stop and I cannot go on,very_negative
Every day I feel like the pain will never stop and I cannot go on please help,very_negative
Every day I feel like the pain will never stop and I cannot go on I am serious,very_negative
Every day I feel like the pain will never stop and I do not want to be here,very_negative
Every day I feel like the pain will never stop and I do not want to be here please help,very_negative
Every day I feel like the pain will never stop and I do not want to be here I am serious,very_negative
Every day I feel like the pain will never stop and I feel unsafe with myself,very_negative
Every day I feel like the pain will never stop and I feel unsafe with myself please help,very_negative
Every day I feel like the pain will never stop and I feel unsafe with myself I am serious,very_negative
Every day I feel like the pain will never stop and I want this to end forever,very_negative
Every day I feel like the pain will never stop and I want this to end forever please help,very_negative
Every day I feel like the pain will never stop and I want this to end forever I am serious,very_negative
Honestly I feel completely hopeless,very_negative
Honestly I feel completely hopeless please help,very_negative
Honestly I feel completely hopeless I am serious,very_negative
Honestly I feel completely hopeless and I cannot go on,very_negative
Honestly I feel completely hopeless and I cannot go on please help,very_negative
Honestly I feel completely hopeless and I cannot go on I am serious,very_negative
Honestly I feel completely hopeless and I do not want to be here,very_negative
Honestly I feel completely hopeless and I do not want to be here please help,very_negative
Honestly I feel completely hopeless and I do not want to be here I am serious,very_negative
Honestly I feel completely hopeless and I feel unsafe with myself,very_negative
Honestly I feel completely hopeless and I feel unsafe with myself please help,very_negative
Honestly I feel completely hopeless and I feel unsafe with myself I am serious,very_negative
Honestly I feel completely hopeless and I want this to end forever,very_negative
Honestly I feel completely hopeless and I want this to end forever please help,very_negative
Honestly I feel completely hopeless and I want this to end forever I am serious,very_negative
Honestly I feel like life is not worth it,very_negative
Honestly I feel like life is not worth it please help,very_negative
Honestly I feel like life is not worth it I am serious,very_negative
Honestly I feel like life is not worth it and I cannot go on,very_negative
Honestly I feel like life is not worth it and I cannot go on please help,very_negative
Honestly I feel like life is not worth it and I cannot go on I am serious,very_negative
Honestly I feel like life is not worth it and I do not want to be here,very_negative
Honestly I feel like life is not worth it and I do not want to be here please help,very_negative
Honestly I feel like life is not worth it and I do not want to be here I am serious,very_negative
Honestly I feel like life is not worth it and I feel unsafe with myself,very_negative
Honestly I feel like life is not worth it and I feel unsafe with myself please help,very_negative
Honestly I feel like life is not worth it and I feel unsafe with myself I am serious,very_negative
Honestly I feel like life is not worth it and I want this to end forever,very_negative
Honestly I feel like life is not worth it and I want this to end forever please help,very_negative
Honestly I feel like life is not worth it and I want this to end forever I am serious,very_negative
Honestly I feel like I should disappear,very_negative
Honestly I feel like I should disappear please help,very_negative
Honestly I feel like I should disappear I am serious,very_negative
Honestly I feel like I should disappear and I cannot go on,very_negative
Honestly I feel like I should disappear and I cannot go on please help,very_negative
Honestly I feel like I should disappear and I cannot go on I am serious,very_negative
Honestly I feel like I should disappear and I do not want to be here,very_negative
Honestly I feel like I should disappear and I do not want to be here please help,very_negative
Honestly I feel like I should disappear and I do not want to be here I am serious,very_negative
Honestly I feel like I should disappear and I feel unsafe with myself,very_negative
Honestly I feel like I should disappear and I feel unsafe with myself please help,very_negative
Honestly I feel like I should disappear and I feel unsafe with myself I am serious,very_negative
Honestly I feel like I should disappear and I want this to end forever,very_negative
Honestly I feel like I should disappear and I want this to end forever please help,very_negative
Honestly I feel like I should disappear and I want this to end forever I am serious,very_negative
Honestly I feel like ending everything,very_negative
Honestly I feel like ending everything please help,very_negative
Honestly I feel like ending everything I am serious,very_negative
Honestly I feel like ending everything and I cannot go on,very_negative
Honestly I feel like ending everything and I cannot go on please help,very_negative
Honestly I feel like ending everything and I cannot go on I am serious,very_negative
Honestly I feel like ending everything and I do not want to be here,very_negative
Honestly I feel like ending everything and I do not want to be here please help,very_negative
Honestly I feel like ending everything and I do not want to be here I am serious,very_negative
Honestly I feel like ending everything and I feel unsafe with myself,very_negative
Honestly I feel like ending everything and I feel unsafe with myself please help,very_negative
Honestly I feel like ending everything and I feel unsafe with myself I am serious,very_negative
Honestly I feel like ending everything and I want this to end forever,very_negative
Honestly I feel like ending everything and I want this to end forever please help,very_negative
Honestly I feel like ending everything and I want this to end forever I am serious,very_negative
Honestly I feel beyond repair,very_negative
Honestly I feel beyond repair please help,very_negative
Honestly I feel beyond repair I am serious,very_negative
Honestly I feel beyond repair and I cannot go on,very_negative
Honestly I feel beyond repair and I cannot go on please help,very_negative
Honestly I feel beyond repair and I cannot go on I am serious,very_negative
Honestly I feel beyond repair and I do not want to be here,very_negative
Honestly I feel beyond repair and I do not want to be here please help,very_negative
Honestly I feel beyond repair and I do not want to be here I am serious,very_negative
Honestly I feel beyond repair and I feel unsafe with myself,very_negative
Honestly I feel beyond repair and I feel unsafe with myself please help,very_negative
Honestly I feel beyond repair and I feel unsafe with myself I am serious,very_negative
Honestly I feel beyond repair and I want this to end forever,very_negative
Honestly I feel beyond repair and I want this to end forever please help,very_negative
Honestly I feel beyond repair and I want this to end forever I am serious,very_negative
Honestly I feel like nothing will ever get better,very_negative
Honestly I feel like nothing will ever get better please help,very_negative
Honestly I feel like nothing will ever get better I am serious,very_negative
Honestly I feel like nothing will ever get better and I cannot go on,very_negative
Honestly I feel like nothing will ever get better and I cannot go on please help,very_negative
Honestly I feel like nothing will ever get better and I cannot go on I am serious,very_negative
Honestly I feel like nothing will ever get better and I do not want to be here,very_negative
Honestly I feel like nothing will ever get better and I do not want to be here please help,very_negative
Honestly I feel like nothing will ever get better and I do not want to be here I am serious,very_negative
Honestly I feel like nothing will ever get better and I feel unsafe with myself,very_negative
Honestly I feel like nothing will ever get better and I feel unsafe with myself please help,very_negative
Honestly I feel like nothing will ever get better and I feel unsafe with myself I am serious,very_negative
Honestly I feel like nothing will ever get better and I want this to end forever,very_negative
Honestly I feel like nothing will ever get better and I want this to end forever please help,very_negative
Honestly I feel like nothing will ever get better and I want this to end forever I am serious,very_negative
Honestly I feel like the pain will never stop,very_negative
Honestly I feel like the pain will never stop please help,very_negative
Honestly I feel like the pain will never stop I am serious,very_negative
Honestly I feel like the pain will never stop and I cannot go on,very_negative
Honestly I feel like the pain will never stop and I cannot go on please help,very_negative
Honestly I feel like the pain will never stop and I cannot go on I am serious,very_negative
Honestly I feel like the pain will never stop and I do not want to be here,very_negative
Honestly I feel like the pain will never stop and I do not want to be here please help,very_negative
Honestly I feel like the pain will never stop and I do not want to be here I am serious,very_negative
Honestly I feel like the pain will never stop and I feel unsafe with myself,very_negative
Honestly I feel like the pain will never stop and I feel unsafe with myself please help,very_negative
Honestly I feel like the pain will never stop and I feel unsafe with myself I am serious,very_negative
Honestly I feel like the pain will never stop and I want this to end forever,very_negative
Honestly I feel like the pain will never stop and I want this to end forever please help,very_negative
Honestly I feel like the pain will never stop and I want this to end forever I am serious,very_negative
I feel anxious and tense,negative
I feel anxious and tense right now,negative
I feel anxious and tense today,negative
I feel anxious and tense since yesterday,negative
I feel anxious and tense since yesterday right now,negative
I feel anxious and tense since yesterday today,negative
I feel anxious and tense all day,negative
I feel anxious and tense all day right now,negative
I feel anxious and tense all day today,negative
I feel anxious and tense and it is hard to function,negative
I feel anxious and tense and it is hard to function right now,negative
I feel anxious and tense and it is hard to function today,negative
I feel anxious and tense and I do not feel okay,negative
I feel anxious and tense and I do not feel okay right now,negative
I feel anxious and tense and I do not feel okay today,negative
I feel anxious and tense because nothing feels easy,negative
I feel anxious and tense because nothing feels easy right now,negative
I feel anxious and tense because nothing feels easy today,negative
I feel sad and tired,negative
I feel sad and tired right now,negative
I feel sad and tired today,negative
I feel sad and tired since yesterday,negative
I feel sad and tired since yesterday right now,negative
I feel sad and tired since yesterday today,negative
I feel sad and tired all day,negative
I feel sad and tired all day right now,negative
I feel sad and tired all day today,negative
I feel sad and tired and it is hard to function,negative
I feel sad and tired and it is hard to function right now,negative
I feel sad and tired and it is hard to function today,negative
I feel sad and tired and I do not feel okay,negative
I feel sad and tired and I do not feel okay right now,negative
I feel sad and tired and I do not feel okay today,negative
I feel sad and tired because nothing feels easy,negative
I feel sad and tired because nothing feels easy right now,negative
I feel sad and tired because nothing feels easy today,negative
I feel stressed and overwhelmed,negative
I feel stressed and overwhelmed right now,negative
I feel stressed and overwhelmed today,negative
I feel stressed and overwhelmed since yesterday,negative
I feel stressed and overwhelmed since yesterday right now,negative
I feel stressed and overwhelmed since yesterday today,negative
I feel stressed and overwhelmed all day,negative
I feel stressed and overwhelmed all day right now,negative
I feel stressed and overwhelmed all day today,negative
I feel stressed and overwhelmed and it is hard to function,negative
I feel stressed and overwhelmed and it is hard to function right now,negative
I feel stressed and overwhelmed and it is hard to function today,negative
I feel stressed and overwhelmed and I do not feel okay,negative
I feel stressed and overwhelmed and I do not feel okay right now,negative
I feel stressed and overwhelmed and I do not feel okay today,negative
I feel stressed and overwhelmed because nothing feels easy,negative
I feel stressed and overwhelmed because nothing feels easy right now,negative
I feel stressed and overwhelmed because nothing feels easy today,negative
I feel really lonely,negative
I feel really lonely right now,negative
I feel really lonely today,negative
I feel really lonely since yesterday,negative
I feel really lonely since yesterday right now,negative
I feel really lonely since yesterday today,negative
I feel really lonely all day,negative
I feel really lonely all day right now,negative
I feel really lonely all day today,negative
I feel really lonely and it is hard to function,negative
I feel really lonely and it is hard to function right now,negative
I feel really lonely and it is hard to function today,negative
I feel really lonely and I do not feel okay,negative
I feel really lonely and I do not feel okay right now,negative
I feel really lonely and I do not feel okay today,negative
I feel really lonely because nothing feels easy,negative
I feel really lonely because nothing feels easy right now,negative
I feel really lonely because nothing feels easy today,negative
I feel drained and unmotivated,negative
I feel drained and unmotivated right now,negative
I feel drained and unmotivated today,negative
I feel drained and unmotivated since yesterday,negative
I feel drained and unmotivated since yesterday right now,negative
I feel drained and unmotivated since yesterday today,negative
I feel drained and unmotivated all day,negative
I feel drained and unmotivated all day right now,negative
I feel drained and unmotivated all day today,negative
I feel drained and unmotivated and it is hard to function,negative
I feel drained and unmotivated and it is hard to function right now,negative
I feel drained and unmotivated and it is hard to function today,negative
I feel drained and unmotivated and I do not feel okay,negative
I feel drained and unmotivated and I do not feel okay right now,negative
I feel drained and unmotivated and I do not feel okay today,negative
I feel drained and unmotivated because nothing feels easy,negative
I feel drained and unmotivated because nothing feels easy right now,negative
I feel drained and unmotivated because nothing feels easy today,negative
I feel worried about everything,negative
I feel worried about everything right now,negative
I feel worried about everything today,negative
I feel worried about everything since yesterday,negative
I feel worried about everything since yesterday right now,negative
I feel worried about everything since yesterday today,negative
I feel worried about everything all day,negative
I feel worried about everything all day right now,negative
I feel worried about everything all day today,negative
I feel worried about everything and it is hard to function,negative
I feel worried about everything and it is hard to function right now,negative
I feel worried about everything and it is hard to function today,negative
I feel worried about everything and I do not feel okay,negative
I feel worried about everything and I do not feel okay right now,negative
I feel worried about everything and I do not feel okay today,negative
I feel worried about everything because nothing feels easy,negative
I feel worried about everything because nothing feels easy right now,negative
I feel worried about everything because nothing feels easy today,negative
I feel sick with fever and body pain,negative
I feel sick with fever and body pain right now,negative
I feel sick with fever and body pain today,negative
I feel sick with fever and body pain since yesterday,negative
I feel sick with fever and body pain since yesterday right now,negative
I feel sick with fever and body pain since yesterday today,negative
I feel sick with fever and body pain all day,negative
I feel sick with fever and body pain all day right now,negative
I feel sick with fever and body pain all day today,negative
I feel sick with fever and body pain and it is hard to function,negative
I feel sick with fever and body pain and it is hard to function right now,negative
I feel sick with fever and body pain and it is hard to function today,negative
I feel sick with fever and body pain and I do not feel okay,negative
I feel sick with fever and body pain and I do not feel okay right now,negative
I feel sick with fever and body pain and I do not feel okay today,negative
I feel sick with fever and body pain because nothing feels easy,negative
I feel sick with fever and body pain because nothing feels easy right now,negative
I feel sick with fever and body pain because nothing feels easy today,negative
I feel miserable with a cold and cough,negative
I feel miserable with a cold and cough right now,negative
I feel miserable with a cold and cough today,negative
I feel miserable with a cold and cough since yesterday,negative
I feel miserable with a cold and cough since yesterday right now,negative
I feel miserable with a cold and cough since yesterday today,negative
I feel miserable with a cold and cough all day,negative
I feel miserable with a cold and cough all day right now,negative
I feel miserable with a cold and cough all day today,negative
I feel miserable with a cold and cough and it is hard to function,negative
I feel miserable with a cold and cough and it is hard to function right now,negative
I feel miserable with a cold and cough and it is hard to function today,negative
I feel miserable with a cold and cough and I do not feel okay,negative
I feel miserable with a cold and cough and I do not feel okay right now,negative
I feel miserable with a cold and cough and I do not feel okay today,negative
I feel miserable with a cold and cough because nothing feels easy,negative
I feel miserable with a cold and cough because nothing feels easy right now,negative
I feel miserable with a cold and cough because nothing feels easy today,negative
I feel nauseous and weak,negative
I feel nauseous and weak right now,negative
I feel nauseous and weak today,negative
I feel nauseous and weak since yesterday,negative
I feel nauseous and weak since yesterday right now,negative
I feel nauseous and weak since yesterday today,negative
I feel nauseous and weak all day,negative
I feel nauseous and weak all day right now,negative
I feel nauseous and weak all day today,negative
I feel nauseous and weak and it is hard to function,negative
I feel nauseous and weak and it is hard to function right now,negative
I feel nauseous and weak and it is hard to function today,negative
I feel nauseous and weak and I do not feel okay,negative
I feel nauseous and weak and I do not feel okay right now,negative
I feel nauseous and weak and I do not feel okay today,negative
I feel nauseous and weak because nothing feels easy,negative
I feel nauseous and weak because nothing feels easy right now,negative
I feel nauseous and weak because nothing feels easy today,negative
I feel exhausted after not sleeping,negative
I feel exhausted after not sleeping right now,negative
I feel exhausted after not sleeping today,negative
I feel exhausted after not sleeping since yesterday,negative
I feel exhausted after not sleeping since yesterday right now,negative
I feel exhausted after not sleeping since yesterday today,negative
I feel exhausted after not sleeping all day,negative
I feel exhausted after not sleeping all day right now,negative
I feel exhausted after not sleeping all day today,negative
I feel exhausted after not sleeping and it is hard to function,negative
I feel exhausted after not sleeping and it is hard to function right now,negative
I feel exhausted after not sleeping and it is hard to function today,negative
I feel exhausted after not sleeping and I do not feel okay,negative
I feel exhausted after not sleeping and I do not feel okay right now,negative
I feel exhausted after not sleeping and I do not feel okay today,negative
I feel exhausted after not sleeping because nothing feels easy,negative
I feel exhausted after not sleeping because nothing feels easy right now,negative
I feel exhausted after not sleeping because nothing feels easy today,negative
Today I feel anxious and tense,negative
Today I feel anxious and tense right now,negative
Today I feel anxious and tense today,negative
Today I feel anxious and tense since yesterday,negative
Today I feel anxious and tense since yesterday right now,negative
Today I feel anxious and tense since yesterday today,negative
Today I feel anxious and tense all day,negative
Today I feel anxious and tense all day right now,negative
Today I feel anxious and tense all day today,negative
Today I feel anxious and tense and it is hard to function,negative
Today I feel anxious and tense and it is hard to function right now,negative
Today I feel anxious and tense and it is hard to function today,negative
Today I feel anxious and tense and I do not feel okay,negative
Today I feel anxious and tense and I do not feel okay right now,negative
Today I feel anxious and tense and I do not feel okay today,negative
Today I feel anxious and tense because nothing feels easy,negative
Today I feel anxious and tense because nothing feels easy right now,negative
Today I feel anxious and tense because nothing feels easy today,negative
Today I feel sad and tired,negative
Today I feel sad and tired right now,negative
Today I feel sad and tired today,negative
Today I feel sad and tired since yesterday,negative
Today I feel sad and tired since yesterday right now,negative
Today I feel sad and tired since yesterday today,negative
Today I feel sad and tired all day,negative
Today I feel sad and tired all day right now,negative
Today I feel sad and tired all day today,negative
Today I feel sad and tired and it is hard to function,negative
Today I feel sad and tired and it is hard to function right now,negative
Today I feel sad and tired and it is hard to function today,negative
Today I feel sad and tired and I do not feel okay,negative
Today I feel sad and tired and I do not feel okay right now,negative
Today I feel sad and tired and I do not feel okay today,negative
Today I feel sad and tired because nothing feels easy,negative
Today I feel sad and tired because nothing feels easy right now,negative
Today I feel sad and tired because nothing feels easy today,negative
Today I feel stressed and overwhelmed,negative
Today I feel stressed and overwhelmed right now,negative
Today I feel stressed and overwhelmed today,negative
Today I feel stressed and overwhelmed since yesterday,negative
Today I feel stressed and overwhelmed since yesterday right now,negative
Today I feel stressed and overwhelmed since yesterday today,negative
Today I feel stressed and overwhelmed all day,negative
Today I feel stressed and overwhelmed all day right now,negative
Today I feel stressed and overwhelmed all day today,negative
Today I feel stressed and overwhelmed and it is hard to function,negative
Today I feel stressed and overwhelmed and it is hard to function right now,negative
Today I feel stressed and overwhelmed and it is hard to function today,negative
Today I feel stressed and overwhelmed and I do not feel okay,negative
Today I feel stressed and overwhelmed and I do not feel okay right now,negative
Today I feel stressed and overwhelmed and I do not feel okay today,negative
Today I feel stressed and overwhelmed because nothing feels easy,negative
Today I feel stressed and overwhelmed because nothing feels easy right now,negative
Today I feel stressed and overwhelmed because nothing feels easy today,negative
Today I feel really lonely,negative
Today I feel really lonely right now,negative
Today I feel really lonely today,negative
Today I feel really lonely since yesterday,negative
Today I feel really lonely since yesterday right now,negative
Today I feel really lonely since yesterday today,negative
Today I feel really lonely all day,negative
Today I feel really lonely all day right now,negative
Today I feel really lonely all day today,negative
Today I feel really lonely and it is hard to function,negative
Today I feel really lonely and it is hard to function right now,negative
Today I feel really lonely and it is hard to function today,negative
Today I feel really lonely and I do not feel okay,negative
Today I feel really lonely and I do not feel okay right now,negative
Today I feel really lonely and I do not feel okay today,negative
Today I feel really lonely because nothing feels easy,negative
Today I feel really lonely because nothing feels easy right now,negative
Today I feel really lonely because nothing feels easy today,negative
Today I feel drained and unmotivated,negative
Today I feel drained and unmotivated right now,negative
Today I feel drained and unmotivated today,negative
Today I feel drained and unmotivated since yesterday,negative
Today I feel drained and unmotivated since yesterday right now,negative
Today I feel drained and unmotivated since yesterday today,negative
Today I feel drained and unmotivated all day,negative
Today I feel drained and unmotivated all day right now,negative
Today I feel drained and unmotivated all day today,negative
Today I feel drained and unmotivated and it is hard to function,negative
Today I feel drained and unmotivated and it is hard to function right now,negative
Today I feel drained and unmotivated and it is hard to function today,negative
Today I feel drained and unmotivated and I do not feel okay,negative
Today I feel drained and unmotivated and I do not feel okay right now,negative
Today I feel drained and unmotivated and I do not feel okay today,negative
Today I feel drained and unmotivated because nothing feels easy,negative
Today I feel drained and unmotivated because nothing feels easy right now,negative
Today I feel drained and unmotivated because nothing feels easy today,negative
Today I feel worried about everything,negative
Today I feel worried about everything right now,negative
Today I feel worried about everything today,negative
Today I feel worried about everything since yesterday,negative
Today I feel worried about everything since yesterday right now,negative
Today I feel worried about everything since yesterday today,negative
Today I feel worried about everything all day,negative
Today I feel worried about everything all day right now,negative
Today I feel worried about everything all day today,negative
Today I feel worried about everything and it is hard to function,negative
Today I feel worried about everything and it is hard to function right now,negative
Today I feel worried about everything and it is hard to function today,negative
Today I feel worried about everything and I do not feel okay,negative
Today I feel worried about everything and I do not feel okay right now,negative
Today I feel worried about everything and I do not feel okay today,negative
Today I feel worried about everything because nothing feels easy,negative
Today I feel worried about everything because nothing feels easy right now,negative
Today I feel worried about everything because nothing feels easy today,negative
Today I feel sick with fever and body pain,negative
Today I feel sick with fever and body pain right now,negative
Today I feel sick with fever and body pain today,negative
Today I feel sick with fever and body pain since yesterday,negative
Today I feel sick with fever and body pain since yesterday right now,negative
Today I feel sick with fever and body pain since yesterday today,negative
Today I feel sick with fever and body pain all day,negative
Today I feel sick with fever and body pain all day right now,negative
Today I feel sick with fever and body pain all day today,negative
Today I feel sick with fever and body pain and it is hard to function,negative
Today I feel sick with fever and body pain and it is hard to function right now,negative
Today I feel sick with fever and body pain and it is hard to function today,negative
Today I feel sick with fever and body pain and I do not feel okay,negative
Today I feel sick with fever and body pain and I do not feel okay right now,negative
Today I feel sick with fever and body pain and I do not feel okay today,negative
Today I feel sick with fever and body pain because nothing feels easy,negative
Today I feel sick with fever and body pain because nothing feels easy right now,negative
Today I feel sick with fever and body pain because nothing feels easy today,negative
Today I feel miserable with a cold and cough,negative
Today I feel miserable with a cold and cough right now,negative
Today I feel miserable with a cold and cough today,negative
Today I feel miserable with a cold and cough since yesterday,negative
Today I feel miserable with a cold and cough since yesterday right now,negative
Today I feel miserable with a cold and cough since yesterday today,negative
Today I feel miserable with a cold and cough all day,negative
Today I feel miserable with a cold and cough all day right now,negative
Today I feel miserable with a cold and cough all day today,negative
Today I feel miserable with a cold and cough and it is hard to function,negative
Today I feel miserable with a cold and cough and it is hard to function right now,negative
Today I feel miserable with a cold and cough and it is hard to function today,negative
Today I feel miserable with a cold and cough and I do not feel okay,negative
Today I feel miserable with a cold and cough and I do not feel okay right now,negative
Today I feel miserable with a cold and cough and I do not feel okay today,negative
Today I feel miserable with a cold and cough because nothing feels easy,negative
Today I feel miserable with a cold and cough because nothing feels easy right now,negative
Today I feel miserable with a cold and cough because nothing feels easy today,negative
Today I feel nauseous and weak,negative
Today I feel nauseous and weak right now,negative
Today I feel nauseous and weak today,negative
Today I feel nauseous and weak since yesterday,negative
Today I feel nauseous and weak since yesterday right now,negative
Today I feel nauseous and weak since yesterday today,negative
Today I feel nauseous and weak all day,negative
Today I feel nauseous and weak all day right now,negative
Today I feel nauseous and weak all day today,negative
Today I feel nauseous and weak and it is hard to function,negative
Today I feel nauseous and weak and it is hard to function right now,negative
Today I feel nauseous and weak and it is hard to function today,negative
Today I feel nauseous and weak and I do not feel okay,negative
Today I feel nauseous and weak and I do not feel okay right now,negative
Today I feel nauseous and weak and I do not feel okay today,negative
Today I feel nauseous and weak because nothing feels easy,negative
Today I feel nauseous and weak because nothing feels easy right now,negative
Today I feel nauseous and weak because nothing feels easy today,negative
Today I feel exhausted after not sleeping,negative
Today I feel exhausted after not sleeping right now,negative
Today I feel exhausted after not sleeping today,negative
Today I feel exhausted after not sleeping since yesterday,negative
Today I feel exhausted after not sleeping since yesterday right now,negative
Today I feel exhausted after not sleeping since yesterday today,negative
Today I feel exhausted after not sleeping all day,negative
Today I feel exhausted after not sleeping all day right now,negative
Today I feel exhausted after not sleeping all day today,negative
Today I feel exhausted after not sleeping and it is hard to function,negative
Today I feel exhausted after not sleeping and it is hard to function right now,negative
Today I feel exhausted after not sleeping and it is hard to function today,negative
Today I feel exhausted after not sleeping and I do not feel okay,negative
Today I feel exhausted after not sleeping and I do not feel okay right now,negative
Today I feel exhausted after not sleeping and I do not feel okay today,negative
Today I feel exhausted after not sleeping because nothing feels easy,negative
Today I feel exhausted after not sleeping because nothing feels easy right now,negative
Today I feel exhausted after not sleeping because nothing feels easy today,negative
Most days I feel anxious and tense,negative
Most days I feel anxious and tense right now,negative
Most days I feel anxious and tense today,negative
Most days I feel anxious and tense since yesterday,negative
Most days I feel anxious and tense since yesterday right now,negative
Most days I feel anxious and tense since yesterday today,negative
Most days I feel anxious and tense all day,negative
Most days I feel anxious and tense all day right now,negative
Most days I feel anxious and tense all day today,negative
Most days I feel anxious and tense and it is hard to function,negative
Most days I feel anxious and tense and it is hard to function right now,negative
Most days I feel anxious and tense and it is hard to function today,negative
Most days I feel anxious and tense and I do not feel okay,negative
Most days I feel anxious and tense and I do not feel okay right now,negative
Most days I feel anxious and tense and I do not feel okay today,negative
Most days I feel anxious and tense because nothing feels easy,negative
Most days I feel anxious and tense because nothing feels easy right now,negative
Most days I feel anxious and tense because nothing feels easy today,negative
Most days I feel sad and tired,negative
Most days I feel sad and tired right now,negative
Most days I feel sad and tired today,negative
Most days I feel sad and tired since yesterday,negative
Most days I feel sad and tired since yesterday right now,negative
Most days I feel sad and tired since yesterday today,negative
Most days I feel sad and tired all day,negative
Most days I feel sad and tired all day right now,negative
Most days I feel sad and tired all day today,negative
Most days I feel sad and tired and it is hard to function,negative
Most days I feel sad and tired and it is hard to function right now,negative
Most days I feel sad and tired and it is hard to function today,negative
Most days I feel sad and tired and I do not feel okay,negative
Most days I feel sad and tired and I do not feel okay right now,negative
Most days I feel sad and tired and I do not feel okay today,negative
Most days I feel sad and tired because nothing feels easy,negative
Most days I feel sad and tired because nothing feels easy right now,negative
Most days I feel sad and tired because nothing feels easy today,negative
Most days I feel stressed and overwhelmed,negative
Most days I feel stressed and overwhelmed right now,negative
Most days I feel stressed and overwhelmed today,negative
Most days I feel stressed and overwhelmed since yesterday,negative
Most days I feel stressed and overwhelmed since yesterday right now,negative
Most days I feel stressed and overwhelmed since yesterday today,negative
Most days I feel stressed and overwhelmed all day,negative
Most days I feel stressed and overwhelmed all day right now,negative
Most days I feel stressed and overwhelmed all day today,negative
Most days I feel stressed and overwhelmed and it is hard to function,negative
Most days I feel stressed and overwhelmed and it is hard to function right now,negative
Most days I feel stressed and overwhelmed and it is hard to function today,negative
Most days I feel stressed and overwhelmed and I do not feel okay,negative
Most days I feel stressed and overwhelmed and I do not feel okay right now,negative
Most days I feel stressed and overwhelmed and I do not feel okay today,negative
Most days I feel stressed and overwhelmed because nothing feels easy,negative
Most days I feel stressed and overwhelmed because nothing feels easy right now,negative
Most days I feel stressed and overwhelmed because nothing feels easy today,negative
Most days I feel really lonely,negative
Most days I feel really lonely right now,negative
Most days I feel really lonely today,negative
Most days I feel really lonely since yesterday,negative
Most days I feel really lonely since yesterday right now,negative
Most days I feel really lonely since yesterday today,negative
Most days I feel really lonely all day,negative
Most days I feel really lonely all day right now,negative
Most days I feel really lonely all day today,negative
Most days I feel really lonely and it is hard to function,negative
Most days I feel really lonely and it is hard to function right now,negative
Most days I feel really lonely and it is hard to function today,negative
Most days I feel really lonely and I do not feel okay,negative
Most days I feel really lonely and I do not feel okay right now,negative
Most days I feel really lonely and I do not feel okay today,negative
Most days I feel really lonely because nothing feels easy,negative
Most days I feel really lonely because nothing feels easy right now,negative
Most days I feel really lonely because nothing feels easy today,negative
Most days I feel drained and unmotivated,negative
Most days I feel drained and unmotivated right now,negative
Most days I feel drained and unmotivated today,negative
Most days I feel drained and unmotivated since yesterday,negative
Most days I feel drained and unmotivated since yesterday right now,negative
Most days I feel drained and unmotivated since yesterday today,negative
Most days I feel drained and unmotivated all day,negative
Most days I feel drained and unmotivated all day right now,negative
Most days I feel drained and unmotivated all day today,negative
Most days I feel drained and unmotivated and it is hard to function,negative
Most days I feel drained and unmotivated and it is hard to function right now,negative
Most days I feel drained and unmotivated and it is hard to function today,negative
Most days I feel drained and unmotivated and I do not feel okay,negative
Most days I feel drained and unmotivated and I do not feel okay right now,negative
Most days I feel drained and unmotivated and I do not feel okay today,negative
Most days I feel drained and unmotivated because nothing feels easy,negative
Most days I feel drained and unmotivated because nothing feels easy right now,negative
Most days I feel drained and unmotivated because nothing feels easy today,negative
Most days I feel worried about everything,negative
Most days I feel worried about everything right now,negative
Most days I feel worried about everything today,negative
Most days I feel worried about everything since yesterday,negative
Most days I feel worried about everything since yesterday right now,negative
Most days I feel worried about everything since yesterday today,negative
Most days I feel worried about everything all day,negative
Most days I feel worried about everything all day right now,negative
Most days I feel worried about everything all day today,negative
Most days I feel worried about everything and it is hard to function,negative
Most days I feel worried about everything and it is hard to function right now,negative
Most days I feel worried about everything and it is hard to function today,negative
Most days I feel worried about everything and I do not feel okay,negative
Most days I feel worried about everything and I do not feel okay right now,negative
Most days I feel worried about everything and I do not feel okay today,negative
Most days I feel worried about everything because nothing feels easy,negative
Most days I feel worried about everything because nothing feels easy right now,negative
Most days I feel worried about everything because nothing feels easy today,negative
Most days I feel sick with fever and body pain,negative
Most days I feel sick with fever and body pain right now,negative
Most days I feel sick with fever and body pain today,negative
Most days I feel sick with fever and body pain since yesterday,negative
Most days I feel sick with fever and body pain since yesterday right now,negative
Most days I feel sick with fever and body pain since yesterday today,negative
Most days I feel sick with fever and body pain all day,negative
Most days I feel sick with fever and body pain all day right now,negative
Most days I feel sick with fever and body pain all day today,negative
Most days I feel sick with fever and body pain and it is hard to function,negative
Most days I feel sick with fever and body pain and it is hard to function right now,negative
Most days I feel sick with fever and body pain and it is hard to function today,negative
Most days I feel sick with fever and body pain and I do not feel okay,negative
Most days I feel sick with fever and body pain and I do not feel okay right now,negative
Most days I feel sick with fever and body pain and I do not feel okay today,negative
Most days I feel sick with fever and body pain because nothing feels easy,negative
Most days I feel sick with fever and body pain because nothing feels easy right now,negative
Most days I feel sick with fever and body pain because nothing feels easy today,negative
Most days I feel miserable with a cold and cough,negative
Most days I feel miserable with a cold and cough right now,negative
Most days I feel miserable with a cold and cough today,negative
Most days I feel miserable with a cold and cough since yesterday,negative
Most days I feel miserable with a cold and cough since yesterday right now,negative
Most days I feel miserable with a cold and cough since yesterday today,negative
Most days I feel miserable with a cold and cough all day,negative
Most days I feel miserable with a cold and cough all day right now,negative
Most days I feel miserable with a cold and cough all day today,negative
Most days I feel miserable with a cold and cough and it is hard to function,negative
Most days I feel miserable with a cold and cough and it is hard to function right now,negative
Most days I feel miserable with a cold and cough and it is hard to function today,negative
Most days I feel miserable with a cold and cough and I do not feel okay,negative
Most days I feel miserable with a cold and cough and I do not feel okay right now,negative
Most days I feel miserable with a cold and cough and I do not feel okay today,negative
Most days I feel miserable with a cold and cough because nothing feels easy,negative
Most days I feel miserable with a cold and cough because nothing feels easy right now,negative
Most days I feel miserable with a cold and cough because nothing feels easy today,negative
Most days I feel nauseous and weak,negative
Most days I feel nauseous and weak right now,negative
Most days I feel nauseous and weak today,negative
Most days I feel nauseous and weak since yesterday,negative
Most days I feel nauseous and weak since yesterday right now,negative
Most days I feel nauseous and weak since yesterday today,negative
Most days I feel nauseous and weak all day,negative
Most days I feel nauseous and weak all day right now,negative
Most days I feel nauseous and weak all day today,negative
Most days I feel nauseous and weak and it is hard to function,negative
Most days I feel nauseous and weak and it is hard to function right now,negative
Most days I feel nauseous and weak and it is hard to function today,negative
Most days I feel nauseous and weak and I do not feel okay,negative
Most days I feel nauseous and weak and I do not feel okay right now,negative
Most days I feel nauseous and weak and I do not feel okay today,negative
Most days I feel nauseous and weak because nothing feels easy,negative
Most days I feel nauseous and weak because nothing feels easy right now,negative
Most days I feel nauseous and weak because nothing feels easy today,negative
Most days I feel exhausted after not sleeping,negative
Most days I feel exhausted after not sleeping right now,negative
Most days I feel exhausted after not sleeping today,negative
Most days I feel exhausted after not sleeping since yesterday,negative
Most days I feel exhausted after not sleeping since yesterday right now,negative
Most days I feel exhausted after not sleeping since yesterday today,negative
Most days I feel exhausted after not sleeping all day,negative
Most days I feel exhausted after not sleeping all day right now,negative
Most days I feel exhausted after not sleeping all day today,negative
Most days I feel exhausted after not sleeping and it is hard to function,negative
Most days I feel exhausted after not sleeping and it is hard to function right now,negative
Most days I feel exhausted after not sleeping and it is hard to function today,negative
Most days I feel exhausted after not sleeping and I do not feel okay,negative
Most days I feel exhausted after not sleeping and I do not feel okay right now,negative
Most days I feel exhausted after not sleeping and I do not feel okay today,negative
Most days I feel exhausted after not sleeping because nothing feels easy,negative
Most days I feel exhausted after not sleeping because nothing feels easy right now,negative
Most days I feel exhausted after not sleeping because nothing feels easy today,negative
Lately I have been anxious and tense,negative
Lately I have been anxious and tense right now,negative
Lately I have been anxious and tense today,negative
Lately I have been anxious and tense since yesterday,negative
Lately I have been anxious and tense since yesterday right now,negative
Lately I have been anxious and tense since yesterday today,negative
Lately I have been anxious and tense all day,negative
Lately I have been anxious and tense all day right now,negative
Lately I have been anxious and tense all day today,negative
Lately I have been anxious and tense and it is hard to function,negative
Lately I have been anxious and tense and it is hard to function right now,negative
Lately I have been anxious and tense and it is hard to function today,negative
Lately I have been anxious and tense and I do not feel okay,negative
Lately I have been anxious and tense and I do not feel okay right now,negative
Lately I have been anxious and tense and I do not feel okay today,negative
Lately I have been anxious and tense because nothing feels easy,negative
Lately I have been anxious and tense because nothing feels easy right now,negative
Lately I have been anxious and tense because nothing feels easy today,negative
Lately I have been sad and tired,negative
Lately I have been sad and tired right now,negative
Lately I have been sad and tired today,negative
Lately I have been sad and tired since yesterday,negative
Lately I have been sad and tired since yesterday right now,negative
Lately I have been sad and tired since yesterday today,negative
Lately I have been sad and tired all day,negative
Lately I have been sad and tired all day right now,negative
Lately I have been sad and tired all day today,negative
Lately I have been sad and tired and it is hard to function,negative
Lately I have been sad and tired and it is hard to function right now,negative
Lately I have been sad and tired and it is hard to function today,negative
Lately I have been sad and tired and I do not feel okay,negative
Lately I have been sad and tired and I do not feel okay right now,negative
Lately I have been sad and tired and I do not feel okay today,negative
Lately I have been sad and tired because nothing feels easy,negative
Lately I have been sad and tired because nothing feels easy right now,negative
Lately I have been sad and tired because nothing feels easy today,negative
Lately I have been stressed and overwhelmed,negative
Lately I have been stressed and overwhelmed right now,negative
Lately I have been stressed and overwhelmed today,negative
Lately I have been stressed and overwhelmed since yesterday,negative
Lately I have been stressed and overwhelmed since yesterday right now,negative
Lately I have been stressed and overwhelmed since yesterday today,negative
Lately I have been stressed and overwhelmed all day,negative
Lately I have been stressed and overwhelmed all day right now,negative
Lately I have been stressed and overwhelmed all day today,negative
Lately I have been stressed and overwhelmed and it is hard to function,negative
Lately I have been stressed and overwhelmed and it is hard to function right now,negative
Lately I have been stressed and overwhelmed and it is hard to function today,negative
Lately I have been stressed and overwhelmed and I do not feel okay,negative
Lately I have been stressed and overwhelmed and I do not feel okay right now,negative
Lately I have been stressed and overwhelmed and I do not feel okay today,negative
Lately I have been stressed and overwhelmed because nothing feels easy,negative
Lately I have been stressed and overwhelmed because nothing feels easy right now,negative
Lately I have been stressed and overwhelmed because nothing feels easy today,negative
Lately I have been really lonely,negative
Lately I have been really lonely right now,negative
Lately I have been really lonely today,negative
Lately I have been really lonely since yesterday,negative
Lately I have been really lonely since yesterday right now,negative
Lately I have been really lonely since yesterday today,negative
Lately I have been really lonely all day,negative
Lately I have been really lonely all day right now,negative
Lately I have been really lonely all day today,negative
Lately I have been really lonely and it is hard to function,negative
Lately I have been really lonely and it is hard to function right now,negative
Lately I have been really lonely and it is hard to function today,negative
Lately I have been really lonely and I do not feel okay,negative
Lately I have been really lonely and I do not feel okay right now,negative
Lately I have been really lonely and I do not feel okay today,negative
Lately I have been really lonely because nothing feels easy,negative
Lately I have been really lonely because nothing feels easy right now,negative
Lately I have been really lonely because nothing feels easy today,negative
Lately I have been drained and unmotivated,negative
Lately I have been drained and unmotivated right now,negative
Lately I have been drained and unmotivated today,negative
Lately I have been drained and unmotivated since yesterday,negative
Lately I have been drained and unmotivated since yesterday right now,negative
Lately I have been drained and unmotivated since yesterday today,negative
Lately I have been drained and unmotivated all day,negative
Lately I have been drained and unmotivated all day right now,negative
Lately I have been drained and unmotivated all day today,negative
Lately I have been drained and unmotivated and it is hard to function,negative
Lately I have been drained and unmotivated and it is hard to function right now,negative
Lately I have been drained and unmotivated and it is hard to function today,negative
Lately I have been drained and unmotivated and I do not feel okay,negative
Lately I have been drained and unmotivated and I do not feel okay right now,negative
Lately I have been drained and unmotivated and I do not feel okay today,negative
Lately I have been drained and unmotivated because nothing feels easy,negative
Lately I have been drained and unmotivated because nothing feels easy right now,negative
Lately I have been drained and unmotivated because nothing feels easy today,negative
Lately I have been worried about everything,negative
Lately I have been worried about everything right now,negative
Lately I have been worried about everything today,negative
Lately I have been worried about everything since yesterday,negative
Lately I have been worried about everything since yesterday right now,negative
Lately I have been worried about everything since yesterday today,negative
Lately I have been worried about everything all day,negative
Lately I have been worried about everything all day right now,negative
Lately I have been worried about everything all day today,negative
Lately I have been worried about everything and it is hard to function,negative
Lately I have been worried about everything and it is hard to function right now,negative
Lately I have been worried about everything and it is hard to function today,negative
Lately I have been worried about everything and I do not feel okay,negative
Lately I have been worried about everything and I do not feel okay right now,negative
Lately I have been worried about everything and I do not feel okay today,negative
Lately I have been worried about everything because nothing feels easy,negative
Lately I have been worried about everything because nothing feels easy right now,negative
Lately I have been worried about everything because nothing feels easy today,negative
Lately I have been sick with fever and body pain,negative
Lately I have been sick with fever and body pain right now,negative
Lately I have been sick with fever and body pain today,negative
Lately I have been sick with fever and body pain since yesterday,negative
Lately I have been sick with fever and body pain since yesterday right now,negative
Lately I have been sick with fever and body pain since yesterday today,negative
Lately I have been sick with fever and body pain all day,negative
Lately I have been sick with fever and body pain all day right now,negative
Lately I have been sick with fever and body pain all day today,negative
Lately I have been sick with fever and body pain and it is hard to function,negative
Lately I have been sick with fever and body pain and it is hard to function right now,negative
Lately I have been sick with fever and body pain and it is hard to function today,negative
Lately I have been sick with fever and body pain and I do not feel okay,negative
Lately I have been sick with fever and body pain and I do not feel okay right now,negative
Lately I have been sick with fever and body pain and I do not feel okay today,negative
Lately I have been sick with fever and body pain because nothing feels easy,negative
Lately I have been sick with fever and body pain because nothing feels easy right now,negative
Lately I have been sick with fever and body pain because nothing feels easy today,negative
Lately I have been miserable with a cold and cough,negative
Lately I have been miserable with a cold and cough right now,negative
Lately I have been miserable with a cold and cough today,negative
Lately I have been miserable with a cold and cough since yesterday,negative
Lately I have been miserable with a cold and cough since yesterday right now,negative
Lately I have been miserable with a cold and cough since yesterday today,negative
Lately I have been miserable with a cold and cough all day,negative
Lately I have been miserable with a cold and cough all day right now,negative
Lately I have been miserable with a cold and cough all day today,negative
Lately I have been miserable with a cold and cough and it is hard to function,negative
Lately I have been miserable with a cold and cough and it is hard to function right now,negative
Lately I have been miserable with a cold and cough and it is hard to function today,negative
Lately I have been miserable with a cold and cough and I do not feel okay,negative
Lately I have been miserable with a cold and cough and I do not feel okay right now,negative
Lately I have been miserable with a cold and cough and I do not feel okay today,negative
Lately I have been miserable with a cold and cough because nothing feels easy,negative
Lately I have been miserable with a cold and cough because nothing feels easy right now,negative
Lately I have been miserable with a cold and cough because nothing feels easy today,negative
Lately I have been nauseous and weak,negative
Lately I have been nauseous and weak right now,negative
Lately I have been nauseous and weak today,negative
Lately I have been nauseous and weak since yesterday,negative
Lately I have been nauseous and weak since yesterday right now,negative
Lately I have been nauseous and weak since yesterday today,negative
Lately I have been nauseous and weak all day,negative
Lately I have been nauseous and weak all day right now,negative
Lately I have been nauseous and weak all day today,negative
Lately I have been nauseous and weak and it is hard to function,negative
Lately I have been nauseous and weak and it is hard to function right now,negative
Lately I have been nauseous and weak and it is hard to function today,negative
Lately I have been nauseous and weak and I do not feel okay,negative
Lately I have been nauseous and weak and I do not feel okay right now,negative
Lately I have been nauseous and weak and I do not feel okay today,negative
Lately I have been nauseous and weak because nothing feels easy,negative
Lately I have been nauseous and weak because nothing feels easy right now,negative
Lately I have been nauseous and weak because nothing feels easy today,negative
Lately I have been exhausted after not sleeping,negative
Lately I have been exhausted after not sleeping right now,negative
Lately I have been exhausted after not sleeping today,negative
Lately I have been exhausted after not sleeping since yesterday,negative
Lately I have been exhausted after not sleeping since yesterday right now,negative
Lately I have been exhausted after not sleeping since yesterday today,negative
Lately I have been exhausted after not sleeping all day,negative
Lately I have been exhausted after not sleeping all day right now,negative
Lately I have been exhausted after not sleeping all day today,negative
Lately I have been exhausted after not sleeping and it is hard to function,negative
Lately I have been exhausted after not sleeping and it is hard to function right now,negative
Lately I have been exhausted after not sleeping and it is hard to function today,negative
Lately I have been exhausted after not sleeping and I do not feel okay,negative
Lately I have been exhausted after not sleeping and I do not feel okay right now,negative
Lately I have been exhausted after not sleeping and I do not feel okay today,negative
Lately I have been exhausted after not sleeping because nothing feels easy,negative
Lately I have been exhausted after not sleeping because nothing feels easy right now,negative
Lately I have been exhausted after not sleeping because nothing feels easy today,negative
I am anxious and tense,negative
I am anxious and tense right now,negative
I am anxious and tense today,negative
I am anxious and tense since yesterday,negative
I am anxious and tense since yesterday right now,negative
I am anxious and tense since yesterday today,negative
I am anxious and tense all day,negative
I am anxious and tense all day right now,negative
I am anxious and tense all day today,negative
I am anxious and tense and it is hard to function,negative
I am anxious and tense and it is hard to function right now,negative
I am anxious and tense and it is hard to function today,negative
I am anxious and tense and I do not feel okay,negative
I am anxious and tense and I do not feel okay right now,negative
I am anxious and tense and I do not feel okay today,negative
I am anxious and tense because nothing feels easy,negative
I am anxious and tense because nothing feels easy right now,negative
I am anxious and tense because nothing feels easy today,negative
I am sad and tired,negative
I am sad and tired right now,negative
I am sad and tired today,negative
I am sad and tired since yesterday,negative
I am sad and tired since yesterday right now,negative
I am sad and tired since yesterday today,negative
I am sad and tired all day,negative
I am sad and tired all day right now,negative
I am sad and tired all day today,negative
I am sad and tired and it is hard to function,negative
I am sad and tired and it is hard to function right now,negative
I am sad and tired and it is hard to function today,negative
I am sad and tired and I do not feel okay,negative
I am sad and tired and I do not feel okay right now,negative
I am sad and tired and I do not feel okay today,negative
I am sad and tired because nothing feels easy,negative
I am sad and tired because nothing feels easy right now,negative
I am sad and tired because nothing feels easy today,negative
I am stressed and overwhelmed,negative
I am stressed and overwhelmed right now,negative
I am stressed and overwhelmed today,negative
I am stressed and overwhelmed since yesterday,negative
I am stressed and overwhelmed since yesterday right now,negative
I am stressed and overwhelmed since yesterday today,negative
I am stressed and overwhelmed all day,negative
I am stressed and overwhelmed all day right now,negative
I am stressed and overwhelmed all day today,negative
I am stressed and overwhelmed and it is hard to function,negative
I am stressed and overwhelmed and it is hard to function right now,negative
I am stressed and overwhelmed and it is hard to function today,negative
I am stressed and overwhelmed and I do not feel okay,negative
I am stressed and overwhelmed and I do not feel okay right now,negative
I am stressed and overwhelmed and I do not feel okay today,negative
I am stressed and overwhelmed because nothing feels easy,negative
I am stressed and overwhelmed because nothing feels easy right now,negative
I am stressed and overwhelmed because nothing feels easy today,negative
I am really lonely,negative
I am really lonely right now,negative
I am really lonely today,negative
I am really lonely since yesterday,negative
I am really lonely since yesterday right now,negative
I am really lonely since yesterday today,negative
I am really lonely all day,negative
I am really lonely all day right now,negative
I am really lonely all day today,negative
I am really lonely and it is hard to function,negative
I am really lonely and it is hard to function right now,negative
I am really lonely and it is hard to function today,negative
I am really lonely and I do not feel okay,negative
I am really lonely and I do not feel okay right now,negative
I am really lonely and I do not feel okay today,negative
I am really lonely because nothing feels easy,negative
I am really lonely because nothing feels easy right now,negative
I am really lonely because nothing feels easy today,negative
I am drained and unmotivated,negative
I am drained and unmotivated right now,negative
I am drained and unmotivated today,negative
I am drained and unmotivated since yesterday,negative
I am drained and unmotivated since yesterday right now,negative
I am drained and unmotivated since yesterday today,negative
I am drained and unmotivated all day,negative
I am drained and unmotivated all day right now,negative
I am drained and unmotivated all day today,negative
I am drained and unmotivated and it is hard to function,negative
I am drained and unmotivated and it is hard to function right now,negative
I am drained and unmotivated and it is hard to function today,negative
I am drained and unmotivated and I do not feel okay,negative
I am drained and unmotivated and I do not feel okay right now,negative
I am drained and unmotivated and I do not feel okay today,negative
I am drained and unmotivated because nothing feels easy,negative
I am drained and unmotivated because nothing feels easy right now,negative
I am drained and unmotivated because nothing feels easy today,negative
I am worried about everything,negative
I am worried about everything right now,negative
I am worried about everything today,negative
I am worried about everything since yesterday,negative
I am worried about everything since yesterday right now,negative
I am worried about everything since yesterday today,negative
I am worried about everything all day,negative
I am worried about everything all day right now,negative
I am worried about everything all day today,negative
I am worried about everything and it is hard to function,negative
I am worried about everything and it is hard to function right now,negative
I am worried about everything and it is hard to function today,negative
I am worried about everything and I do not feel okay,negative
I am worried about everything and I do not feel okay right now,negative
I am worried about everything and I do not feel okay today,negative
I am worried about everything because nothing feels easy,negative
I am worried about everything because nothing feels easy right now,negative
I am worried about everything because nothing feels easy today,negative
I am sick with fever and body pain,negative
I am sick with fever and body pain right now,negative
I am sick with fever and body pain today,negative
I am sick with fever and body pain since yesterday,negative
I am sick with fever and body pain since yesterday right now,negative
I am sick with fever and body pain since yesterday today,negative
I am sick with fever and body pain all day,negative
I am sick with fever and body pain all day right now,negative
I am sick with fever and body pain all day today,negative
I am sick with fever and body pain and it is hard to function,negative
I am sick with fever and body pain and it is hard to function right now,negative
I am sick with fever and body pain and it is hard to function today,negative
I am sick with fever and body pain and I do not feel okay,negative
I am sick with fever and body pain and I do not feel okay right now,negative
I am sick with fever and body pain and I do not feel okay today,negative
I am sick with fever and body pain because nothing feels easy,negative
I am sick with fever and body pain because nothing feels easy right now,negative
I am sick with fever and body pain because nothing feels easy today,negative
I am miserable with a cold and cough,negative
I am miserable with a cold and cough right now,negative
I am miserable with a cold and cough today,negative
I am miserable with a cold and cough since yesterday,negative
I am miserable with a cold and cough since yesterday right now,negative
I am miserable with a cold and cough since yesterday today,negative
I am miserable with a cold and cough all day,negative
I am miserable with a cold and cough all day right now,negative
I am miserable with a cold and cough all day today,negative
I am miserable with a cold and cough and it is hard to function,negative
I am miserable with a cold and cough and it is hard to function right now,negative
I am miserable with a cold and cough and it is hard to function today,negative
I am miserable with a cold and cough and I do not feel okay,negative
I am miserable with a cold and cough and I do not feel okay right now,negative
I am miserable with a cold and cough and I do not feel okay today,negative
I am miserable with a cold and cough because nothing feels easy,negative
I am miserable with a cold and cough because nothing feels easy right now,negative
I am miserable with a cold and cough because nothing feels easy today,negative
I am nauseous and weak,negative
I am nauseous and weak right now,negative
I am nauseous and weak today,negative
I am nauseous and weak since yesterday,negative
I am nauseous and weak since yesterday right now,negative
I am nauseous and weak since yesterday today,negative
I am nauseous and weak all day,negative
I am nauseous and weak all day right now,negative
I am nauseous and weak all day today,negative
I am nauseous and weak and it is hard to function,negative
I am nauseous and weak and it is hard to function right now,negative
I am nauseous and weak and it is hard to function today,negative
I am nauseous and weak and I do not feel okay,negative
I am nauseous and weak and I do not feel okay right now,negative
I am nauseous and weak and I do not feel okay today,negative
I am nauseous and weak because nothing feels easy,negative
I am nauseous and weak because nothing feels easy right now,negative
I am nauseous and weak because nothing feels easy today,negative
I am exhausted after not sleeping,negative
I am exhausted after not sleeping right now,negative
I am exhausted after not sleeping today,negative
I am exhausted after not sleeping since yesterday,negative
I am exhausted after not sleeping since yesterday right now,negative
I am exhausted after not sleeping since yesterday today,negative
I am exhausted after not sleeping all day,negative
I am exhausted after not sleeping all day right now,negative
I am exhausted after not sleeping all day today,negative
I am exhausted after not sleeping and it is hard to function,negative
I am exhausted after not sleeping and it is hard to function right now,negative
I am exhausted after not sleeping and it is hard to function today,negative
I am exhausted after not sleeping and I do not feel okay,negative
I am exhausted after not sleeping and I do not feel okay right now,negative
I am exhausted after not sleeping and I do not feel okay today,negative
I am exhausted after not sleeping because nothing feels easy,negative
I am exhausted after not sleeping because nothing feels easy right now,negative
I am exhausted after not sleeping because nothing feels easy today,negative
This week I feel anxious and tense,negative
This week I feel anxious and tense right now,negative
This week I feel anxious and tense today,negative
This week I feel anxious and tense since yesterday,negative
This week I feel anxious and tense since yesterday right now,negative
This week I feel anxious and tense since yesterday today,negative
This week I feel anxious and tense all day,negative
This week I feel anxious and tense all day right now,negative
This week I feel anxious and tense all day today,negative
This week I feel anxious and tense and it is hard to function,negative
This week I feel anxious and tense and it is hard to function right now,negative
This week I feel anxious and tense and it is hard to function today,negative
This week I feel anxious and tense and I do not feel okay,negative
This week I feel anxious and tense and I do not feel okay right now,negative
This week I feel anxious and tense and I do not feel okay today,negative
This week I feel anxious and tense because nothing feels easy,negative
This week I feel anxious and tense because nothing feels easy right now,negative
This week I feel anxious and tense because nothing feels easy today,negative
This week I feel sad and tired,negative
This week I feel sad and tired right now,negative
This week I feel sad and tired today,negative
This week I feel sad and tired since yesterday,negative
This week I feel sad and tired since yesterday right now,negative
This week I feel sad and tired since yesterday today,negative
This week I feel sad and tired all day,negative
This week I feel sad and tired all day right now,negative
This week I feel sad and tired all day today,negative
This week I feel sad and tired and it is hard to function,negative
This week I feel sad and tired and it is hard to function right now,negative
This week I feel sad and tired and it is hard to function today,negative
This week I feel sad and tired and I do not feel okay,negative
This week I feel sad and tired and I do not feel okay right now,negative
This week I feel sad and tired and I do not feel okay today,negative
This week I feel sad and tired because nothing feels easy,negative
This week I feel sad and tired because nothing feels easy right now,negative
This week I feel sad and tired because nothing feels easy today,negative
This week I feel stressed and overwhelmed,negative
This week I feel stressed and overwhelmed right now,negative
This week I feel stressed and overwhelmed today,negative
This week I feel stressed and overwhelmed since yesterday,negative
This week I feel stressed and overwhelmed since yesterday right now,negative
This week I feel stressed and overwhelmed since yesterday today,negative
This week I feel stressed and overwhelmed all day,negative
This week I feel stressed and overwhelmed all day right now,negative
This week I feel stressed and overwhelmed all day today,negative
This week I feel stressed and overwhelmed and it is hard to function,negative
This week I feel stressed and overwhelmed and it is hard to function right now,negative
This week I feel stressed and overwhelmed and it is hard to function today,negative
This week I feel stressed and overwhelmed and I do not feel okay,negative
This week I feel stressed and overwhelmed and I do not feel okay right now,negative
This week I feel stressed and overwhelmed and I do not feel okay today,negative
This week I feel stressed and overwhelmed because nothing feels easy,negative
This week I feel stressed and overwhelmed because nothing feels easy right now,negative
This week I feel stressed and overwhelmed because nothing feels easy today,negative
This week I feel really lonely,negative
This week I feel really lonely right now,negative
This week I feel really lonely today,negative
This week I feel really lonely since yesterday,negative
This week I feel really lonely since yesterday right now,negative
This week I feel really lonely since yesterday today,negative
This week I feel really lonely all day,negative
This week I feel really lonely all day right now,negative
This week I feel really lonely all day today,negative
This week I feel really lonely and it is hard to function,negative
This week I feel really lonely and it is hard to function right now,negative
This week I feel really lonely and it is hard to function today,negative
This week I feel really lonely and I do not feel okay,negative
This week I feel really lonely and I do not feel okay right now,negative
This week I feel really lonely and I do not feel okay today,negative
This week I feel really lonely because nothing feels easy,negative
This week I feel really lonely because nothing feels easy right now,negative
This week I feel really lonely because nothing feels easy today,negative
This week I feel drained and unmotivated,negative
This week I feel drained and unmotivated right now,negative
This week I feel drained and unmotivated today,negative
This week I feel drained and unmotivated since yesterday,negative
This week I feel drained and unmotivated since yesterday right now,negative
This week I feel drained and unmotivated since yesterday today,negative
This week I feel drained and unmotivated all day,negative
This week I feel drained and unmotivated all day right now,negative
This week I feel drained and unmotivated all day today,negative
This week I feel drained and unmotivated and it is hard to function,negative
This week I feel drained and unmotivated and it is hard to function right now,negative
This week I feel drained and unmotivated and it is hard to function today,negative
This week I feel drained and unmotivated and I do not feel okay,negative
This week I feel drained and unmotivated and I do not feel okay right now,negative
This week I feel drained and unmotivated and I do not feel okay today,negative
This week I feel drained and unmotivated because nothing feels easy,negative
This week I feel drained and unmotivated because nothing feels easy right now,negative
This week I feel drained and unmotivated because nothing feels easy today,negative
This week I feel worried about everything,negative
This week I feel worried about everything right now,negative
This week I feel worried about everything today,negative
This week I feel worried about everything since yesterday,negative
This week I feel worried about everything since yesterday right now,negative
This week I feel worried about everything since yesterday today,negative
This week I feel worried about everything all day,negative
This week I feel worried about everything all day right now,negative
This week I feel worried about everything all day today,negative
This week I feel worried about everything and it is hard to function,negative
This week I feel worried about everything and it is hard to function right now,negative
This week I feel worried about everything and it is hard to function today,negative
This week I feel worried about everything and I do not feel okay,negative
This week I feel worried about everything and I do not feel okay right now,negative
This week I feel worried about everything and I do not feel okay today,negative
This week I feel worried about everything because nothing feels easy,negative
This week I feel worried about everything because nothing feels easy right now,negative
This week I feel worried about everything because nothing feels easy today,negative
This week I feel sick with fever and body pain,negative
This week I feel sick with fever and body pain right now,negative
This week I feel sick with fever and body pain today,negative
This week I feel sick with fever and body pain since yesterday,negative
This week I feel sick with fever and body pain since yesterday right now,negative
This week I feel sick with fever and body pain since yesterday today,negative
This week I feel sick with fever and body pain all day,negative
This week I feel sick with fever and body pain all day right now,negative
This week I feel sick with fever and body pain all day today,negative
This week I feel sick with fever and body pain and it is hard to function,negative
This week I feel sick with fever and body pain and it is hard to function right now,negative
This week I feel sick with fever and body pain and it is hard to function today,negative
This week I feel sick with fever and body pain and I do not feel okay,negative
This week I feel sick with fever and body pain and I do not feel okay right now,negative
This week I feel sick with fever and body pain and I do not feel okay today,negative
This week I feel sick with fever and body pain because nothing feels easy,negative
This week I feel sick with fever and body pain because nothing feels easy right now,negative
This week I feel sick with fever and body pain because nothing feels easy today,negative
This week I feel miserable with a cold and cough,negative
This week I feel miserable with a cold and cough right now,negative
This week I feel miserable with a cold and cough today,negative
This week I feel miserable with a cold and cough since yesterday,negative
This week I feel miserable with a cold and cough since yesterday right now,negative
This week I feel miserable with a cold and cough since yesterday today,negative
This week I feel miserable with a cold and cough all day,negative
This week I feel miserable with a cold and cough all day right now,negative
This week I feel miserable with a cold and cough all day today,negative
This week I feel miserable with a cold and cough and it is hard to function,negative
This week I feel miserable with a cold and cough and it is hard to function right now,negative
This week I feel miserable with a cold and cough and it is hard to function today,negative
This week I feel miserable with a cold and cough and I do not feel okay,negative
This week I feel miserable with a cold and cough and I do not feel okay right now,negative
This week I feel miserable with a cold and cough and I do not feel okay today,negative
This week I feel miserable with a cold and cough because nothing feels easy,negative
This week I feel miserable with a cold and cough because nothing feels easy right now,negative
This week I feel miserable with a cold and cough because nothing feels easy today,negative
This week I feel nauseous and weak,negative
This week I feel nauseous and weak right now,negative
This week I feel nauseous and weak today,negative
This week I feel nauseous and weak since yesterday,negative
This week I feel nauseous and weak since yesterday right now,negative
This week I feel nauseous and weak since yesterday today,negative
This week I feel nauseous and weak all day,negative
This week I feel nauseous and weak all day right now,negative
This week I feel nauseous and weak all day today,negative
This week I feel nauseous and weak and it is hard to function,negative
This week I feel nauseous and weak and it is hard to function right now,negative
This week I feel nauseous and weak and it is hard to function today,negative
This week I feel nauseous and weak and I do not feel okay,negative
This week I feel nauseous and weak and I do not feel okay right now,negative
This week I feel nauseous and weak and I do not feel okay today,negative
This week I feel nauseous and weak because nothing feels easy,negative
This week I feel nauseous and weak because nothing feels easy right now,negative
This week I feel nauseous and weak because nothing feels easy today,negative
This week I feel exhausted after not sleeping,negative
This week I feel exhausted after not sleeping right now,negative
This week I feel exhausted after not sleeping today,negative
This week I feel exhausted after not sleeping since yesterday,negative
This week I feel exhausted after not sleeping since yesterday right now,negative
This week I feel exhausted after not sleeping since yesterday today,negative
This week I feel exhausted after not sleeping all day,negative
This week I feel exhausted after not sleeping all day right now,negative
This week I feel exhausted after not sleeping all day today,negative
This week I feel exhausted after not sleeping and it is hard to function,negative
This week I feel exhausted after not sleeping and it is hard to function right now,negative
This week I feel exhausted after not sleeping and it is hard to function today,negative
This week I feel exhausted after not sleeping and I do not feel okay,negative
This week I feel exhausted after not sleeping and I do not feel okay right now,negative
This week I feel exhausted after not sleeping and I do not feel okay today,negative
This week I feel exhausted after not sleeping because nothing feels easy,negative
This week I feel exhausted after not sleeping because nothing feels easy right now,negative
This week I feel exhausted after not sleeping because nothing feels easy today,negative
I am okay,neutral
I am okay today,neutral
I am okay right now,neutral
I am okay overall,neutral
I am okay overall today,neutral
I am okay overall right now,neutral
I am okay at the moment,neutral
I am okay at the moment today,neutral
I am okay at the moment right now,neutral
I am okay nothing too serious,neutral
I am okay nothing too serious today,neutral
I am okay nothing too serious right now,neutral
I am okay for now,neutral
I am okay for now today,neutral
I am okay for now right now,neutral
I am just normal,neutral
I am just normal today,neutral
I am just normal right now,neutral
I am just normal overall,neutral
I am just normal overall today,neutral
I am just normal overall right now,neutral
I am just normal at the moment,neutral
I am just normal at the moment today,neutral
I am just normal at the moment right now,neutral
I am just normal nothing too serious,neutral
I am just normal nothing too serious today,neutral
I am just normal nothing too serious right now,neutral
I am just normal for now,neutral
I am just normal for now today,neutral
I am just normal for now right now,neutral
I am not sure how I feel,neutral
I am not sure how I feel today,neutral
I am not sure how I feel right now,neutral
I am not sure how I feel overall,neutral
I am not sure how I feel overall today,neutral
I am not sure how I feel overall right now,neutral
I am not sure how I feel at the moment,neutral
I am not sure how I feel at the moment today,neutral
I am not sure how I feel at the moment right now,neutral
I am not sure how I feel nothing too serious,neutral
I am not sure how I feel nothing too serious today,neutral
I am not sure how I feel nothing too serious right now,neutral
I am not sure how I feel for now,neutral
I am not sure how I feel for now today,neutral
I am not sure how I feel for now right now,neutral
I am managing somehow,neutral
I am managing somehow today,neutral
I am managing somehow right now,neutral
I am managing somehow overall,neutral
I am managing somehow overall today,neutral
I am managing somehow overall right now,neutral
I am managing somehow at the moment,neutral
I am managing somehow at the moment today,neutral
I am managing somehow at the moment right now,neutral
I am managing somehow nothing too serious,neutral
I am managing somehow nothing too serious today,neutral
I am managing somehow nothing too serious right now,neutral
I am managing somehow for now,neutral
I am managing somehow for now today,neutral
I am managing somehow for now right now,neutral
I am fine I guess,neutral
I am fine I guess today,neutral
I am fine I guess right now,neutral
I am fine I guess overall,neutral
I am fine I guess overall today,neutral
I am fine I guess overall right now,neutral
I am fine I guess at the moment,neutral
I am fine I guess at the moment today,neutral
I am fine I guess at the moment right now,neutral
I am fine I guess nothing too serious,neutral
I am fine I guess nothing too serious today,neutral
I am fine I guess nothing too serious right now,neutral
I am fine I guess for now,neutral
I am fine I guess for now today,neutral
I am fine I guess for now right now,neutral
I am just checking in,neutral
I am just checking in today,neutral
I am just checking in right now,neutral
I am just checking in overall,neutral
I am just checking in overall today,neutral
I am just checking in overall right now,neutral
I am just checking in at the moment,neutral
I am just checking in at the moment today,neutral
I am just checking in at the moment right now,neutral
I am just checking in nothing too serious,neutral
I am just checking in nothing too serious today,neutral
I am just checking in nothing too serious right now,neutral
I am just checking in for now,neutral
I am just checking in for now today,neutral
I am just checking in for now right now,neutral
I am a little under the weather but stable,neutral
I am a little under the weather but stable today,neutral
I am a little under the weather but stable right now,neutral
I am a little under the weather but stable overall,neutral
I am a little under the weather but stable overall today,neutral
I am a little under the weather but stable overall right now,neutral
I am a little under the weather but stable at the moment,neutral
I am a little under the weather but stable at the moment today,neutral
I am a little under the weather but stable at the moment right now,neutral
I am a little under the weather but stable nothing too serious,neutral
I am a little under the weather but stable nothing too serious today,neutral
I am a little under the weather but stable nothing too serious right now,neutral
I am a little under the weather but stable for now,neutral
I am a little under the weather but stable for now today,neutral
I am a little under the weather but stable for now right now,neutral
Today I am okay,neutral
Today I am okay today,neutral
Today I am okay right now,neutral
Today I am okay overall,neutral
Today I am okay overall today,neutral
Today I am okay overall right now,neutral
Today I am okay at the moment,neutral
Today I am okay at the moment today,neutral
Today I am okay at the moment right now,neutral
Today I am okay nothing too serious,neutral
Today I am okay nothing too serious today,neutral
Today I am okay nothing too serious right now,neutral
Today I am okay for now,neutral
Today I am okay for now today,neutral
Today I am okay for now right now,neutral
Today I am just normal,neutral
Today I am just normal today,neutral
Today I am just normal right now,neutral
Today I am just normal overall,neutral
Today I am just normal overall today,neutral
Today I am just normal overall right now,neutral
Today I am just normal at the moment,neutral
Today I am just normal at the moment today,neutral
Today I am just normal at the moment right now,neutral
Today I am just normal nothing too serious,neutral
Today I am just normal nothing too serious today,neutral
Today I am just normal nothing too serious right now,neutral
Today I am just normal for now,neutral
Today I am just normal for now today,neutral
Today I am just normal for now right now,neutral
Today I am not sure how I feel,neutral
Today I am not sure how I feel today,neutral
Today I am not sure how I feel right now,neutral
Today I am not sure how I feel overall,neutral
Today I am not sure how I feel overall today,neutral
Today I am not sure how I feel overall right now,neutral
Today I am not sure how I feel at the moment,neutral
Today I am not sure how I feel at the moment today,neutral
Today I am not sure how I feel at the moment right now,neutral
Today I am not sure how I feel nothing too serious,neutral
Today I am not sure how I feel nothing too serious today,neutral
Today I am not sure how I feel nothing too serious right now,neutral
Today I am not sure how I feel for now,neutral
Today I am not sure how I feel for now today,neutral
Today I am not sure how I feel for now right now,neutral
Today I am managing somehow,neutral
Today I am managing somehow today,neutral
Today I am managing somehow right now,neutral
Today I am managing somehow overall,neutral
Today I am managing somehow overall today,neutral
Today I am managing somehow overall right now,neutral
Today I am managing somehow at the moment,neutral
Today I am managing somehow at the moment today,neutral
Today I am managing somehow at the moment right now,neutral
Today I am managing somehow nothing too serious,neutral
Today I am managing somehow nothing too serious today,neutral
Today I am managing somehow nothing too serious right now,neutral
Today I am managing somehow for now,neutral
Today I am managing somehow for now today,neutral
Today I am managing somehow for now right now,neutral
Today I am fine I guess,neutral
Today I am fine I guess today,neutral
Today I am fine I guess right now,neutral
Today I am fine I guess overall,neutral
Today I am fine I guess overall today,neutral
Today I am fine I guess overall right now,neutral
Today I am fine I guess at the moment,neutral
Today I am fine I guess at the moment today,neutral
Today I am fine I guess at the moment right now,neutral
Today I am fine I guess nothing too serious,neutral
Today I am fine I guess nothing too serious today,neutral
Today I am fine I guess nothing too serious right now,neutral
Today I am fine I guess for now,neutral
Today I am fine I guess for now today,neutral
Today I am fine I guess for now right now,neutral
Today I am just checking in,neutral
Today I am just checking in today,neutral
Today I am just checking in right now,neutral
Today I am just checking in overall,neutral
Today I am just checking in overall today,neutral
Today I am just checking in overall right now,neutral
Today I am just checking in at the moment,neutral
Today I am just checking in at the moment today,neutral
Today I am just checking in at the moment right now,neutral
Today I am just checking in nothing too serious,neutral
Today I am just checking in nothing too serious today,neutral
Today I am just checking in nothing too serious right now,neutral
Today I am just checking in for now,neutral
Today I am just checking in for now today,neutral
Today I am just checking in for now right now,neutral
Today I am a little under the weather but stable,neutral
Today I am a little under the weather but stable today,neutral
Today I am a little under the weather but stable right now,neutral
Today I am a little under the weather but stable overall,neutral
Today I am a little under the weather but stable overall today,neutral
Today I am a little under the weather but stable overall right now,neutral
Today I am a little under the weather but stable at the moment,neutral
Today I am a little under the weather but stable at the moment today,neutral
Today I am a little under the weather but stable at the moment right now,neutral
Today I am a little under the weather but stable nothing too serious,neutral
Today I am a little under the weather but stable nothing too serious today,neutral
Today I am a little under the weather but stable nothing too serious right now,neutral
Today I am a little under the weather but stable for now,neutral
Today I am a little under the weather but stable for now today,neutral
Today I am a little under the weather but stable for now right now,neutral
I feel okay,neutral
I feel okay today,neutral
I feel okay right now,neutral
I feel okay overall,neutral
I feel okay overall today,neutral
I feel okay overall right now,neutral
I feel okay at the moment,neutral
I feel okay at the moment today,neutral
I feel okay at the moment right now,neutral
I feel okay nothing too serious,neutral
I feel okay nothing too serious today,neutral
I feel okay nothing too serious right now,neutral
I feel okay for now,neutral
I feel okay for now today,neutral
I feel okay for now right now,neutral
I feel just normal,neutral
I feel just normal today,neutral
I feel just normal right now,neutral
I feel just normal overall,neutral
I feel just normal overall today,neutral
I feel just normal overall right now,neutral
I feel just normal at the moment,neutral
I feel just normal at the moment today,neutral
I feel just normal at the moment right now,neutral
I feel just normal nothing too serious,neutral
I feel just normal nothing too serious today,neutral
I feel just normal nothing too serious right now,neutral
I feel just normal for now,neutral
I feel just normal for now today,neutral
I feel just normal for now right now,neutral
I feel not sure how I feel,neutral
I feel not sure how I feel today,neutral
I feel not sure how I feel right now,neutral
I feel not sure how I feel overall,neutral
I feel not sure how I feel overall today,neutral
I feel not sure how I feel overall right now,neutral
I feel not sure how I feel at the moment,neutral
I feel not sure how I feel at the moment today,neutral
I feel not sure how I feel at the moment right now,neutral
I feel not sure how I feel nothing too serious,neutral
I feel not sure how I feel nothing too serious today,neutral
I feel not sure how I feel nothing too serious right now,neutral
I feel not sure how I feel for now,neutral
I feel not sure how I feel for now today,neutral
I feel not sure how I feel for now right now,neutral
I feel managing somehow,neutral
I feel managing somehow today,neutral
I feel managing somehow right now,neutral
I feel managing somehow overall,neutral
I feel managing somehow overall today,neutral
I feel managing somehow overall right now,neutral
I feel managing somehow at the moment,neutral
I feel managing somehow at the moment today,neutral
I feel managing somehow at the moment right now,neutral
I feel managing somehow nothing too serious,neutral
I feel managing somehow nothing too serious today,neutral
I feel managing somehow nothing too serious right now,neutral
I feel managing somehow for now,neutral
I feel managing somehow for now today,neutral
I feel managing somehow for now right now,neutral
I feel fine I guess,neutral
I feel fine I guess today,neutral
I feel fine I guess right now,neutral
I feel fine I guess overall,neutral
I feel fine I guess overall today,neutral
I feel fine I guess overall right now,neutral
I feel fine I guess at the moment,neutral
I feel fine I guess at the moment today,neutral
I feel fine I guess at the moment right now,neutral
I feel fine I guess nothing too serious,neutral
I feel fine I guess nothing too serious today,neutral
I feel fine I guess nothing too serious right now,neutral
I feel fine I guess for now,neutral
I feel fine I guess for now today,neutral
I feel fine I guess for now right now,neutral
I feel just checking in,neutral
I feel just checking in today,neutral
I feel just checking in right now,neutral
I feel just checking in overall,neutral
I feel just checking in overall today,neutral
I feel just checking in overall right now,neutral
I feel just checking in at the moment,neutral
I feel just checking in at the moment today,neutral
I feel just checking in at the moment right now,neutral
I feel just checking in nothing too serious,neutral
I feel just checking in nothing too serious today,neutral
I feel just checking in nothing too serious right now,neutral
I feel just checking in for now,neutral
I feel just checking in for now today,neutral
I feel just checking in for now right now,neutral
I feel a little under the weather but stable,neutral
I feel a little under the weather but stable today,neutral
I feel a little under the weather but stable right now,neutral
I feel a little under the weather but stable overall,neutral
I feel a little under the weather but stable overall today,neutral
I feel a little under the weather but stable overall right now,neutral
I feel a little under the weather but stable at the moment,neutral
I feel a little under the weather but stable at the moment today,neutral
I feel a little under the weather but stable at the moment right now,neutral
I feel a little under the weather but stable nothing too serious,neutral
I feel a little under the weather but stable nothing too serious today,neutral
I feel a little under the weather but stable nothing too serious right now,neutral
I feel a little under the weather but stable for now,neutral
I feel a little under the weather but stable for now today,neutral
I feel a little under the weather but stable for now right now,neutral
Right now I feel okay,neutral
Right now I feel okay today,neutral
Right now I feel okay right now,neutral
Right now I feel okay overall,neutral
Right now I feel okay overall today,neutral
Right now I feel okay overall right now,neutral
Right now I feel okay at the moment,neutral
Right now I feel okay at the moment today,neutral
Right now I feel okay at the moment right now,neutral
Right now I feel okay nothing too serious,neutral
Right now I feel okay nothing too serious today,neutral
Right now I feel okay nothing too serious right now,neutral
Right now I feel okay for now,neutral
Right now I feel okay for now today,neutral
Right now I feel okay for now right now,neutral
Right now I feel just normal,neutral
Right now I feel just normal today,neutral
Right now I feel just normal right now,neutral
Right now I feel just normal overall,neutral
Right now I feel just normal overall today,neutral
Right now I feel just normal overall right now,neutral
Right now I feel just normal at the moment,neutral
Right now I feel just normal at the moment today,neutral
Right now I feel just normal at the moment right now,neutral
Right now I feel just normal nothing too serious,neutral
Right now I feel just normal nothing too serious today,neutral
Right now I feel just normal nothing too serious right now,neutral
Right now I feel just normal for now,neutral
Right now I feel just normal for now today,neutral
Right now I feel just normal for now right now,neutral
Right now I feel not sure how I feel,neutral
Right now I feel not sure how I feel today,neutral
Right now I feel not sure how I feel right now,neutral
Right now I feel not sure how I feel overall,neutral
Right now I feel not sure how I feel overall today,neutral
Right now I feel not sure how I feel overall right now,neutral
Right now I feel not sure how I feel at the moment,neutral
Right now I feel not sure how I feel at the moment today,neutral
Right now I feel not sure how I feel at the moment right now,neutral
Right now I feel not sure how I feel nothing too serious,neutral
Right now I feel not sure how I feel nothing too serious today,neutral
Right now I feel not sure how I feel nothing too serious right now,neutral
Right now I feel not sure how I feel for now,neutral
Right now I feel not sure how I feel for now today,neutral
Right now I feel not sure how I feel for now right now,neutral
Right now I feel managing somehow,neutral
Right now I feel managing somehow today,neutral
Right now I feel managing somehow right now,neutral
Right now I feel managing somehow overall,neutral
Right now I feel managing somehow overall today,neutral
Right now I feel managing somehow overall right now,neutral
Right now I feel managing somehow at the moment,neutral
Right now I feel managing somehow at the moment today,neutral
Right now I feel managing somehow at the moment right now,neutral
Right now I feel managing somehow nothing too serious,neutral
Right now I feel managing somehow nothing too serious today,neutral
Right now I feel managing somehow nothing too serious right now,neutral
Right now I feel managing somehow for now,neutral
Right now I feel managing somehow for now today,neutral
Right now I feel managing somehow for now right now,neutral
Right now I feel fine I guess,neutral
Right now I feel fine I guess today,neutral
Right now I feel fine I guess right now,neutral
Right now I feel fine I guess overall,neutral
Right now I feel fine I guess overall today,neutral
Right now I feel fine I guess overall right now,neutral
Right now I feel fine I guess at the moment,neutral
Right now I feel fine I guess at the moment today,neutral
Right now I feel fine I guess at the moment right now,neutral
Right now I feel fine I guess nothing too serious,neutral
Right now I feel fine I guess nothing too serious today,neutral
Right now I feel fine I guess nothing too serious right now,neutral
Right now I feel fine I guess for now,neutral
Right now I feel fine I guess for now today,neutral
Right now I feel fine I guess for now right now,neutral
Right now I feel just checking in,neutral
Right now I feel just checking in today,neutral
Right now I feel just checking in right now,neutral
Right now I feel just checking in overall,neutral
Right now I feel just checking in overall today,neutral
Right now I feel just checking in overall right now,neutral
Right now I feel just checking in at the moment,neutral
Right now I feel just checking in at the moment today,neutral
Right now I feel just checking in at the moment right now,neutral
Right now I feel just checking in nothing too serious,neutral
Right now I feel just checking in nothing too serious today,neutral
Right now I feel just checking in nothing too serious right now,neutral
Right now I feel just checking in for now,neutral
Right now I feel just checking in for now today,neutral
Right now I feel just checking in for now right now,neutral
Right now I feel a little under the weather but stable,neutral
Right now I feel a little under the weather but stable today,neutral
Right now I feel a little under the weather but stable right now,neutral
Right now I feel a little under the weather but stable overall,neutral
Right now I feel a little under the weather but stable overall today,neutral
Right now I feel a little under the weather but stable overall right now,neutral
Right now I feel a little under the weather but stable at the moment,neutral
Right now I feel a little under the weather but stable at the moment today,neutral
Right now I feel a little under the weather but stable at the moment right now,neutral
Right now I feel a little under the weather but stable nothing too serious,neutral
Right now I feel a little under the weather but stable nothing too serious today,neutral
Right now I feel a little under the weather but stable nothing too serious right now,neutral
Right now I feel a little under the weather but stable for now,neutral
Right now I feel a little under the weather but stable for now today,neutral
Right now I feel a little under the weather but stable for now right now,neutral
Things are okay,neutral
Things are okay today,neutral
Things are okay right now,neutral
Things are okay overall,neutral
Things are okay overall today,neutral
Things are okay overall right now,neutral
Things are okay at the moment,neutral
Things are okay at the moment today,neutral
Things are okay at the moment right now,neutral
Things are okay nothing too serious,neutral
Things are okay nothing too serious today,neutral
Things are okay nothing too serious right now,neutral
Things are okay for now,neutral
Things are okay for now today,neutral
Things are okay for now right now,neutral
Things are just normal,neutral
Things are just normal today,neutral
Things are just normal right now,neutral
Things are just normal overall,neutral
Things are just normal overall today,neutral
Things are just normal overall right now,neutral
Things are just normal at the moment,neutral
Things are just normal at the moment today,neutral
Things are just normal at the moment right now,neutral
Things are just normal nothing too serious,neutral
Things are just normal nothing too serious today,neutral
Things are just normal nothing too serious right now,neutral
Things are just normal for now,neutral
Things are just normal for now today,neutral
Things are just normal for now right now,neutral
Things are not sure how I feel,neutral
Things are not sure how I feel today,neutral
Things are not sure how I feel right now,neutral
Things are not sure how I feel overall,neutral
Things are not sure how I feel overall today,neutral
Things are not sure how I feel overall right now,neutral
Things are not sure how I feel at the moment,neutral
Things are not sure how I feel at the moment today,neutral
Things are not sure how I feel at the moment right now,neutral
Things are not sure how I feel nothing too serious,neutral
Things are not sure how I feel nothing too serious today,neutral
Things are not sure how I feel nothing too serious right now,neutral
Things are not sure how I feel for now,neutral
Things are not sure how I feel for now today,neutral
Things are not sure how I feel for now right now,neutral
Things are managing somehow,neutral
Things are managing somehow today,neutral
Things are managing somehow right now,neutral
Things are managing somehow overall,neutral
Things are managing somehow overall today,neutral
Things are managing somehow overall right now,neutral
Things are managing somehow at the moment,neutral
Things are managing somehow at the moment today,neutral
Things are managing somehow at the moment right now,neutral
Things are managing somehow nothing too serious,neutral
Things are managing somehow nothing too serious today,neutral
Things are managing somehow nothing too serious right now,neutral
Things are managing somehow for now,neutral
Things are managing somehow for now today,neutral
Things are managing somehow for now right now,neutral
Things are fine I guess,neutral
Things are fine I guess today,neutral
Things are fine I guess right now,neutral
Things are fine I guess overall,neutral
Things are fine I guess overall today,neutral
Things are fine I guess overall right now,neutral
Things are fine I guess at the moment,neutral
Things are fine I guess at the moment today,neutral
Things are fine I guess at the moment right now,neutral
Things are fine I guess nothing too serious,neutral
Things are fine I guess nothing too serious today,neutral
Things are fine I guess nothing too serious right now,neutral
Things are fine I guess for now,neutral
Things are fine I guess for now today,neutral
Things are fine I guess for now right now,neutral
Things are just checking in,neutral
Things are just checking in today,neutral
Things are just checking in right now,neutral
Things are just checking in overall,neutral
Things are just checking in overall today,neutral
Things are just checking in overall right now,neutral
Things are just checking in at the moment,neutral
Things are just checking in at the moment today,neutral
Things are just checking in at the moment right now,neutral
Things are just checking in nothing too serious,neutral
Things are just checking in nothing too serious today,neutral
Things are just checking in nothing too serious right now,neutral
Things are just checking in for now,neutral
Things are just checking in for now today,neutral
Things are just checking in for now right now,neutral
Things are a little under the weather but stable,neutral
Things are a little under the weather but stable today,neutral
Things are a little under the weather but stable right now,neutral
Things are a little under the weather but stable overall,neutral
Things are a little under the weather but stable overall today,neutral
Things are a little under the weather but stable overall right now,neutral
Things are a little under the weather but stable at the moment,neutral
Things are a little under the weather but stable at the moment today,neutral
Things are a little under the weather but stable at the moment right now,neutral
Things are a little under the weather but stable nothing too serious,neutral
Things are a little under the weather but stable nothing too serious today,neutral
Things are a little under the weather but stable nothing too serious right now,neutral
Things are a little under the weather but stable for now,neutral
Things are a little under the weather but stable for now today,neutral
Things are a little under the weather but stable for now right now,neutral
I feel calm and hopeful,positive
I feel calm and hopeful right now,positive
I feel calm and hopeful for the first time in days,positive
I feel calm and hopeful after resting,positive
I feel calm and hopeful after resting right now,positive
I feel calm and hopeful after resting for the first time in days,positive
I feel calm and hopeful after talking to someone,positive
I feel calm and hopeful after talking to someone right now,positive
I feel calm and hopeful after talking to someone for the first time in days,positive
I feel calm and hopeful today,positive
I feel calm and hopeful today right now,positive
I feel calm and hopeful today for the first time in days,positive
I feel calm and hopeful and things are improving,positive
I feel calm and hopeful and things are improving right now,positive
I feel calm and hopeful and things are improving for the first time in days,positive
I feel better than before,positive
I feel better than before right now,positive
I feel better than before for the first time in days,positive
I feel better than before after resting,positive
I feel better than before after resting right now,positive
I feel better than before after resting for the first time in days,positive
I feel better than before after talking to someone,positive
I feel better than before after talking to someone right now,positive
I feel better than before after talking to someone for the first time in days,positive
I feel better than before today,positive
I feel better than before today right now,positive
I feel better than before today for the first time in days,positive
I feel better than before and things are improving,positive
I feel better than before and things are improving right now,positive
I feel better than before and things are improving for the first time in days,positive
I feel grateful and supported,positive
I feel grateful and supported right now,positive
I feel grateful and supported for the first time in days,positive
I feel grateful and supported after resting,positive
I feel grateful and supported after resting right now,positive
I feel grateful and supported after resting for the first time in days,positive
I feel grateful and supported after talking to someone,positive
I feel grateful and supported after talking to someone right now,positive
I feel grateful and supported after talking to someone for the first time in days,positive
I feel grateful and supported today,positive
I feel grateful and supported today right now,positive
I feel grateful and supported today for the first time in days,positive
I feel grateful and supported and things are improving,positive
I feel grateful and supported and things are improving right now,positive
I feel grateful and supported and things are improving for the first time in days,positive
I feel happy and relaxed,positive
I feel happy and relaxed right now,positive
I feel happy and relaxed for the first time in days,positive
I feel happy and relaxed after resting,positive
I feel happy and relaxed after resting right now,positive
I feel happy and relaxed after resting for the first time in days,positive
I feel happy and relaxed after talking to someone,positive
I feel happy and relaxed after talking to someone right now,positive
I feel happy and relaxed after talking to someone for the first time in days,positive
I feel happy and relaxed today,positive
I feel happy and relaxed today right now,positive
I feel happy and relaxed today for the first time in days,positive
I feel happy and relaxed and things are improving,positive
I feel happy and relaxed and things are improving right now,positive
I feel happy and relaxed and things are improving for the first time in days,positive
I feel more in control,positive
I feel more in control right now,positive
I feel more in control for the first time in days,positive
I feel more in control after resting,positive
I feel more in control after resting right now,positive
I feel more in control after resting for the first time in days,positive
I feel more in control after talking to someone,positive
I feel more in control after talking to someone right now,positive
I feel more in control after talking to someone for the first time in days,positive
I feel more in control today,positive
I feel more in control today right now,positive
I feel more in control today for the first time in days,positive
I feel more in control and things are improving,positive
I feel more in control and things are improving right now,positive
I feel more in control and things are improving for the first time in days,positive
I feel strong enough to handle today,positive
I feel strong enough to handle today right now,positive
I feel strong enough to handle today for the first time in days,positive
I feel strong enough to handle today after resting,positive
I feel strong enough to handle today after resting right now,positive
I feel strong enough to handle today after resting for the first time in days,positive
I feel strong enough to handle today after talking to someone,positive
I feel strong enough to handle today after talking to someone right now,positive
I feel strong enough to handle today after talking to someone for the first time in days,positive
I feel strong enough to handle today today,positive
I feel strong enough to handle today today right now,positive
I feel strong enough to handle today today for the first time in days,positive
I feel strong enough to handle today and things are improving,positive
I feel strong enough to handle today and things are improving right now,positive
I feel strong enough to handle today and things are improving for the first time in days,positive
I feel relieved that my fever is going down,positive
I feel relieved that my fever is going down right now,positive
I feel relieved that my fever is going down for the first time in days,positive
I feel relieved that my fever is going down after resting,positive
I feel relieved that my fever is going down after resting right now,positive
I feel relieved that my fever is going down after resting for the first time in days,positive
I feel relieved that my fever is going down after talking to someone,positive
I feel relieved that my fever is going down after talking to someone right now,positive
I feel relieved that my fever is going down after talking to someone for the first time in days,positive
I feel relieved that my fever is going down today,positive
I feel relieved that my fever is going down today right now,positive
I feel relieved that my fever is going down today for the first time in days,positive
I feel relieved that my fever is going down and things are improving,positive
I feel relieved that my fever is going down and things are improving right now,positive
I feel relieved that my fever is going down and things are improving for the first time in days,positive
I feel glad that I am recovering from this cold,positive
I feel glad that I am recovering from this cold right now,positive
I feel glad that I am recovering from this cold for the first time in days,positive
I feel glad that I am recovering from this cold after resting,positive
I feel glad that I am recovering from this cold after resting right now,positive
I feel glad that I am recovering from this cold after resting for the first time in days,positive
I feel glad that I am recovering from this cold after talking to someone,positive
I feel glad that I am recovering from this cold after talking to someone right now,positive
I feel glad that I am recovering from this cold after talking to someone for the first time in days,positive
I feel glad that I am recovering from this cold today,positive
I feel glad that I am recovering from this cold today right now,positive
I feel glad that I am recovering from this cold today for the first time in days,positive
I feel glad that I am recovering from this cold and things are improving,positive
I feel glad that I am recovering from this cold and things are improving right now,positive
I feel glad that I am recovering from this cold and things are improving for the first time in days,positive
Today I feel calm and hopeful,positive
Today I feel calm and hopeful right now,positive
Today I feel calm and hopeful for the first time in days,positive
Today I feel calm and hopeful after resting,positive
Today I feel calm and hopeful after resting right now,positive
Today I feel calm and hopeful after resting for the first time in days,positive
Today I feel calm and hopeful after talking to someone,positive
Today I feel calm and hopeful after talking to someone right now,positive
Today I feel calm and hopeful after talking to someone for the first time in days,positive
Today I feel calm and hopeful today,positive
Today I feel calm and hopeful today right now,positive
Today I feel calm and hopeful today for the first time in days,positive
Today I feel calm and hopeful and things are improving,positive
Today I feel calm and hopeful and things are improving right now,positive
Today I feel calm and hopeful and things are improving for the first time in days,positive
Today I feel better than before,positive
Today I feel better than before right now,positive
Today I feel better than before for the first time in days,positive
Today I feel better than before after resting,positive
Today I feel better than before after resting right now,positive
Today I feel better than before after resting for the first time in days,positive
Today I feel better than before after talking to someone,positive
Today I feel better than before after talking to someone right now,positive
Today I feel better than before after talking to someone for the first time in days,positive
Today I feel better than before today,positive
Today I feel better than before today right now,positive
Today I feel better than before today for the first time in days,positive
Today I feel better than before and things are improving,positive
Today I feel better than before and things are improving right now,positive
Today I feel better than before and things are improving for the first time in days,positive
Today I feel grateful and supported,positive
Today I feel grateful and supported right now,positive
Today I feel grateful and supported for the first time in days,positive
Today I feel grateful and supported after resting,positive
Today I feel grateful and supported after resting right now,positive
Today I feel grateful and supported after resting for the first time in days,positive
Today I feel grateful and supported after talking to someone,positive
Today I feel grateful and supported after talking to someone right now,positive
Today I feel grateful and supported after talking to someone for the first time in days,positive
Today I feel grateful and supported today,positive
Today I feel grateful and supported today right now,positive
Today I feel grateful and supported today for the first time in days,positive
Today I feel grateful and supported and things are improving,positive
Today I feel grateful and supported and things are improving right now,positive
Today I feel grateful and supported and things are improving for the first time in days,positive
Today I feel happy and relaxed,positive
Today I feel happy and relaxed right now,positive
Today I feel happy and relaxed for the first time in days,positive
Today I feel happy and relaxed after resting,positive
Today I feel happy and relaxed after resting right now,positive
Today I feel happy and relaxed after resting for the first time in days,positive
Today I feel happy and relaxed after talking to someone,positive
Today I feel happy and relaxed after talking to someone right now,positive
Today I feel happy and relaxed after talking to someone for the first time in days,positive
Today I feel happy and relaxed today,positive
Today I feel happy and relaxed today right now,positive
Today I feel happy and relaxed today for the first time in days,positive
Today I feel happy and relaxed and things are improving,positive
Today I feel happy and relaxed and things are improving right now,positive
Today I feel happy and relaxed and things are improving for the first time in days,positive
Today I feel more in control,positive
Today I feel more in control right now,positive
Today I feel more in control for the first time in days,positive
Today I feel more in control after resting,positive
Today I feel more in control after resting right now,positive
Today I feel more in control after resting for the first time in days,positive
Today I feel more in control after talking to someone,positive
Today I feel more in control after talking to someone right now,positive
Today I feel more in control after talking to someone for the first time in days,positive
Today I feel more in control today,positive
Today I feel more in control today right now,positive
Today I feel more in control today for the first time in days,positive
Today I feel more in control and things are improving,positive
Today I feel more in control and things are improving right now,positive
Today I feel more in control and things are improving for the first time in days,positive
Today I feel strong enough to handle today,positive
Today I feel strong enough to handle today right now,positive
Today I feel strong enough to handle today for the first time in days,positive
Today I feel strong enough to handle today after resting,positive
Today I feel strong enough to handle today after resting right now,positive
Today I feel strong enough to handle today after resting for the first time in days,positive
Today I feel strong enough to handle today after talking to someone,positive
Today I feel strong enough to handle today after talking to someone right now,positive
Today I feel strong enough to handle today after talking to someone for the first time in days,positive
Today I feel strong enough to handle today today,positive
Today I feel strong enough to handle today today right now,positive
Today I feel strong enough to handle today today for the first time in days,positive
Today I feel strong enough to handle today and things are improving,positive
Today I feel strong enough to handle today and things are improving right now,positive
Today I feel strong enough to handle today and things are improving for the first time in days,positive
Today I feel relieved that my fever is going down,positive
Today I feel relieved that my fever is going down right now,positive
Today I feel relieved that my fever is going down for the first time in days,positive
Today I feel relieved that my fever is going down after resting,positive
Today I feel relieved that my fever is going down after resting right now,positive
Today I feel relieved that my fever is going down after resting for the first time in days,positive
Today I feel relieved that my fever is going down after talking to someone,positive
Today I feel relieved that my fever is going down after talking to someone right now,positive
Today I feel relieved that my fever is going down after talking to someone for the first time in days,positive
Today I feel relieved that my fever is going down today,positive
Today I feel relieved that my fever is going down today right now,positive
Today I feel relieved that my fever is going down today for the first time in days,positive
Today I feel relieved that my fever is going down and things are improving,positive
Today I feel relieved that my fever is going down and things are improving right now,positive
Today I feel relieved that my fever is going down and things are improving for the first time in days,positive
Today I feel glad that I am recovering from this cold,positive
Today I feel glad that I am recovering from this cold right now,positive
Today I feel glad that I am recovering from this cold for the first time in days,positive
Today I feel glad that I am recovering from this cold after resting,positive
Today I feel glad that I am recovering from this cold after resting right now,positive
Today I feel glad that I am recovering from this cold after resting for the first time in days,positive
Today I feel glad that I am recovering from this cold after talking to someone,positive
Today I feel glad that I am recovering from this cold after talking to someone right now,positive
Today I feel glad that I am recovering from this cold after talking to someone for the first time in days,positive
Today I feel glad that I am recovering from this cold today,positive
Today I feel glad that I am recovering from this cold today right now,positive
Today I feel glad that I am recovering from this cold today for the first time in days,positive
Today I feel glad that I am recovering from this cold and things are improving,positive
Today I feel glad that I am recovering from this cold and things are improving right now,positive
Today I feel glad that I am recovering from this cold and things are improving for the first time in days,positive
Right now I feel calm and hopeful,positive
Right now I feel calm and hopeful right now,positive
Right now I feel calm and hopeful for the first time in days,positive
Right now I feel calm and hopeful after resting,positive
Right now I feel calm and hopeful after resting right now,positive
Right now I feel calm and hopeful after resting for the first time in days,positive
Right now I feel calm and hopeful after talking to someone,positive
Right now I feel calm and hopeful after talking to someone right now,positive
Right now I feel calm and hopeful after talking to someone for the first time in days,positive
Right now I feel calm and hopeful today,positive
Right now I feel calm and hopeful today right now,positive
Right now I feel calm and hopeful today for the first time in days,positive
Right now I feel calm and hopeful and things are improving,positive
Right now I feel calm and hopeful and things are improving right now,positive
Right now I feel calm and hopeful and things are improving for the first time in days,positive
Right now I feel better than before,positive
Right now I feel better than before right now,positive
Right now I feel better than before for the first time in days,positive
Right now I feel better than before after resting,positive
Right now I feel better than before after resting right now,positive
Right now I feel better than before after resting for the first time in days,positive
Right now I feel better than before after talking to someone,positive
Right now I feel better than before after talking to someone right now,positive
Right now I feel better than before after talking to someone for the first time in days,positive
Right now I feel better than before today,positive
Right now I feel better than before today right now,positive
Right now I feel better than before today for the first time in days,positive
Right now I feel better than before and things are improving,positive
Right now I feel better than before and things are improving right now,positive
Right now I feel better than before and things are improving for the first time in days,positive
Right now I feel grateful and supported,positive
Right now I feel grateful and supported right now,positive
Right now I feel grateful and supported for the first time in days,positive
Right now I feel grateful and supported after resting,positive
Right now I feel grateful and supported after resting right now,positive
Right now I feel grateful and supported after resting for the first time in days,positive
Right now I feel grateful and supported after talking to someone,positive
Right now I feel grateful and supported after talking to someone right now,positive
Right now I feel grateful and supported after talking to someone for the first time in days,positive
Right now I feel grateful and supported today,positive
Right now I feel grateful and supported today right now,positive
Right now I feel grateful and supported today for the first time in days,positive
Right now I feel grateful and supported and things are improving,positive
Right now I feel grateful and supported and things are improving right now,positive
Right now I feel grateful and supported and things are improving for the first time in days,positive
Right now I feel happy and relaxed,positive
Right now I feel happy and relaxed right now,positive
Right now I feel happy and relaxed for the first time in days,positive
Right now I feel happy and relaxed after resting,positive
Right now I feel happy and relaxed after resting right now,positive
Right now I feel happy and relaxed after resting for the first time in days,positive
Right now I feel happy and relaxed after talking to someone,positive
Right now I feel happy and relaxed after talking to someone right now,positive
Right now I feel happy and relaxed after talking to someone for the first time in days,positive
Right now I feel happy and relaxed today,positive
Right now I feel happy and relaxed today right now,positive
Right now I feel happy and relaxed today for the first time in days,positive
Right now I feel happy and relaxed and things are improving,positive
Right now I feel happy and relaxed and things are improving right now,positive
Right now I feel happy and relaxed and things are improving for the first time in days,positive
Right now I feel more in control,positive
Right now I feel more in control right now,positive
Right now I feel more in control for the first time in days,positive
Right now I feel more in control after resting,positive
Right now I feel more in control after resting right now,positive
Right now I feel more in control after resting for the first time in days,positive
Right now I feel more in control after talking to someone,positive
Right now I feel more in control after talking to someone right now,positive
Right now I feel more in control after talking to someone for the first time in days,positive
Right now I feel more in control today,positive
Right now I feel more in control today right now,positive
Right now I feel more in control today for the first time in days,positive
Right now I feel more in control and things are improving,positive
Right now I feel more in control and things are improving right now,positive
Right now I feel more in control and things are improving for the first time in days,positive
Right now I feel strong enough to handle today,positive
Right now I feel strong enough to handle today right now,positive
Right now I feel strong enough to handle today for the first time in days,positive
Right now I feel strong enough to handle today after resting,positive
Right now I feel strong enough to handle today after resting right now,positive
Right now I feel strong enough to handle today after resting for the first time in days,positive
Right now I feel strong enough to handle today after talking to someone,positive
Right now I feel strong enough to handle today after talking to someone right now,positive
Right now I feel strong enough to handle today after talking to someone for the first time in days,positive
Right now I feel strong enough to handle today today,positive
Right now I feel strong enough to handle today today right now,positive
Right now I feel strong enough to handle today today for the first time in days,positive
Right now I feel strong enough to handle today and things are improving,positive
Right now I feel strong enough to handle today and things are improving right now,positive
Right now I feel strong enough to handle today and things are improving for the first time in days,positive
Right now I feel relieved that my fever is going down,positive
Right now I feel relieved that my fever is going down right now,positive
Right now I feel relieved that my fever is going down for the first time in days,positive
Right now I feel relieved that my fever is going down after resting,positive
Right now I feel relieved that my fever is going down after resting right now,positive
Right now I feel relieved that my fever is going down after resting for the first time in days,positive
Right now I feel relieved that my fever is going down after talking to someone,positive
Right now I feel relieved that my fever is going down after talking to someone right now,positive
Right now I feel relieved that my fever is going down after talking to someone for the first time in days,positive
Right now I feel relieved that my fever is going down today,positive
Right now I feel relieved that my fever is going down today right now,positive
Right now I feel relieved that my fever is going down today for the first time in days,positive
Right now I feel relieved that my fever is going down and things are improving,positive
Right now I feel relieved that my fever is going down and things are improving right now,positive
Right now I feel relieved that my fever is going down and things are improving for the first time in days,positive
Right now I feel glad that I am recovering from this cold,positive
Right now I feel glad that I am recovering from this cold right now,positive
Right now I feel glad that I am recovering from this cold for the first time in days,positive
Right now I feel glad that I am recovering from this cold after resting,positive
Right now I feel glad that I am recovering from this cold after resting right now,positive
Right now I feel glad that I am recovering from this cold after resting for the first time in days,positive
Right now I feel glad that I am recovering from this cold after talking to someone,positive
Right now I feel glad that I am recovering from this cold after talking to someone right now,positive
Right now I feel glad that I am recovering from this cold after talking to someone for the first time in days,positive
Right now I feel glad that I am recovering from this cold today,positive
Right now I feel glad that I am recovering from this cold today right now,positive
Right now I feel glad that I am recovering from this cold today for the first time in days,positive
Right now I feel glad that I am recovering from this cold and things are improving,positive
Right now I feel glad that I am recovering from this cold and things are improving right now,positive
Right now I feel glad that I am recovering from this cold and things are improving for the first time in days,positive
Lately I feel calm and hopeful,positive
Lately I feel calm and hopeful right now,positive
Lately I feel calm and hopeful for the first time in days,positive
Lately I feel calm and hopeful after resting,positive
Lately I feel calm and hopeful after resting right now,positive
Lately I feel calm and hopeful after resting for the first time in days,positive
Lately I feel calm and hopeful after talking to someone,positive
Lately I feel calm and hopeful after talking to someone right now,positive
Lately I feel calm and hopeful after talking to someone for the first time in days,positive
Lately I feel calm and hopeful today,positive
Lately I feel calm and hopeful today right now,positive
Lately I feel calm and hopeful today for the first time in days,positive
Lately I feel calm and hopeful and things are improving,positive
Lately I feel calm and hopeful and things are improving right now,positive
Lately I feel calm and hopeful and things are improving for the first time in days,positive
Lately I feel better than before,positive
Lately I feel better than before right now,positive
Lately I feel better than before for the first time in days,positive
Lately I feel better than before after resting,positive
Lately I feel better than before after resting right now,positive
Lately I feel better than before after resting for the first time in days,positive
Lately I feel better than before after talking to someone,positive
Lately I feel better than before after talking to someone right now,positive
Lately I feel better than before after talking to someone for the first time in days,positive
Lately I feel better than before today,positive
Lately I feel better than before today right now,positive
Lately I feel better than before today for the first time in days,positive
Lately I feel better than before and things are improving,positive
Lately I feel better than before and things are improving right now,positive
Lately I feel better than before and things are improving for the first time in days,positive
Lately I feel grateful and supported,positive
Lately I feel grateful and supported right now,positive
Lately I feel grateful and supported for the first time in days,positive
Lately I feel grateful and supported after resting,positive
Lately I feel grateful and supported after resting right now,positive
Lately I feel grateful and supported after resting for the first time in days,positive
Lately I feel grateful and supported after talking to someone,positive
Lately I feel grateful and supported after talking to someone right now,positive
Lately I feel grateful and supported after talking to someone for the first time in days,positive
Lately I feel grateful and supported today,positive
Lately I feel grateful and supported today right now,positive
Lately I feel grateful and supported today for the first time in days,positive
Lately I feel grateful and supported and things are improving,positive
Lately I feel grateful and supported and things are improving right now,positive
Lately I feel grateful and supported and things are improving for the first time in days,positive
Lately I feel happy and relaxed,positive
Lately I feel happy and relaxed right now,positive
Lately I feel happy and relaxed for the first time in days,positive
Lately I feel happy and relaxed after resting,positive
Lately I feel happy and relaxed after resting right now,positive
Lately I feel happy and relaxed after resting for the first time in days,positive
Lately I feel happy and relaxed after talking to someone,positive
Lately I feel happy and relaxed after talking to someone right now,positive
Lately I feel happy and relaxed after talking to someone for the first time in days,positive
Lately I feel happy and relaxed today,positive
Lately I feel happy and relaxed today right now,positive
Lately I feel happy and relaxed today for the first time in days,positive
Lately I feel happy and relaxed and things are improving,positive
Lately I feel happy and relaxed and things are improving right now,positive
Lately I feel happy and relaxed and things are improving for the first time in days,positive
Lately I feel more in control,positive
Lately I feel more in control right now,positive
Lately I feel more in control for the first time in days,positive
Lately I feel more in control after resting,positive
Lately I feel more in control after resting right now,positive
Lately I feel more in control after resting for the first time in days,positive
Lately I feel more in control after talking to someone,positive
Lately I feel more in control after talking to someone right now,positive
Lately I feel more in control after talking to someone for the first time in days,positive
Lately I feel more in control today,positive
Lately I feel more in control today right now,positive
Lately I feel more in control today for the first time in days,positive
Lately I feel more in control and things are improving,positive
Lately I feel more in control and things are improving right now,positive
Lately I feel more in control and things are improving for the first time in days,positive
Lately I feel strong enough to handle today,positive
Lately I feel strong enough to handle today right now,positive
Lately I feel strong enough to handle today for the first time in days,positive
Lately I feel strong enough to handle today after resting,positive
Lately I feel strong enough to handle today after resting right now,positive
Lately I feel strong enough to handle today after resting for the first time in days,positive
Lately I feel strong enough to handle today after talking to someone,positive
Lately I feel strong enough to handle today after talking to someone right now,positive
Lately I feel strong enough to handle today after talking to someone for the first time in days,positive
Lately I feel strong enough to handle today today,positive
Lately I feel strong enough to handle today today right now,positive
Lately I feel strong enough to handle today today for the first time in days,positive
Lately I feel strong enough to handle today and things are improving,positive
Lately I feel strong enough to handle today and things are improving right now,positive
Lately I feel strong enough to handle today and things are improving for the first time in days,positive
Lately I feel relieved that my fever is going down,positive
Lately I feel relieved that my fever is going down right now,positive
Lately I feel relieved that my fever is going down for the first time in days,positive
Lately I feel relieved that my fever is going down after resting,positive
Lately I feel relieved that my fever is going down after resting right now,positive
Lately I feel relieved that my fever is going down after resting for the first time in days,positive
Lately I feel relieved that my fever is going down after talking to someone,positive
Lately I feel relieved that my fever is going down after talking to someone right now,positive
Lately I feel relieved that my fever is going down after talking to someone for the first time in days,positive
Lately I feel relieved that my fever is going down today,positive
Lately I feel relieved that my fever is going down today right now,positive
Lately I feel relieved that my fever is going down today for the first time in days,positive
Lately I feel relieved that my fever is going down and things are improving,positive
Lately I feel relieved that my fever is going down and things are improving right now,positive
Lately I feel relieved that my fever is going down and things are improving for the first time in days,positive
Lately I feel glad that I am recovering from this cold,positive
Lately I feel glad that I am recovering from this cold right now,positive
Lately I feel glad that I am recovering from this cold for the first time in days,positive
Lately I feel glad that I am recovering from this cold after resting,positive
Lately I feel glad that I am recovering from this cold after resting right now,positive
Lately I feel glad that I am recovering from this cold after resting for the first time in days,positive
Lately I feel glad that I am recovering from this cold after talking to someone,positive
Lately I feel glad that I am recovering from this cold after talking to someone right now,positive
Lately I feel glad that I am recovering from this cold after talking to someone for the first time in days,positive
Lately I feel glad that I am recovering from this cold today,positive
Lately I feel glad that I am recovering from this cold today right now,positive
Lately I feel glad that I am recovering from this cold today for the first time in days,positive
Lately I feel glad that I am recovering from this cold and things are improving,positive
Lately I feel glad that I am recovering from this cold and things are improving right now,positive
Lately I feel glad that I am recovering from this cold and things are improving for the first time in days,positive
I am feeling calm and hopeful,positive
I am feeling calm and hopeful right now,positive
I am feeling calm and hopeful for the first time in days,positive
I am feeling calm and hopeful after resting,positive
I am feeling calm and hopeful after resting right now,positive
I am feeling calm and hopeful after resting for the first time in days,positive
I am feeling calm and hopeful after talking to someone,positive
I am feeling calm and hopeful after talking to someone right now,positive
I am feeling calm and hopeful after talking to someone for the first time in days,positive
I am feeling calm and hopeful today,positive
I am feeling calm and hopeful today right now,positive
I am feeling calm and hopeful today for the first time in days,positive
I am feeling calm and hopeful and things are improving,positive
I am feeling calm and hopeful and things are improving right now,positive
I am feeling calm and hopeful and things are improving for the first time in days,positive
I am feeling better than before,positive
I am feeling better than before right now,positive
I am feeling better than before for the first time in days,positive
I am feeling better than before after resting,positive
I am feeling better than before after resting right now,positive
I am feeling better than before after resting for the first time in days,positive
I am feeling better than before after talking to someone,positive
I am feeling better than before after talking to someone right now,positive
I am feeling better than before after talking to someone for the first time in days,positive
I am feeling better than before today,positive
I am feeling better than before today right now,positive
I am feeling better than before today for the first time in days,positive
I am feeling better than before and things are improving,positive
I am feeling better than before and things are improving right now,positive
I am feeling better than before and things are improving for the first time in days,positive
I am feeling grateful and supported,positive
I am feeling grateful and supported right now,positive
I am feeling grateful and supported for the first time in days,positive
I am feeling grateful and supported after resting,positive
I am feeling grateful and supported after resting right now,positive
I am feeling grateful and supported after resting for the first time in days,positive
I am feeling grateful and supported after talking to someone,positive
I am feeling grateful and supported after talking to someone right now,positive
I am feeling grateful and supported after talking to someone for the first time in days,positive
I am feeling grateful and supported today,positive
I am feeling grateful and supported today right now,positive
I am feeling grateful and supported today for the first time in days,positive
I am feeling grateful and supported and things are improving,positive
I am feeling grateful and supported and things are improving right now,positive
I am feeling grateful and supported and things are improving for the first time in days,positive
I am feeling happy and relaxed,positive
I am feeling happy and relaxed right now,positive
I am feeling happy and relaxed for the first time in days,positive
I am feeling happy and relaxed after resting,positive
I am feeling happy and relaxed after resting right now,positive
I am feeling happy and relaxed after resting for the first time in days,positive
I am feeling happy and relaxed after talking to someone,positive
I am feeling happy and relaxed after talking to someone right now,positive
I am feeling happy and relaxed after talking to someone for the first time in days,positive
I am feeling happy and relaxed today,positive
I am feeling happy and relaxed today right now,positive
I am feeling happy and relaxed today for the first time in days,positive
I am feeling happy and relaxed and things are improving,positive
I am feeling happy and relaxed and things are improving right now,positive
I am feeling happy and relaxed and things are improving for the first time in days,positive
I am feeling more in control,positive
I am feeling more in control right now,positive
I am feeling more in control for the first time in days,positive
I am feeling more in control after resting,positive
I am feeling more in control after resting right now,positive
I am feeling more in control after resting for the first time in days,positive
I am feeling more in control after talking to someone,positive
I am feeling more in control after talking to someone right now,positive
I am feeling more in control after talking to someone for the first time in days,positive
I am feeling more in control today,positive
I am feeling more in control today right now,positive
I am feeling more in control today for the first time in days,positive
I am feeling more in control and things are improving,positive
I am feeling more in control and things are improving right now,positive
I am feeling more in control and things are improving for the first time in days,positive
I am feeling strong enough to handle today,positive
I am feeling strong enough to handle today right now,positive
I am feeling strong enough to handle today for the first time in days,positive
I am feeling strong enough to handle today after resting,positive
I am feeling strong enough to handle today after resting right now,positive
I am feeling strong enough to handle today after resting for the first time in days,positive
I am feeling strong enough to handle today after talking to someone,positive
I am feeling strong enough to handle today after talking to someone right now,positive
I am feeling strong enough to handle today after talking to someone for the first time in days,positive
I am feeling strong enough to handle today today,positive
I am feeling strong enough to handle today today right now,positive
I am feeling strong enough to handle today today for the first time in days,positive
I am feeling strong enough to handle today and things are improving,positive
I am feeling strong enough to handle today and things are improving right now,positive
I am feeling strong enough to handle today and things are improving for the first time in days,positive
I am feeling relieved that my fever is going down,positive
I am feeling relieved that my fever is going down right now,positive
I am feeling relieved that my fever is going down for the first time in days,positive
I am feeling relieved that my fever is going down after resting,positive
I am feeling relieved that my fever is going down after resting right now,positive
I am feeling relieved that my fever is going down after resting for the first time in days,positive
I am feeling relieved that my fever is going down after talking to someone,positive
I am feeling relieved that my fever is going down after talking to someone right now,positive
I am feeling relieved that my fever is going down after talking to someone for the first time in days,positive
I am feeling relieved that my fever is going down today,positive
I am feeling relieved that my fever is going down today right now,positive
I am feeling relieved that my fever is going down today for the first time in days,positive
I am feeling relieved that my fever is going down and things are improving,positive
I am feeling relieved that my fever is going down and things are improving right now,positive
I am feeling relieved that my fever is going down and things are improving for the first time in days,positive
I am feeling glad that I am recovering from this cold,positive
I am feeling glad that I am recovering from this cold right now,positive
I am feeling glad that I am recovering from this cold for the first time in days,positive
I am feeling glad that I am recovering from this cold after resting,positive
I am feeling glad that I am recovering from this cold after resting right now,positive
I am feeling glad that I am recovering from this cold after resting for the first time in days,positive
I am feeling glad that I am recovering from this cold after talking to someone,positive
I am feeling glad that I am recovering from this cold after talking to someone right now,positive
I am feeling glad that I am recovering from this cold after talking to someone for the first time in days,positive
I am feeling glad that I am recovering from this cold today,positive
I am feeling glad that I am recovering from this cold today right now,positive
I am feeling glad that I am recovering from this cold today for the first time in days,positive
I am feeling glad that I am recovering from this cold and things are improving,positive
I am feeling glad that I am recovering from this cold and things are improving right now,positive
I am feeling glad that I am recovering from this cold and things are improving for the first time in days,positive
I want to die and there is no point anymore,very_negative
I hate myself and everything about my life,very_negative
I feel so sad and I have been crying all day,negative
I am anxious and stressed about everything,negative
I am kind of doing okay today,neutral
I feel really good today everything is great,positive
I am so happy and grateful right now,positive
